TEST#0,"""It is a test."""
ConnectErrorLabel#0,"""Communication Ewwow"""
ConnectErrorText#0,"""Disconnected fwom the sewvew. Wetuwning to titwe scween..."""
InvalidPasswordText#0,"""Invawid usew name ow passwowd."""
FailVersionText#0,"""Game vewsion did not match sewvew. Wetuwning to titwe."""
DnsError#0,"""DNS Ewwow"""
SignOut_Vita#0,"""Signed out from PlayStation® Network.<br>Return to title."""
SignOut_PS4#0,"""Signed out from PlayStation® Network.<br>Return to title."""
Resume_Vita#0,"""Server connection timed out.<br>Return to title."""
ErrorWindowText#0,"""※Fow ewwow infowmation and twoubweshooting, pwease wefew to the officiaw suppowt website."""
ErrorCodeText#0,"""Ewwow Code"""
OkButtonText#0,"""OK"""
WebButtonText#0,"""Visit Officiaw Site"""
ShopButtonText#0,"""Visit Puwchase Site"""
WebURL#0,"""<&URL pso2_players_manual_preparations_arkslobby_block>"""
ShopURL#0,"""<&URL AC_CHARGE_PAGE>"""
TokuteiURL#0,"""<&URL pso2_players_support_rule_tokutei>"""
TokuteiURL_v#0,"""<&URL pso2_players_support_rule_tokutei_vita>"""
Code220_Title#0,"""New Vewsion Avaiwabwe"""
Code220_Code#0,"""Faiwed to connect to the sewvew."""
Code220_Message#0,"""New version available.<br>Failed to connect to the server."""
Code221_Title#0,"""New Vewsion Avaiwabwe"""
Code221_Code#0,"""Faiwed to downwoad the newest vewsion."""
Code221_Message#0,"""Failed to update<br>to the latest version.<br>Please try a file check, then<br>if the problem persists,<br>refer to the official support website."""
Code222_Title#0,"""New Vewsion Avaiwabwe"""
Code222_Code#0,"""Faiwed to downwoad the newest vewsion."""
Code222_Message#0,"""Failed to update<br>to the latest version.<br>Please try a file check, then<br>if the problem persists,<br>refer to the official support website."""
Code223_Title#0,"""Watest Vewsion Check"""
Code223_Code#0,"""Faiwed to vawidate vewsion."""
Code223_Message#0,"""New version available.<br>Failed to connect to the server."""
Code224_Title#0,"""Watest Vewsion Check"""
Code224_Code#0,"""Faiwed to vawidate vewsion."""
Code224_Message#0,"""New version available.<br>Failed to connect to the server."""
Code225_Title#0,"""New Vewsion Avaiwabwe"""
Code225_Code#0,"""Faiwed to downwoad watest system fiwes."""
Code225_Message#0,"""Failed to update<br>to the latest version.<br>Please wait a short while and try again.<br>If the problem persists,<br>please refer to the official support website."""
Code226_Title#0,"""New Vewsion Avaiwabwe"""
Code226_Code#0,"""Faiwed to downwoad watest system fiwes."""
Code226_Message#0,"""Failed to update<br>to the latest version.<br>Please wait a short while and try again.<br>If the problem persists,<br>please refer to the official support website."""
Code227_Title#0,"""New Vewsion Avaiwabwe"""
Code227_Code#0,"""Fiwe downwoad faiwed."""
Code227_Message#0,"""Failed to update<br>to the latest version.<br>Please wait a short while and try again.<br>If the problem persists,<br>please refer to the official support website."""
Code228_Title#0,"""New Vewsion Avaiwabwe"""
Code228_Code#0,"""Fiwe downwoad faiwed."""
Code228_Message#0,"""Failed to update<br>to the latest version.<br>Please wait a short while and try again.<br>If the problem persists,<br>please refer to the official support website."""
Code230_Title#0,"""Netwowk Connection"""
Code230_Code#0,"""A netwowk connection ewwow occuwwed."""
Code230_Message#0,"""Network Connection Error<br>(No Response from DNS Server)"""
Code231_Title#0,"""Netwowk Connection"""
Code231_Code#0,"""A netwowk connection ewwow occuwwed."""
Code231_Message#0,"""Network Connection Error<br>(No Response from DNS Server)"""
Code240_Title#0,"""Netwowk Connection"""
Code240_Code#0,"""A netwowk connection ewwow occuwwed."""
Code240_Message#0,"""Could not connect to the server.<br>Please check the server status<br>by notices etc. on the official website."""
Code241_Title#0,"""Netwowk Connection"""
Code241_Code#0,"""A netwowk connection ewwow occuwwed."""
Code241_Message#0,"""Could not connect to the server.<br>Please wait a short while and try again.<br>If the problem persists,<br>please refer to the official support website."""
Code242_Title#0,"""Netwowk Connection"""
Code242_Code#0,"""A netwowk connection ewwow occuwwed."""
Code242_Message#0,"""Could not connect to the server.<br>Please wait a short while and try again."""
Code249_Title#0,"""Netwowk Connection"""
Code249_Code#0,"""A netwowk connection ewwow occuwwed."""
Code249_Message#0,"""Could not connect to the server.<br>Please wait a short while and try again.<br>If the problem persists,<br>please refer to the official support website."""
Code601_Title#0,"""Pwobwem With ID"""
Code601_Code#0,"""SEGA ID authentication faiwed."""
Code601_Message#0,"""Sewvew may be undew maintenance. Pwease check the officiaw website fow the status of the sewvew."""
Code602_Title#0,"""Pwobwem With ID"""
Code602_Code#0,"""SEGA ID authentication faiwed."""
Code602_Message#0,"""Pwease check youw SEGA ID (shouwd be aww wowewcase) and passwowd, and weconnect."""
Code603_Title#0,"""Pwobwem With ID"""
Code603_Code#0,"""SEGA ID authentication faiwed."""
Code603_Message#0,"""Pwease check youw SEGA ID (shouwd be aww wowewcase) and passwowd, and weconnect."""
Code604_Title#0,"""Pwobwem With ID"""
Code604_Code#0,"""SEGA ID authentication faiwed."""
Code604_Message#0,"""Wogin authentication faiwed mowe than the awwowed times within a cewtain time fwame - Pwease wait a bit, then twy wogging in again."""
Code605_Title#0,"""Pwobwem With ID"""
Code605_Code#0,"""ID authentication faiwed."""
Code605_Message#0,"""The server managing your ID<br>may be down due to maintenance etc.<br>For further information, please contact your ID's service company."""
Code606_Title#0,"""Pwobwem With ID"""
Code606_Code#0,"""ID authentication faiwed."""
Code606_Message#0,"""Authentication of ID was not performed correctly.<br>For further information, please contact your ID's service company."""
Code611_Title#0,"""Sewvew Connection"""
Code611_Code#0,"""Couwd not connect to the sewvew."""
Code611_Message#0,"""The server may be under maintenance.<br>Please check the maintenance information<br>on the Phantasy Star Online 2 official website."""
Code612_Title#0,"""Sewvew Connection"""
Code612_Code#0,"""Couwd not connect to the sewvew."""
Code612_Message#0,"""The server is currently congested.<br>Please wait a bit, then try to connect again."""
Code615_Title#0,"""Sewvew Connection"""
Code615_Code#0,"""Couwd not connect to the bwock."""
Code615_Message#0,"""Faiwed to muv to the sewected bwock because it is fuww."""
Code616_Title#0,"""Sewvew Connection"""
Code616_Code#0,"""Couwd not connect to the bwock."""
Code616_Message#0,"""Faiwed to muv to the sewected bwock because it is fuww."""
Code620_Title#0,"""Wogin Faiwuwe"""
Code620_Code#0,"""Wogin faiwed"""
Code620_Message#0,"""Since the connection was abowted abnowmawwy, youw chawactew data is wocked. Pwease twy again in about 10 minutes."""
Code622_Title#0,"""Woom Sewection"""
Code622_Code#0,"""Couwd not muv to woom"""
Code622_Message#0,"""Since the sewected woom is fuww, you cannot go thewe."""
Code623_Title#0,"""Woom Sewection"""
Code623_Code#0,"""Couwd not muv to woom"""
Code623_Message#0,"""Cannot find woom sewvew."""
Code624_Title#0,"""Woom Sewection"""
Code624_Code#0,"""Couwd not muv to woom"""
Code624_Message#0,"""Because of an entwy westwiction, you cannot go to this woom."""
Code625_Title#0,"""Woom Sewection"""
Code625_Code#0,"""Couwd not muv to woom"""
Code625_Message#0,"""Because of an entwy westwiction, you cannot go to this woom."""
Code626_Title#0,"""Woom Sewection"""
Code626_Code#0,"""Couwd not muv to woom"""
Code626_Message#0,"""Due to sewvew/system issues, you wewe unabwe to go to that woom."""
Code627_Title#0,"""Woom Sewection"""
Code627_Code#0,"""Couwd not muv to woom"""
Code627_Message#0,"""You cannot go to that woom because you do not have pewmission, ow the woom has expiwed."""
Code628_Title#0,"""Woom Sewection"""
Code628_Code#0,"""Couwd not muv to woom"""
Code628_Message#0,"""You cannot go to that woom because the woom's ownew does not have pewmission, ow the woom has expiwed."""
Code630_Title#0,"""Sewvew Communication"""
Code630_Code#0,"""No wesponse fwom the sewvew."""
Code630_Message#0,"""Youw connection was wost, wetuwning to the titwe scween."""
Code633_Title#0,"""My Woom Muv"""
Code633_Code#0,"""Couwd not be muvd to My Woom"""
Code633_Message#0,"""Sewected My Woom is too cwowded to muv to."""
Code634_Title#0,"""My Woom Muv"""
Code634_Code#0,"""Couwd not be muvd to My Woom"""
Code634_Message#0,"""Cannot find woom sewvew."""
Code635_Title#0,"""My Woom Muv"""
Code635_Code#0,"""Couwd not be muvd to My Woom"""
Code635_Message#0,"""Due to westwictions on the woom, you wewe unabwe to go thewe."""
Code636_Title#0,"""My Woom Muv"""
Code636_Code#0,"""Couwd not be muvd to My Woom"""
Code636_Message#0,"""Due to westwictions on the woom, you wewe unabwe to go thewe."""
Code637_Title#0,"""My Woom Muv"""
Code637_Code#0,"""Couwd not be muvd to My Woom"""
Code637_Message#0,"""Unable to move<br>due to server system problems."""
Code638_Title#0,"""My Woom Muv"""
Code638_Code#0,"""Couwd not muv to My Woom"""
Code638_Message#0,"""Because biwwing has expiwed, couwd not be muvd."""
Code639_Title#0,"""My Woom Muv"""
Code639_Code#0,"""Couwd not muv to My Woom"""
Code639_Message#0,"""Because biwwing has expiwed, couwd not be muvd."""
Code640_Title#0,"""Vewsion Check"""
Code640_Code#0,"""Game cwient's vewsion does not match."""
Code640_Message#0,"""The game did not successfuwwy update. Pwease wun a fiwe check. If necessawy, pwease uninstaww and weinstaww."""
Code641_Title#0,"""Cwient Check"""
Code641_Code#0,"""Found an ewwow in the game cwient."""
Code641_Message#0,"""The game did not successfuwwy update. Pwease wun a fiwe check. If necessawy, pwease uninstaww and weinstaww."""
Code642_Title#0,"""Bwock Twansfew"""
Code642_Code#0,"""Cannot muv to the sewected bwock."""
Code642_Message#0,"""The sewected bwock couwd not be found. Twansfew abowted."""
Code643_Title#0,"""Bwock Twansfew"""
Code643_Code#0,"""Cannot muv to the sewected bwock."""
Code643_Message#0,"""Due to a bwock wimitation, you wewe unabwe to change to that bwock."""
Code644_Title#0,"""Bwock Twansfew"""
Code644_Code#0,"""Cannot muv to the sewected bwock."""
Code644_Message#0,"""Due to sewvew/system pwobwems, you wewe unabwe to change to that bwock."""
Code645_Title#0,"""Sewvew Twansfew"""
Code645_Code#0,"""Cannot muv to the sewected sewvew."""
Code645_Message#0,"""The selected server is too busy.<br>Transfer failed."""
Code646_Title#0,"""Sewvew Twansfew"""
Code646_Code#0,"""Cannot muv to the sewected sewvew."""
Code646_Message#0,"""The selected server could not be found.<br>Transfer failed."""
Code647_Title#0,"""Sewvew Twansfew"""
Code647_Code#0,"""Cannot muv to the sewected sewvew."""
Code647_Message#0,"""Because of sewvew side westwictions, the twansfew faiwed."""
Code648_Title#0,"""Sewvew Twansfew"""
Code648_Code#0,"""Cannot muv to the sewected sewvew."""
Code648_Message#0,"""Because of a system pwobwem, you wewe unabwe to twansfew to this sewvew."""
Code649_Title#0,"""Team Woom Muvment"""
Code649_Code#0,"""Cannot muv to Team Woom."""
Code649_Message#0,"""Sewvew is undew maintenance. Pwease check the officiaw site fow mowe infowmation."""
Code650_Title#0,"""Team Woom Sewection"""
Code650_Code#0,"""Cannot muv to Team Woom."""
Code650_Message#0,"""Cannot move to Team Room as we couldn't<br>connect to Team Room server.<br><br>Please try again later."""
Code651_Title#0,"""Team Woom Sewection"""
Code651_Code#0,"""Couwd not muv to team woom."""
Code651_Message#0,"""You cannot muv to a team woom because you awe not on a team. Pwease check youw team infowmation."""
Code652_Title#0,"""Team Woom Sewection"""
Code652_Code#0,"""Couwd not muv to team woom."""
Code652_Message#0,"""Could not move to team room because your team has not obtained a team room yet.<br>"""
Code653_Title#0,"""Team Woom Sewection"""
Code653_Code#0,"""Couwd not muv to team woom."""
Code653_Message#0,"""A communication ewwow occuwwed duwing the muv to the team woom. Pwease wait a bit and twy again."""
Code654_Title#0,"""Team Woom Sewection"""
Code654_Code#0,"""Couwd not muv to team woom."""
Code654_Message#0,"""You couwd not muv to the team woom because you awe not a managew ow team weadew."""
Code655_Title#0,"""Team Woom Sewection"""
Code655_Code#0,"""Couwd not muv to team woom."""
Code655_Message#0,"""Sewvew is undew maintenance. Pwease check the officiaw site fow mowe infowmation."""
Code656_Title#0,"""Team Woom Sewection"""
Code656_Code#0,"""Couwd not muv to team woom."""
Code656_Message#0,"""The Team Woom sewvew couwd not be found. Pwease twy again watew."""
Code657_Title#0,"""Team Woom Sewection"""
Code657_Code#0,"""Couwd not muv to team woom."""
Code657_Message#0,"""Couwd not muv to that team woom because you do not bewong to the team. Pwease check youw team infowmation."""
Code658_Title#0,"""Team Woom Sewection"""
Code658_Code#0,"""Couwd not muv to team woom."""
Code658_Message#0,"""Could not move to team room because your team has not obtained a team room yet.<br>"""
Code659_Title#0,"""Team Woom Sewection"""
Code659_Code#0,"""Couwd not muv to team woom."""
Code659_Message#0,"""A communication ewwow occuwwed duwing the muv to the team woom. Pwease wait a bit and twy again."""
Code660_Title#0,"""Team Woom Sewection"""
Code660_Code#0,"""Couwd not muv to team woom."""
Code660_Message#0,"""You couwd not muv to the team woom because you awe not a managew ow team weadew."""
Code661_Title#0,"""Team Woom Sewection"""
Code661_Code#0,"""Couwd not muv to team woom."""
Code661_Message#0,"""Could not move to Team Room<br>due to entrance restrictions which have been set in place."""
Code662_Title#0,"""Sewvew Twansfew"""
Code662_Code#0,"""Cannot muv to the sewected sewvew."""
Code662_Message#0,"""クエストが開始されているため、<br>サーバーに移動できませんでした。"""
Code700_Title#0,"""Bwock Twansfew"""
Code700_Code#0,"""Cannot muv to the sewected bwock."""
Code700_Message#0,"""You can onwy muv to this bwock if you have pwemium active. Bwock twansfew cancewed."""
Code701_Title#0,"""Bwock Twansfew"""
Code701_Code#0,"""Cannot muv to the sewected bwock."""
Code701_Message#0,"""You cannot muv to this bwock on youw system pwatfowm."""
Code704_Title#0,"""Bwock Twansfew"""
Code704_Code#0,"""Cannot muv to the sewected bwock."""
Code704_Message#0,"""<yellow>①Obtain a title from Heaven and Hell<c>.<br><yellow>②Obtain a title from grinding a ★13+ rarity<br>weapon to +35 or if [Summoner], raise a pet of ★13<br>rarity to Lv.120.<c><br><yellow>③Obtain a title from wearing a full set of<br>★12 rarity units grinded to +10<c>"""
Code710_Title#0,"""Pwemium Set Content"""
Code710_Code#0,"""This content is onwy avaiwabwe to pwemium membews."""
Code711_Title#0,"""Pwemium Set Content"""
Code711_Code#0,"""Pwemium set has expiwed."""
Code712_Title#0,"""AC Showtage"""
Code712_Code#0,"""You do not have enough AC to use<br>this feature."""
Code730_Title#0,"""Sewvew Twansfew"""
Code730_Code#0,"""Cannot muv to the sewected sewvew."""
Code730_Message#0,"""Twansfew faiwed because the sewected sewvew is busy."""
Code731_Title#0,"""Sewvew Twansfew"""
Code731_Code#0,"""Cannot muv to the sewected sewvew."""
Code731_Message#0,"""The selected server could not be found.<br>Transfer failed."""
Code732_Title#0,"""Sewvew Twansfew"""
Code732_Code#0,"""Cannot muv to the sewected sewvew."""
Code732_Message#0,"""Because of sewvew side westwictions, you wewe unabwe to twansfew."""
Code733_Title#0,"""Sewvew Twansfew"""
Code733_Code#0,"""Cannot muv to the sewected sewvew."""
Code733_Message#0,"""Could not move to the selected server<br>due to a system problem."""
Code810_Title#0,"""Wawning"""
Code810_Code#0,"""A compwaint has been fiwed against the customew."""
Code810_Message#0,"""If you cannot behave in a cowwect mannew in the futuwe, youw use of the sewvice may be in jeopawdy. Pwease wefew to the Phantasy Staw Onwine 2 contact page if you have any questions/inquiwies."""
Code811_Title#0,"""Wawning"""
Code811_Code#0,"""A compwaint has been fiwed against the customew."""
Code811_Message#0,"""If you cannot behave pwopewwy fwom now on, we wiww tewminate youw access to the sewvew. Pwease wefew to the Phantasy Staw Onwine 2 contact page if you have any questions/inquiwies."""
Code812_Title#0,"""Banned"""
Code812_Code#0,"""The customew has been banned fwom using the sewvice."""
Code812_Message#0,"""You have been banned fwom using the sewvice - Pwease wefew to the Phantasy Staw Onwine 2 contact page if you have any questions/inquiwies."""
Code813_Title#0,"""Banned"""
Code813_Code#0,"""The customew has been tempowawiwy banned fwom using the sewvice."""
Code813_Message#0,"""Youw access to the Phantasy Staw Onwine 2 sewvew has been tempowawiwy suspended untiw %d. Pwease wefew to the Phantasy Staw Onwine 2 contact page if you have any questions/inquiwies."""
Code814_Title#0,"""Banned"""
Code814_Code#0,"""The customew has been banned fwom using the sewvice."""
Code814_Message#0,"""You have been banned fwom using the sewvice - Pwease wefew to the Phantasy Staw Onwine 2 contact page if you have any questions/inquiwies."""
Code815_Title#0,"""Function Westwiction"""
Code815_Code#0,"""The customew has been banned fwom using the sewvice."""
Code815_Message#0,"""You have been banned fwom using the sewvice - Pwease wefew to the Phantasy Staw Onwine 2 contact page if you have any questions/inquiwies."""
Code911_Title#0,"""Window Confiwmation"""
Code911_Code#0,"""An assumed ewwow has occuwwed."""
Code911_Message#0,"""Pwease check youw system and enviwonment fow pwaying Phantasy Staw Onwine 2. If you have any questions, pwease contact the vendow/makew of youw PC."""
SystemMesSegaID#0,"""Authenticating SEGA ID..."""
SystemMesSegaID_v#0,"""Authenticating SEGA ID."""
SystemMesAtherID#0,"""Authenticating SEGA ID..."""
SystemMesLobbyWait#0,"""Waiting on wesponse fwom wobby sewvew."""
SystemMesServerWait#0,"""Waiting fow wesponse fwom sewvew."""
SystemMesGameDataWait#0,"""Obtained game infowmation"""
SystemMesCharaDataWait#0,"""Obtained chawactew infowmation."""
SystemMesGameShut#0,"""Disconnected fwom sewvew."""
SystemMesServerShut#0,"""Disconnected due to a wequest fwom the sewvew."""
SystemMesNetWorkShut#0,"""Connection timed out. Pwease check youw connection and netwowk settings."""
SystemMesBusy#0,"""Communicating..."""
SystemGmAlertFormMessage#0,"""Accept this message."""
SystemGmAlertFormMessageTitle#0,"""Administwatow Wawning"""
SystemGmMessageFormMessageTitle#0,"""Administwatow Message"""
Yes#0,"""Yes"""
No#0,"""No"""
Decide#0,"""Confiwm"""
Cancel#0,"""Cancew"""
Next#0,"""Next"""
Prev#0,"""Pwevious"""
Close#0,"""Cwose"""
Return#0,"""Wetuwn"""
CloseHint#0,"""Cwose"""
HelpHint#0,"""Hewp"""
PlayerIDName#0,"""Pwayew ID Name"""
PlayerID#0,"""Pwayew ID"""
CharaName#0,"""Chawactew Name"""
Level#0,"""Lv."""
LevelNum#0,"""Lv.$(0)"""
Colon#0,""":"""
Slash#0,"""/"""
Hyphen#0,"""-"""
Asterisk#0,"""*"""
Plus#0,"""+"""
Greater#0,""">"""
Less#0,"""<"""
WaveDash#0,"""～"""
Cross#0,"""×"""
MultiSelecting#0,"""Sewecting muwtipwes..."""
MultiDrop#0,"""- ($(0))"""
DropText#0,"""$(0)"""
MultiDropText#0,"""$(1) - ($(0))"""
SubmenuType_StyleChange#0,"""Change dispway fowmat"""
SubmenuType_Help#0,"""Hewp"""
SubmenuType_Edit#0,"""Customize"""
Title#0,"""Message"""
CaptureMessage#0,"""Scweenshot saved."""
CaptureMessage2#0,"""Scweenshot saved."""
CaptureMessage3#0,"""Scweenshot saved."""
CaptureErrorMessage01#0,"""Couwd not save scweenshot: Not enough space."""
MovieStartMessage#0,"""Video wecowding stawted."""
MovieEndMessage#0,"""Video wecowding ended."""
BeginLookAtCamera#0,"""Stawted wooking at camewa."""
EndLookAtCamera#0,"""Stopped wooking at camewa."""
MovieErrorMessage01#0,"""Couwd not wecowd video: Not enough space."""
MovieErrorMessage02#0,"""Video wecowding abowted: Not enough space."""
Bubble_Chatter1#0,"""・・・"""
Bubble_Chatter2#0,"""・・・"""
Bubble_Chatter3#0,"""・・・"""
Bubble_Chatter4#0,"""・・・"""
Bubble_Chatter5#0,"""・・・"""
Bubble_Chatter6#0,"""・・・"""
Bubble_Chatter7#0,"""・・・"""
Bubble_Chatter8#0,"""・・・"""
Bubble_Chatter9#0,"""・・・"""
Bubble_Chatter10#0,"""・・・"""
CheckTextOpen#0,"""Do not show this window again."""
ClosableMessageTitle#0,"""Message"""
ClosableMessageButton#0,"""Cwose"""
NoName#0,"""None"""
Percent#0,"""％"""
PercentNum#0,"""$(0)%"""
Title#1,"""Wace"""
Human#0,"""Human"""
Newman#0,"""Newman"""
Cast#0,"""Cast"""
Dewman#0,"""Dewman"""
All#0,"""Aww Waces"""
NoHuman#0,"""Non-Human"""
NoNewman#0,"""Non-Newman"""
NoCast#0,"""Non-Cast"""
NoDewman#0,"""No Dewmans"""
Title#2,"""Gendew"""
Male#0,"""Mawe"""
Female#0,"""Femawe"""
All#1,"""Aww"""
Class#0,"""Cwass"""
Main#0,"""Main Cwass"""
Sub#0,"""Subcwass"""
None#0,"""None"""
Job00#0,"""Huntew"""
Job01#0,"""Wangew"""
Job02#0,"""Fowce"""
Job03#0,"""Fightew"""
Job04#0,"""Gunnew"""
Job05#0,"""Techew"""
Job06#0,"""Bwavew"""
Job07#0,"""Bouncew"""
Job08#0,"""Chawwengew"""
Job09#0,"""Summonew"""
Job10#0,"""Battwe Wawwiow"""
Job11#0,"""Hewo"""
All#2,"""Aww Cwasses"""
SaveAccount#0,"""Save Account Name"""
SavePassword#0,"""Save Passwowd"""
Logout_Title#0,"""Exit Game"""
Logout_Message#0,"""Awe you suwe you want to exit?"""
Logout_Wait_Message#0,"""Wogging out..."""
AutoLogoutWarning_Title#0,"""Wawning"""
AutoLogoutWarning_Message#0,"""<c ff9c70>■Automatic Logout Warning■<c><br><br>You haven't started a<br>Challenge Quest in some time.<br><br>If you do not close this window<br>within <yellow>$(0)<c>, you will<br>be logged out automatically.<br><br><yellow>※This feature is only enabled<br>in the Challenge Ship.<c>"""
AutoLogoutDone_Title#0,"""Announcement"""
AutoLogoutDone_Message#0,"""<yellow>You have not started a quest within<br>the allotted time, so you have been automatically logged out.<c><br><br>※In the Challenge Ship, if you don't start a quest within<br>a set period of time, you will be automatically logged out.<br><br>Returning to title screen."""
AutoLogoutWarning_Message_InChallengeShip#0,"""<c ff9c70>■Automatic Logout Warning■<c><br><br>You haven't started a<br>Challenge Quest in some time.<br><br>If you do not close this window<br>within <yellow>$(0)<c>, you will<br>be logged out automatically.<br><br><yellow>※This feature is only enabled<br>in the Challenge Ship.<c>"""
AutoLogoutDone_Message_InChallengeShip#0,"""<yellow>You have not started a quest within<br>the allotted time, so you have been automatically logged out.<c><br><br>※In the challenge ship, if you don't start a quest within<br>a set period of time, you will be automatically logged out.<br><br>Returning to title screen."""
AutoLogoutWarning_Message_InPokaShip#0,"""<c ff9c70>■Automatic Logout Warning■<c><br>In the Battle Arena, if matching is not initiated within a set period of time, you will be automatically logged out.<c><br><br>You can close this window within <yellow>$(0)<c><br>to interrupt automatic logout and continue playing."""
AutoLogoutDone_Message_InPokaShip#0,"""<yellow>Matching was not initiated within<br>the allotted time, so you have been automatically logged out.<c><br><br>※In the Battle Arena, if matching is not initiated within a set period of time, you will be automatically logged out.<br><br>Returning to title screen."""
LogKind_All#0,"""Wog: Aww"""
LogKind_Custom#0,"""Wog: Dispway Aww"""
LogKind_Public#0,"""Wog: Neawby"""
LogKind_Party#0,"""Wog: Pawty"""
LogKind_Guild#0,"""Wog: Team"""
LogKind_System#0,"""Wog: System"""
LogKind_NPC#0,"""Wog: Chawactew"""
LogKind_Whisper#0,"""Wog: Whispew"""
LogTitleLobbyAction#0,"""Sewect Wobby Action"""
LogKind_Channel#0,"""-"""
LogBalloon_All#0,"""0. View Aww"""
LogBalloon_Custom#0,"""0. View Aww"""
LogBalloon_Public#0,"""1. Neawby"""
LogBalloon_Party#0,"""<pict Party>2. Party"""
LogBalloon_Guild#0,"""<pict Guild>3. Team"""
LogBalloon_System#0,"""6. System"""
LogBalloon_NPC#0,"""5. Chawactew"""
LogBalloon_Whisper#0,"""<pict Whisper>4. Whisper"""
LogRange_Public#0,"""1. Send to Neawby"""
LogRange_Public_Challenge#0,"""1. Send to Neawby"""
LogRange_Public_Poka#0,"""1. Speak to Union"""
LogRange_Party#0,"""<pict Party>2. Party"""
LogRange_Guild#0,"""<pict Guild>3. Team"""
LogRange_Whisper#0,"""<pict Whisper>4. Whisper"""
LogAnnounce_Show#0,"""Change"""
LogAnnounce_Speak#0,"""Change"""
LogAnnounce_Plus#0,"""+"""
LogAnnounce_Delete#0,"""<%Function>1. Delete Character"""
LogRangeTab_Public#0,"""1. Neawby"""
LogRangeTab_Public_Challenge#0,"""1. Aww Aweas"""
LogRangeTab_Public_Poka#0,"""1. Union"""
LogRangeTab_Party#0,"""<pict Party>2. Party"""
LogRangeTab_Guild#0,"""<pict Guild>3. Team"""
LogRangeTab_Whisp#0,"""<pict Whisper>4. Whisper"""
WhisperSendTo#0,"""Sent to $(0)"""
LogName_System#0,"""System"""
LogButton_Send#0,"""Send"""
LogButton_ChatNG#0,"""No Chat Input"""
LogButton_Shortcut#0,"""<%ChatStart>Shortcut List"""
LogButton_Input#0,"""Start chat with <%ChatStart>"""
LogButton_Input_Party#0,"""<pict Party><%ChatStart>Initiating Chat"""
LogButton_Input_Guild#0,"""<pict Guild><%ChatStart>Initiating Chat"""
LogButton_Input_Whisper#0,"""<pict Whisper><%ChatStart>Initiating Chat"""
LogButton_ShortcutPad#0,"""<%ChatStartPad> Start Chat"""
LogButton_InputPad#0,"""<%ChatStartPad> Start Chat"""
LogButton_Input_PartyPad#0,"""<pict Party><%ChatStartPad> Start Chat"""
LogButton_Input_GuildPad#0,"""<pict Guild><%ChatStartPad> Start Chat"""
LogButton_Input_WhisperPad#0,"""<pict Whisper><%ChatStartPad> Start Chat"""
LogButton_DirectChat#0,"""Diwect Chat Mode"""
LogButton_DirectChat_Party#0,"""<pict Party>Direct Chat Mode"""
LogButton_DirectChat_Guild#0,"""<pict Guild>Direct Chat Mode"""
LogButton_DirectChat_Whisper#0,"""<pict Whisper>Direct Chat Mode"""
LogButton_ShortcutCloud#0,"""Long-press <%MainMenu> to chat."""
LogButton_InputCloud#0,"""Long-press <%MainMenu> to chat."""
LogButton_Range_Vita#0,"""発言先"""
LogButton_Log_Vita#0,"""ログ"""
LogButton_Reset_Vita#0,"""全削除"""
LogToast_ShortLog#0,"""ショートログ表示開始。自分をタッチすると非表示になります。"""
LogShortCutEdit#0,"""Edit Compwete"""
LogButton_Balloon#0,"""Bawwoon"""
LogButton_Manpu#0,"""Manga Pictogwams"""
LogButton_Cutin#0,"""Cut-ins"""
LogButton_SE#0,"""-"""
LogButton_Voice#0,"""-"""
LogButton_Color#0,"""-"""
LogButton_Emoji#0,"""-"""
LogButton_Twitter#0,"""-"""
LogButton_LobbyAction#0,"""Wobby Actions"""
LogButton_Symbol#0,"""Symbow Awts"""
LogButton_ContinuousInput#0,"""Continuous Input"""
DirectChatBegin#0,"""Diwect chat enabwed."""
DirectChatEnd#0,"""Diwect chat disabwed."""
DirectChatEndTmp#0,"""Diwect chat tempowawiwy disabwed."""
DirectChatBlacklist#0,"""Wecipient is bwackwisted. Cannot send message."""
Log_Toast_Whisper_Name_Fail#0,"""Sewect the whispew chat wecipient fwom the ... buttons."""
Log_Toast_Unknown_Whisper#0,"""Whispew destination not specified."""
Log_Toast_Disable_Whisper_SymbolArt#0,"""You cannot send symbow awt by whispew chat."""
Log_Toast_Disable_TeamChat#0,"""You cannot send a message to a team unwess you awe a membew. Check message wecipient."""
Log_Toast_Disable_TeamChat_ChallengeShip#0,"""Team chat is unavaiwabwe whiwe on a shawed ship."""
Log_Toast_Disable_TeamChat_Poka#0,"""Team chat is cuwwentwy unavaiwabwe."""
Log_Toast_Nouse_Poka_Whisper#0,"""Whispew chat is unavaiwabwe duwing battwe."""
Log_Welcome#0,"""Welcome to <lt>$(0)<rt>!"""
Log_KeyHelp#0,"""Welcome to Phantasy Star Online 2!<br>Note: The most recent version of this patch is available through the PSO2 Tweaker at<br><url http://arks-layer.com>.<br>Thanks to the team at PSUMods for their translations."""
Log_ItemGet#0,"""$(0) weceived."""
Log_CapsuleGet#0,"""Weceived viwtuaw item $(0). View at the Extweme Tewminaw."""
LogSymbolArt#0,"""Symbow awt dispwayed."""
LogWhisperEmpty#0,"""Whispew wog is empty."""
LogWhisperButtonText#0,"""..."""
LogBoostEventInfo#0,"""Event infowmation"""
Tab#0,"""Tab $(0)"""
TabChange_Title#0,"""Change Channew Tab"""
Bubble_Normal#0,"""Nowmaw"""
Bubble_Surprise#0,"""Emphasize"""
Bubble_Question#0,"""Uncewtain"""
ManpuCategory_01#0,"""Positive"""
ManpuCategory_02#0,"""Negative"""
ManpuCategory_03#0,"""Positive Combinations"""
ManpuCategory_04#0,"""Negative Combinations"""
Manpu_None#0,"""None"""
Manpu_1#0,"""Sweat 1"""
Manpu_2#0,"""Sweat 2"""
Manpu_3#0,"""Iwwitation"""
Manpu_4#0,"""Ectopwasm"""
Manpu_5#0,"""Depwessed"""
Manpu_6#0,"""Bwush"""
Manpu_7#0,"""Death"""
Manpu_8#0,"""Skuww"""
Manpu_9#0,"""Idea"""
Manpu_10#0,"""Dopey"""
Manpu_11#0,"""Sigh"""
Manpu_12#0,"""Angew"""
Manpu_13#0,"""Discontent"""
Manpu_15#0,"""Waugh"""
Manpu_16#0,"""Heawts"""
Manpu_17#0,"""Notes"""
Manpu_18#0,"""Excwaim"""
Manpu_19#0,"""Question"""
Manpu_20#0,"""Excwaim/Question"""
Manpu_21#0,"""Sweepy"""
Manpu_22#0,"""Suwpwise"""
Manpu_23#0,"""Depwessed+Sweat 1"""
Manpu_24#0,"""Sweat 2+Bwush"""
Manpu_25#0,"""Discontent+Iwwitation"""
Manpu_26#0,"""Iwwitation+Excwaim"""
Manpu_27#0,"""Depwessed+Sigh"""
Manpu_28#0,"""Dopey+Bwush"""
Manpu_29#0,"""Bwush+Angew"""
Manpu_30#0,"""Ectopwasm+Skuww"""
Manpu_31#0,"""Idea+Excwaim/Question"""
Manpu_32#0,"""Dopey+Heawts"""
Manpu_33#0,"""Angew+Sigh"""
Manpu_34#0,"""Discontent+Excwaim"""
Manpu_35#0,"""Discontent+Exm/Qstn"""
Manpu_36#0,"""Suwpwise+Excwaim"""
Manpu_37#0,"""Waugh+Heawts"""
Manpu_38#0,"""Waugh+Notes"""
Manpu_39#0,"""Angew+Question"""
Cutin_Face_None#0,"""None"""
Cutin_Face_Normal#0,"""Nowmaw"""
Cutin_Face_Smile#0,"""Smiwing"""
Cutin_Face_Anger#0,"""Angwy"""
Cutin_Face_Sad#0,"""Sad"""
Cutin_Face_Dubious#0,"""Suspicious"""
Cutin_Face_Close#0,"""Eyes Cwosed"""
Cutin_Face_Smile2#0,"""Smiwe 2"""
Cutin_Face_Wink#0,"""Wink"""
Cutin_Camera_Front#0,"""Fwom Fwont"""
Cutin_Camera_SideFront#0,"""Fwom Angwe"""
Cutin_Camera_SideFrontUp#0,"""Fwom Angwe Abuv"""
Cutin_Camera_SideFrontDown#0,"""Fwom Angwe Bewow"""
Cutin_Camera_Side#0,"""Fwom Side"""
ArksRanking_JoinText#0,"""You awe now pawticipating in AWKS Weague. Pwease check the detaiws of the event."""
ArksRanking_RewardText#0,"""<pict New>You have uncollected rewards from ARKS League. Please see the ARKS League Administrator."""
GuildAddContentsPointOwn#0,"""Obtained $(0)TP."""
GuildAddContentsPointMix#0,"""By pwaying on the Shawed Ship, you obtained $(0)TP."""
OpenChannelTab#0,"""-"""
ChannelPopupItem1#0,"""-"""
ChannelPopupItem2#0,"""-"""
ChannelPopupItem3#0,"""-"""
TabHeader1#0,"""-"""
TabHeader2#0,"""-"""
PopupItem1#0,"""-"""
PopupItem2#0,"""-"""
PopupItem3#0,"""-"""
PopupItem4#0,"""-"""
PopupItem5#0,"""-"""
PopupItem6#0,"""-"""
PopupItem7#0,"""-"""
PopupItem8#0,"""-"""
PopupItem9#0,"""-"""
Title_ViewMode#0,"""-"""
Title_NewChannel#0,"""-"""
LobbyAction_Monomane#0,"""Imitate"""
LobbyAction_Reaction#0,"""Weaction"""
LobbyAction_Greet#0,"""Gweet"""
LobbyAction_Wave#0,"""Wave"""
LobbyAction_Bow#0,"""Bow"""
LobbyAction_Salute#0,"""Sawute"""
LobbyAction_Yes#0,"""Yes"""
LobbyAction_No#0,"""No"""
LobbyAction_Sorry#0,"""Apowogize"""
LobbyAction_Provoke#0,"""Pwovoke"""
LobbyAction_Praise#0,"""Pwaise"""
LobbyAction_Kiss#0,"""Kiss"""
LobbyAction_Howareyou#0,"""How awe you?"""
LobbyAction_You#0,"""Point"""
LobbyAction_Yell#0,"""Cheew"""
LobbyAction_Guts#0,"""Show fighting spiwit"""
LobbyAction_Laugh#0,"""Waugh"""
LobbyAction_Clap#0,"""Appwause"""
LobbyAction_Sit1#0,"""Sit 1"""
LobbyAction_Sit2#0,"""Sit 2"""
LobbyAction_Pose1#0,"""Pose 1"""
LobbyAction_Pose2#0,"""Pose 2"""
LobbyAction_Dance1#0,"""Dance 1"""
LobbyAction_Dance2#0,"""Dance 2"""
LobbyAction_darkerblast#0,"""Dawk Bwast"""
LobbyAction_Liveit#0,"""Wive it!"""
LobbyAction_Deny#0,"""Wewuctance"""
LobbyAction_Tired#0,"""Sweepy"""
LobbyAction_Happy#0,"""Wejoice"""
LobbyAction_Angry#0,"""Angwy"""
LobbyAction_Sad#0,"""Sad"""
LobbyAction_Fun#0,"""Cheewfuw"""
LobbyAction_Disgust#0,"""Disgusted"""
LobbyAction_Worry#0,"""Wowwy"""
LobbyAction_Shy#0,"""Act shy"""
LobbyAction_Surprise#0,"""Suwpwise"""
LobbyAction_Frustrated#0,"""Fwustwated"""
LobbyAction_Cry#0,"""Cwy"""
LobbyAction_Ball#0,"""Baww"""
LobbyAction_Peep#0,"""Peew in"""
LobbyAction_Flag#0,"""Fwag"""
LobbyAction_Mdtrn#0,"""Pose 6"""
LobbyAction_Sit3#0,"""Sit 3"""
LobbyAction_mdpose_a1#0,"""Pose 7"""
LobbyAction_mdpose_b1#0,"""Pose 8"""
LobbyAction_yesorno#0,"""Yes ow No"""
LobbyAction_cam#0,"""Take pictuwe"""
LobbyAction_pray#0,"""Wowship"""
LobbyAction_hima#0,"""Stwetch"""
LobbyAction_Bed1#0,"""Bed 1"""
LobbyAction_Bed2#0,"""Bed 2"""
LobbyAction_Sexy#0,"""Sexy"""
LobbyAction_Drunk#0,"""Dwunk"""
LobbyAction_Pose3#0,"""Pose 3"""
LobbyAction_Pose4#0,"""Pose 4"""
LobbyAction_Pose5#0,"""Pose 5"""
LobbyAction_Proudback#0,"""Pwoud back"""
LobbyAction_Proudarm#0,"""Pwoud awm"""
LobbyAction_Proudleg#0,"""Pwoud weg"""
LobbyAction_Dance3#0,"""Dance 3"""
LobbyAction_Dance4#0,"""Dance 4"""
LobbyAction_Dance5#0,"""Dance 5"""
LobbyAction_Sing#0,"""Sing"""
LobbyAction_Gj#0,"""Good job"""
LobbyAction_Pleasure#0,"""Pweasuwe"""
LobbyAction_Talk#0,"""Inspiwe"""
LobbyAction_Pains#0,"""In pain"""
LobbyAction_Mc#0,"""Mic Sowo"""
LobbyAction_Dance6#0,"""Dance 6"""
LobbyAction_clight1#0,"""Gwowstick Wave 1"""
LobbyAction_clight2#0,"""Gwowstick Wave 2"""
LobbyAction_clight3#0,"""Gwowstick Wave 3"""
LobbyAction_Dance7#0,"""Dance 7"""
LobbyAction_Dance8#0,"""Dance 8"""
LobbyAction_go#0,"""Wet's Go!"""
LobbyAction_moji#0,"""Bashfuw"""
LobbyAction_comic#0,"""Comedy Skit"""
LobbyAction_present#0,"""Pwesent"""
LobbyAction_water_a#0,"""Spwash"""
LobbyAction_water_b#0,"""Be Spwashed"""
LobbyAction_hot#0,"""Hot"""
LobbyAction_kagamu#0,"""Appeaw"""
LobbyAction_Dance9#0,"""Dance 9"""
LobbyAction_Dance10#0,"""Dance 10"""
LobbyAction_Dance11#0,"""Dance 11"""
LobbyAction_Dance12#0,"""Dance 12"""
LobbyAction_Sit4#0,"""Sit 4"""
LobbyAction_Sit5#0,"""Sit 5"""
LobbyAction_mdpose_a2#0,"""Cwoss Awms"""
LobbyAction_mdpose_b2#0,"""Yahoo!"""
LobbyAction_mdpose_a3#0,"""Modew 1"""
LobbyAction_mdpose_b3#0,"""Modew 2"""
LobbyAction_animal#0,"""Animaw"""
LobbyAction_taiso#0,"""Wawm-up"""
LobbyAction_boxing#0,"""Boxing"""
LobbyAction_enemy#0,"""Enemy 1"""
LobbyAction_riseki#0,"""Waiting"""
LobbyAction_kick#0,"""Kick"""
LobbyAction_punch#0,"""Punch"""
LobbyAction_chiba#0,"""Skiww"""
LobbyAction_ochokuri#0,"""Tease"""
LobbyAction_kimepose#0,"""Pose 9"""
LobbyAction_mdwalk#0,"""Modew Wawk"""
LobbyAction_kashige#0,"""Head Tiwt"""
LobbyAction_hello2#0,"""Gweet 2"""
LobbyAction_aid2#0,"""Cheew 2"""
LobbyAction_pains2#0,"""Cuwse"""
LobbyAction_chu2#0,"""Pose 10"""
LobbyAction_salute2#0,"""Sawute 2"""
LobbyAction_ichitarou#0,"""Ichitawo"""
LobbyAction_enomoto#0,"""Enomoto"""
LobbyAction_symbolP#0,"""Human P"""
LobbyAction_symbolS#0,"""Human S"""
LobbyAction_symbolO#0,"""Human O"""
LobbyAction_symbol2#0,"""Human 2"""
LobbyAction_wave2#0,"""Wave 2"""
LobbyAction_bow2#0,"""Bow 2"""
LobbyAction_kanpai#0,"""Toast"""
LobbyAction_sc5#0,"""SC5 Dance"""
LobbyAction_fireworks#0,"""Fiwewowks"""
LobbyAction_pose11#0,"""Pose 11"""
LobbyAction_pose12#0,"""Hooway!"""
LobbyAction_champagne#0,"""Victowy"""
LobbyAction_imitateBB#0,"""Aiw Basebaww"""
LobbyAction_fishing#0,"""Fishing"""
LobbyAction_yopparai#0,"""Dwunk"""
LobbyAction_enomoto4#0,"""Enomoto 4"""
LobbyAction_virtualon#0,"""Viwtuaw-On"""
LobbyAction_pose13#0,"""Pose 12"""
LobbyAction_kyouki#0,"""Dewight"""
LobbyAction_line#0,"""Wine"""
LobbyAction_pose14#0,"""Pose 13"""
LobbyAction_halloween#0,"""Tweats Pwease"""
LobbyAction_crash#0,"""Bwown Away"""
LobbyAction_cracker#0,"""Cwackew"""
LobbyAction_pose15#0,"""Pose 14"""
LobbyAction_massgame1#0,"""Wed & Bwue Boawd"""
LobbyAction_massgame2#0,"""Gween & Yewwow Boawd"""
LobbyAction_massgame3#0,"""White & Bwack Boawd"""
LobbyAction_pose16#0,"""Pose 15"""
LobbyAction_ice#0,"""Snowbaww Fight"""
LobbyAction_eieio#0,"""Hey, Hey, Oh!"""
LobbyAction_kick2#0,"""Kick 2"""
LobbyAction_stylish#0,"""S-Jump"""
LobbyAction_symbol0#0,"""Human 0"""
LobbyAction_symbol1#0,"""Human 1"""
LobbyAction_symbol3#0,"""Human 3"""
LobbyAction_symbol4#0,"""Human 4"""
LobbyAction_symbol5#0,"""Human 5"""
LobbyAction_symbol6#0,"""Human 6"""
LobbyAction_symbol7#0,"""Human 7"""
LobbyAction_symbol8#0,"""Human 8"""
LobbyAction_symbol9#0,"""Human 9"""
LobbyAction_bubble#0,"""Soap Bubbwes"""
LobbyAction_enemy2#0,"""Enemy 2"""
LobbyAction_umbrella1#0,"""Aiw Umbwewwa"""
LobbyAction_umbrella2#0,"""Weaw Umbwewwa"""
LobbyAction_dummy#0,"""dummy"""
LobbyAction_eat#0,"""Eat"""
LobbyAction_pose18#0,"""Pose 17"""
LobbyAction_fear#0,"""Afwaid"""
LobbyAction_clean#0,"""Cwean"""
LobbyAction_virtualon2#0,"""Viwtuaw-On 2"""
LobbyAction_volley#0,"""Beach Vowwey"""
LobbyAction_pose19#0,"""Pose 18"""
LobbyAction_fireworks2#0,"""Fiwewowks 2"""
LobbyAction_pose20#0,"""Pose 19"""
LobbyAction_freekick#0,"""Fwee Kick"""
LobbyAction_pose21#0,"""Pose 20"""
LobbyAction_jump#0,"""Hop and a Skip"""
LobbyAction_pose22#0,"""Pose 21"""
LobbyAction_aura#0,"""AWKS Pose"""
LobbyAction_surprise2#0,"""Suwpwise 2"""
LobbyAction_magichat#0,"""Magic Twick"""
LobbyAction_pose23#0,"""Pose 22"""
LobbyAction_Sdogeza#0,"""S-Kneew"""
LobbyAction_bow3#0,"""Bow 3"""
LobbyAction_jelly#0,"""Dwink Jewwy Dwink"""
LobbyAction_kouhoutai2#0,"""Eat Wamen"""
LobbyAction_kouhoutai3#0,"""Aiwin"""
LobbyAction_airiai#0,"""Aiw Iai"""
LobbyAction_nekopose#0,"""Cat Pose"""
LobbyAction_kancho#0,"""Butt Poke"""
LobbyAction_bang#0,"""Bang Bang"""
LobbyAction_gravure#0,"""Gwavuwe Pose 2"""
LobbyAction_bouquet#0,"""Bouquet"""
LobbyAction_change#0,"""Awakening"""
LobbyAction_watermelon#0,"""Spwit Watewmewon"""
LobbyAction_hug#0,"""Hug"""
LobbyAction_pose24#0,"""Pose 23"""
LobbyAction_janken#0,"""Janken"""
LobbyAction_icchou#0,"""Singwe Cwap"""
LobbyAction_flash#0,"""Inspiwed"""
LobbyAction_sulk#0,"""Suwk"""
LobbyAction_gravitydaze#0,"""Gwavity Manipuwation"""
LobbyAction_pose25#0,"""Pose 24"""
LobbyAction_emiria#0,"""Emiwia Pose"""
LobbyAction_beckon#0,"""Beckon"""
LobbyAction_persona5#0,"""Pewsona 5"""
LobbyAction_stroke#0,"""Stwoke"""
LobbyAction_pardon#0,"""Pawdon Me?"""
LobbyAction_papercraft#0,"""Papew Aiwpwane"""
LobbyAction_tub#0,"""Tub"""
LobbyAction_mock#0,"""Mock"""
LobbyAction_circle#0,"""Huddwe"""
LobbyAction_nira#0,"""Automata"""
LobbyAction_tasty#0,"""Tasty"""
LobbyAction_kabuki#0,"""Kabuki"""
LobbyAction_hagibeto#0,"""Mothew Cwustew 1"""
LobbyAction_orqufull#0,"""Mothew Cwustew 2"""
LobbyAction_koori#0,"""Mothew Cwustew 3"""
LobbyAction_fukitobasu#0,"""Bwow Off"""
LobbyAction_ghost#0,"""Ghost"""
LobbyAction_hitugipose#0,"""Hitsugi Pose"""
LobbyAction_warpose#0,"""Victowy Pose 1"""
LobbyAction_missile#0,"""Missiwe"""
LobbyAction_pitfall#0,"""Pitfaww"""
LobbyAction_swordpose#0,"""Swowd Pose"""
LobbyAction_dfwarp#0,"""DF Wawp"""
LobbyAction_spearpose#0,"""Howd Speaw"""
LobbyAction_kendama#0,"""Kendama"""
LobbyAction_atorie#0,"""Atewiew"""
LobbyAction_dengekipose#0,"""Dengeki Pose"""
LobbyAction_winnerpose2#0,"""Victowy Pose 2"""
LobbyAction_mothercluster4#0,"""Mothew Cwustew 4"""
LobbyAction_mothercluster5#0,"""Mothew Cwustew 5"""
LobbyAction_deadoralive1#0,"""DOA Victowy Pose"""
LobbyAction_deadoralive2#0,"""DOA Combo"""
LobbyAction_magicbookpose#0,"""Magic Book Pose"""
LobbyAction_curse2#0,"""Cuwse 2"""
LobbyAction_swordpose2#0,"""Waconium Swowd Pose"""
LobbyAction_hunting#0,"""Hunt"""
LobbyAction_heart#0,"""Fowm Heawt"""
LobbyAction_magicsword#0,"""Weapon Enhancement Magic"""
LobbyAction_throw#0,"""Bomb"""
LobbyAction_staffpose#0,"""Cane Pose"""
LobbyAction_virtualon3#0,"""Viwtuaw-On 3"""
LobbyAction_yuyuyu#0,"""Hewo System Activation"""
LobbyAction_tapdance#0,"""Dance 13"""
LobbyAction_Dance13#0,"""Dance 14"""
LobbyAction_Dance14#0,"""Dance 15"""
LobbyAction_Dance15#0,"""Dance 16"""
LobbyAction_Dance17#0,"""Dance 17"""
LobbyAction_Dance18#0,"""Dance 18"""
LobbyAction_orz#0,"""Depwessed"""
LobbyAction_kabe#0,"""Wean"""
LobbyAction_house#0,"""Dance 19"""
LobbyAction_momoi#0,"""Momoi"""
LobbyAction_headbanging#0,"""Headbang"""
LobbyAction_backflip#0,"""Backfwip"""
LobbyAction_cartwheel#0,"""Cawtwheew"""
LobbyAction_squat#0,"""Squat"""
LobbyAction_Dance20#0,"""Dance 20"""
LobbyAction_Dance21#0,"""Dance 21"""
LobbyAction_ichitarou2#0,"""Ichitawo 2"""
LobbyAction_ichitarou3#0,"""Ichitawo 3"""
LobbyAction_enomoto2#0,"""Enomoto 2"""
LobbyAction_enomoto3#0,"""Enomoto 3"""
LobbyAction_sc5_ulala#0,"""SC5 Uwawa"""
LobbyAction_talking#0,"""Tawking"""
LobbyAction_dance22#0,"""Dance 22"""
LobbyAction_dance23#0,"""Dance 23"""
LobbyAction_ichitaro4#0,"""Ichitawo 4"""
LobbyAction_visphon#0,"""Tewminaw Opewation"""
LobbyAction_koikoi#0,"""Hope"""
LobbyAction_dance24#0,"""Dance 24"""
LobbyAction_dance25#0,"""Dance 25"""
LobbyAction_dance26#0,"""Dance 26"""
LobbyAction_airguitar#0,"""Aiw Guitaw"""
LobbyAction_dance27#0,"""Dance 27"""
LobbyAction_horror#0,"""Howwow"""
LobbyAction_dance28#0,"""Dance 28"""
LobbyAction_yuruyuri#0,"""Akkawin!"""
LobbyAction_dance29#0,"""Dance 29"""
LobbyAction_dance30#0,"""Dance 30"""
LobbyAction_cold#0,"""Cowd"""
LobbyAction_dance31#0,"""Dance 31"""
LobbyAction_dance32#0,"""Dance 32"""
LobbyAction_warm#0,"""Wawm"""
LobbyAction_taiki1#0,"""Awaiting Owdews"""
LobbyAction_Fwpose#0,"""Cwiminaw Pose"""
LobbyAction_sokuchu#0,"""Sidefwip"""
LobbyAction_pose17#0,"""Pose 16"""
LobbyAction_danse33#0,"""Dance 33"""
LobbyAction_fightpose2#0,"""Fighting Pose 2"""
LobbyAction_fightpose1#0,"""Fighting Pose 1"""
LobbyAction_dance34#0,"""Dance 34"""
LobbyAction_dance35#0,"""Dance 35"""
LobbyAction_sing2#0,"""Singew"""
LobbyAction_fan#0,"""Fan 1"""
LobbyAction_syagam#0,"""Cwouch"""
LobbyAction_ bonodo#0,"""AWKS Dance"""
LobbyAction_guruguru#0,"""Spin"""
LobbyAction_fan2#0,"""Fan 2"""
LobbyAction_furafura#0,"""Staggewing"""
LobbyAction_strech#0,"""Gymnastics"""
LobbyAction_dance36#0,"""Dance 36"""
LobbyAction_float#0,"""Fwoat"""
LobbyAction_sit4#0,"""Sit 4"""
LobbyAction_dance37#0,"""Dance 37"""
LobbyAction_lean2#0,"""Waww Wean"""
LobbyAction_sidestep#0,"""Sidestep"""
LobbyAction_lookout#0,"""Suwvey"""
LobbyAction_snow2#0,"""Snowbaww Fight 2"""
LobbyAction_graduate#0,"""Gwaduation Pose"""
LobbyAction_petal#0,"""Fwowew Petaws"""
LobbyAction_kouhoutai1#0,"""Gwavuwe Pose"""
LobbyAction_kouhoutai4#0,"""Hooway"""
LobbyAction_bigpresent#0,"""Pwesent Box"""
LobbyAction_blanko#0,"""Swing"""
LobbyAction_tobu#0,"""Fwy"""
LobbyAction_simpledance#0,"""Unique Step"""
LobbyAction_dislike#0,"""Diswike"""
LobbyAction_catapult#0,"""Sowtie"""
LobbyAction_turn#0,"""Suwwound"""
LobbyAction_boxing2#0,"""Boxing 2"""
LobbyAction_Hyurandance#0,"""Hyuw Dance"""
LobbyAction_Miqo'tedance#0,"""Miqo'te Dance"""
LobbyAction_sitdown#0,"""Sit Down"""
LobbyAction_firedans#0,"""Fiwe Dance"""
LobbyAction_lean3#0,"""Sweepy"""
LobbyAction_airboard#0,"""Aiwboawd"""
LobbyAction_rappymimicry#0,"""Wappies"""
LobbyAction_liveperformance#0,"""Vo Pewfowmance"""
LobbyAction_shake#0,"""Sway"""
LobbyAction_cam2#0,"""Camewa 2"""
LobbyAction_yokoso1#0,"""Cheew 1"""
LobbyAction_yokoso2#0,"""Cheew 2"""
LobbyAction_motherc#0,"""Wefined Gweeting"""
LobbyAction_hozue#0,"""West Hands on Cheeks"""
LobbyAction_dance38#0,"""Dance 38"""
LobbyAction_Gformation#0,"""Gwoup Fowmation"""
LobbyAction_drift#0,"""Dwift"""
LobbyAction_signboard#0,"""Cawwy Sign"""
LobbyAction_vivian#0,"""Vivienne Dash"""
LobbyAction_cooking#0,"""Cook"""
LobbyAction_flightform#0,"""Fwight Fowmation"""
LobbyAction_teatime#0,"""Teatime, Anytime"""
LobbyAction_famitu#0,"""Wead Famitsu"""
LobbyAction_console2#0,"""Tewminaw Opewation 2"""
LobbyAction_snowplay#0,"""Pway In the Snow"""
LobbyAction_dance39#0,"""Dance 39"""
LobbyAction_shimamura#0,"""PW Pose"""
LobbyAction_liveperformance2#0,"""Vo Pewfowmance 2"""
LobbyAction_dance40#0,"""Dance 40"""
LobbyAction_dance41#0,"""Dance 42"""
LobbyAction_dance42#0,"""Dance 43"""
LobbyAction_dance43#0,"""Dance 41"""
LobbyAction_dance44#0,"""Dance 44"""
LobbyAction_gunaction#0,"""Weady Gun"""
LobbyAction_hagito#0,"""Hagith Phemut"""
LobbyAction_stscoter#0,"""Upwight Scootew"""
LobbyAction_ippuku#0,"""Ochaya Anywhewe"""
LobbyAction_waiting2#0,"""Waiting 2"""
LobbyAction_kumite#0,"""Fweestywe Fighting"""
LobbyAction_refuse#0,"""Swide Muv"""
LobbyAction_winnerdance#0,"""Winnew Dance"""
LobbyAction_watering#0,"""Watewing"""
LobbyAction_waitpose1#0,"""Waiting 3"""
LobbyAction_beastdush#0,"""Cat Cwaww"""
LobbyAction_dance45#0,"""Dance 45"""
LobbyAction_playcat#0,"""Pway with Cats"""
LobbyAction_liveperformance3#0,"""Vo Pewfowmance 3"""
LobbyAction_loserpose#0,"""[Wosew] Pose"""
LobbyAction_ski#0,"""Ski"""
LobbyAction_syachihoko#0,"""Syachihoko"""
LobbyAction_flyingbase#0,"""Fwying Base"""
LobbyAction_lookup#0,"""Wook Up"""
LobbyAction_repair#0,"""Wepaiw"""
LobbyAction_dance46#0,"""AWKS Dance 2"""
LobbyAction_swimming#0,"""Swim"""
LobbyAction_surfing#0,"""Suwfing"""
LobbyAction_konamon#0,"""Fwouw Cooking"""
LobbyAction_heropose#0,"""Hewo Pose"""
LobbyAction_dontaku#0,"""Dontaku"""
LobbyAction_rappyballoon#0,"""Wappy Bawwoon"""
LobbyAction_icecream#0,"""Eat Ice Cweam"""
LobbyAction_qunapose#0,"""Quna Pose"""
LobbyAction_liveperformance4#0,"""Vo Pewfowmance 4"""
LobbyAction_polldance#0,"""Powe Dance"""
LobbyAction_cameraappeal#0,"""Camewa Appeaw"""
LobbyAction_pizza#0,"""Pizza-wa"""
LobbyAction_swimming2#0,"""Poow Pway"""
LobbyAction_dance46_2#0,"""Dance 46"""
LobbyAction_kasakasa#0,"""Cwab Wawk"""
LobbyAction_reachingout#0,"""Howd Hands"""
LobbyAction_hangedman#0,"""Suspended"""
LobbyAction_wiping#0,"""Dust Cwoth"""
LobbyAction_pumpkin#0,"""Pumpkin"""
LobbyAction_trafficcontrol#0,"""Twaffic Contwow"""
LobbyAction_warp#0,"""Tewepowt"""
LobbyAction_dance47#0,"""Dance 47"""
LobbyAction_waiting4#0,"""Waiting 4"""
LobbyAction_waiting5#0,"""Waiting 5"""
LobbyAction_punk#0,"""Cwazy"""
LobbyAction_bodybuild#0,"""Body Buiwding"""
LobbyAction_waiting6#0,"""Waiting 6"""
LobbyAction_takoage#0,"""Fwy Kite"""
LobbyAction_prpose2#0,"""PW Pose 3?"""
LobbyAction_winnerdance2#0,"""Winnew Dance 2"""
LobbyAction_xierapose#0,"""Xiewa Pose"""
LobbyAction_bbq#0,"""Bawbecue"""
LobbyAction_dance48#0,"""Dance 48"""
LobbyAction_shoji#0,"""Shoji"""
LobbyAction_dance49#0,"""Dance 49"""
LobbyAction_norinori#0,"""High Spiwits"""
LobbyAction_dance50#0,"""Dance 50"""
LobbyAction_alisapose#0,"""Awisa Pose"""
LobbyAction_headwash#0,"""Wash Youw Head"""
LobbyAction_waiting7#0,"""Waiting 7"""
LobbyAction_rhythm#0,"""Whythm"""
LobbyAction_psnovapose1#0,"""NOVA Pose 1"""
LobbyAction_psnovapose2#0,"""NOVA Pose 2"""
LobbyAction_dance51#0,"""Dance 51"""
LobbyAction_rapper#0,"""Wap"""
LobbyAction_pose26#0,"""PW Pose 2"""
LobbyAction_voperformance5#0,"""Vo Pewfowmance 5"""
LobbyAction_tcg#0,"""VW Cawd Game"""
LobbyAction_Pchair_viri#0,"""Photon Chaiw (Viwidian)"""
LobbyAction_Pchair_green#0,"""Photon Chaiw (Gween)"""
LobbyAction_Pchair_sky#0,"""Photon Chaiw (Sky)"""
LobbyAction_Pchair_blue#0,"""Photon Chaiw (Bwue)"""
LobbyAction_Pchair_purple#0,"""Photon Chaiw (Puwpwe)"""
LobbyAction_Pchair_pink#0,"""Photon Chaiw (Pink)"""
LobbyAction_Pchair_red#0,"""Photon Chaiw (Wed)"""
LobbyAction_Pchair_oran#0,"""Photon Chaiw (Owange)"""
LobbyAction_Pchair_yellow#0,"""Photon Chaiw (Yewwow)"""
LobbyAction_Pchair_whiti#0,"""Photon Chaiw (White)"""
LobbyAction_Pchair_gold#0,"""Photon Chaiw (Gowd)"""
LobbyAction_Pchair_black#0,"""Photon Chaiw (Bwack)"""
LobbyAction_Pchair_rappy#0,"""Photon Chaiw (Wappy)"""
LobbyActionCategory_99#0,"""Wobby Actions: Favowited"""
LobbyActionCategory_1#0,"""Wobby Actions: Basic"""
LobbyActionCategory_2#0,"""Wobby Actions: Pawt 1"""
LobbyActionCategory_3#0,"""Wobby Actions: Pawt 2"""
LobbyActionCategory_4#0,"""Wobby Actions: Pawt 3"""
LobbyActionCategory_5#0,"""Wobby Actions: Pawt 4"""
LobbyActionCategory_6#0,"""Wobby Actions: Pawt 5"""
LobbyActionCategory_7#0,"""Wobby Actions: Pawt 6"""
LobbyActionCategory_8#0,"""Wobby Actions: Pawt 7"""
LobbyActionCategory_9#0,"""Wobby Actions: Wooping 1"""
LobbyActionCategory_10#0,"""Wobby Actions: Wooping 2"""
LobbyActionCategory_11#0,"""Wobby Actions: Wooping 3"""
LobbyActionCategory_12#0,"""Wobby Actions: Wooping 4"""
LobbyActionCategory_13#0,"""Wobby Actions: Wooping 5"""
LobbyActionCategory_14#0,"""Wobby Actions: Wooping 6"""
LobbyActionCategory_15#0,"""Wobby Actions: Pose"""
LobbyActionCategory_16#0,"""Wobby Actions: Dance (Woop 1)"""
LobbyActionCategory_17#0,"""Wobby Actions: Dance (Woop 2)"""
LobbyActionCategory_18#0,"""Wobby Actions: Dance (Woop 3)"""
LobbyActionCategory_19#0,"""Wobby Actions: Human Wettews"""
LobbyActionCategory_20#0,"""Wobby Actions: Photon Chaiw"""
LobbyAction_MonomanePayAction#0,"""To pewfowm this wobby action, the cowwesponding ticket is needed."""
LobbyActionCategoryTab_99#0,"""0. Favowited"""
LobbyActionCategoryTab_0#0,"""1. Dispway Aww"""
LobbyActionCategoryTab_1#0,"""2. Basic"""
LobbyActionCategoryTab_2#0,"""3. Pawt 1"""
LobbyActionCategoryTab_3#0,"""4. Pawt 2"""
LobbyActionCategoryTab_4#0,"""5. Pawt 3"""
LobbyActionCategoryTab_5#0,"""6. Pawt 4"""
LobbyActionCategoryTab_6#0,"""7. Pawt 5"""
LobbyActionCategoryTab_7#0,"""8. Pawt 6"""
LobbyActionCategoryTab_8#0,"""9. Pawt 7"""
LobbyActionCategoryTab_9#0,"""10. Additionaw (Woop 1)"""
LobbyActionCategoryTab_10#0,"""11. Additionaw (Woop 2)"""
LobbyActionCategoryTab_11#0,"""12. Additionaw (Woop 3)"""
LobbyActionCategoryTab_12#0,"""13. Additionaw (Woop 4)"""
LobbyActionCategoryTab_13#0,"""14. Additionaw (Woop 5)"""
LobbyActionCategoryTab_14#0,"""15. Additionaw (Woop 6)"""
LobbyActionCategoryTab_15#0,"""16. Pose"""
LobbyActionCategoryTab_16#0,"""17. Dance (Woop 1)"""
LobbyActionCategoryTab_17#0,"""18. Dance (Woop 2)"""
LobbyActionCategoryTab_18#0,"""19. Dance (Woop 3)"""
LobbyActionCategoryTab_19#0,"""20. Human Wettews"""
LobbyActionCategoryTab_20#0,"""21. Photon Chaiw"""
LobbyActionCategoryTab_Used#0,"""Wecentwy Used"""
LobbyActionSex_0#0,"""Mawe Pose"""
LobbyActionSex_1#0,"""Femawe Pose"""
LobbyAction_Random#0,"""Wandom"""
LobbyAction_None#0,"""None"""
LobbyAction_Favorite_Add#0,"""Add to favowites"""
LobbyAction_Favorite_Delete#0,"""Wemuv fwom favowites"""
LobbyAction_Favorite_Up#0,"""Muv Up 1"""
LobbyAction_Favorite_Down#0,"""Muv Down 1"""
LobbyAction_Favorite_Top#0,"""Muv to the Top"""
LobbyAction_Favorite_Bottom#0,"""Muv to the Bottom"""
LobbyAction_Favorite_Add_Msg#0,"""The wobby action 「$(0)」 was added to favowites. （$(1)/$(2)）"""
LobbyAction_Favorite_Add_ErrorMsg#0,"""Wegistwation faiwed because you have weached the wimit of favowites. （$(0)/$(1)）"""
LobbyAction_Favorite_Delete_Msg#0,"""The wobby action 「$(0)」 was wemuvd fwom favowites.（$(1)/$(2)）"""
Term_Area#0,"""$(0)/$(1)"""
Term_Positon#0,"""($(0),$(1),$(2))"""
Term_Hp#0,"""$(0)/$(1)"""
Term_Pp#0,"""$(0)/$(1)"""
Term_ClassSub#0,"""$(0) Lv.$(2)/$(1) Lv. $(3)"""
Term_Class#0,"""$(0) Lv.$(1)"""
BlockForm_Title#0,"""Bwock Twansfew"""
BlockForm_Title2#0,"""Bwock Descwiption"""
BlockForm_MyRoom#0,"""Muv to Youw Woom"""
BlockForm_GuildRoom#0,"""Go to Youw Team Woom"""
BlockForm_PublicShip#0,"""Go to Shawed Ship"""
BlockForm_PublicShip_Poka#0,"""Go to Shawed Ship Battwe Wobby"""
BlockForm_PublicShip_Challenge#0,"""Go to Shawed Ship Chawwenge Wobby"""
BlockForm_PokaLobby#0,"""Go to Battwe Wobby"""
BlockForm_ChallengeLobby#0,"""Go to Chawwenge Wobby"""
BlockForm_MyShip#0,"""To Youw Ship"""
BlackForm_Cancel#0,"""Wetuwn"""
BlackForm_Explanation#0,"""Expwanation"""
BlackForm_PremiumSpace#0,"""Pwemium Space"""
BlockForm_PublicShip_Exp#0,"""By moving to a shared ship, you will be<br>automatically removed from your party and<br>any accepted quests will be cancelled.<br><br>Furthermore, any effects earned through<br>quests you have accepted will disappear.<br><br>Transfer to a shared ship?"""
BlockForm_PublicShip_Exp_TriggerQuest#0,"""<yellow>トリガークエストを受注中です！<c><br><br>共通シップへ移動すると、パーティーから<br>自動的に脱退し、マルチパーティーも含め<br><yellow>クエスト参加者全員がクエスト破棄となります。<c><br>※トリガークエストの再受注可能時間<br>\u3000または回数が残っている場合に限ります。<br><br>また、クエスト内で得られる効果も<br>すべて消えてしまいます。<br><br><red>クエストを開始するために消費した<br>メセタやアイテムは返却されませんので、<br>トラブルの原因になる可能性があります。<br>ご注意ください。<c><br><br>共通シップに移動しますか？"""
BlockForm_MyShip_Exp#0,"""By moving to your ship, you will be<br>automatically removed from your party and<br>any accepted quests will be cancelled.<br><br>Furthermore, any effects earned through<br>quests you have accepted will disappear.<br><br>Transfer to your ship?"""
BlockForm_MyShip_Exp_TriggerQuest#0,"""<yellow>トリガークエストを受注中です！<c><br><br>所属シップへ移動すると、パーティーから<br>自動的に脱退し、マルチパーティーも含め<br><yellow>クエスト参加者全員がクエスト破棄となります。<c><br>※トリガークエストの再受注可能時間<br>\u3000または回数が残っている場合に限ります。<br><br>また、クエスト内で得られる効果も<br>すべて消えてしまいます。<br><br><red>クエストを開始するために消費した<br>メセタやアイテムは返却されませんので、<br>トラブルの原因になる可能性があります。<br>ご注意ください。<c><br><br>所属シップに移動しますか？"""
BlockForm_Move_Exp#0,"""You will move to another block.<br>You'll automatically leave the<br>party you're in and any quests<br>active will be cancelled.<br><br>Any boosts effects received from<br>the \""Medical Center\"" or from within<br>a quest, will also be cancelled."""
BlockForm_Move_Exp_TriggerQuest#0,"""<yellow>トリガークエストを受注中です！<c><br><br>ブロックを移動すると、パーティーから<br>自動的に脱退し、マルチパーティーも含め<br><yellow>クエスト参加者全員がクエスト破棄となります。<c><br>※トリガークエストの再受注可能時間<br>\u3000または回数が残っている場合に限ります。<br><br>また、クエスト内で得られる効果も<br>すべて消えてしまいます。<br><br><red>クエストを開始するために消費した<br>メセタやアイテムは返却されませんので、<br>トラブルの原因になる可能性があります。<br>ご注意ください。<c>"""
BlockForm_ToMyShip_Exp#0,"""Matching will be cancelled<br>if you transfer to your ship.<br><br><br>Transfer to your ship?"""
BlockForm_ToChallengeLobby_Exp#0,"""Matching will be cancelled<br>if you move to a challenge lobby.<br><br><br>Transfer to a challenge lobby?"""
BlockForm_ToBattleLobby_Exp#0,"""You will be automatically withdrawn from your<br>party and any active quests will be cancelled<br>if you transfer to a battle lobby.<br><br>Also, any special effects earned<br>from accepted quests will disappear.<br><br>Transfer to the battle lobby?"""
BlockForm_BattleLobbyToBattleLobby_Exp#0,"""Matching will be canceled<br>if you move to a battle block.<br><br>Change blocks?"""
BlockForm_BattleLobbyToBattleLobby_Exp_NoMatching#0,"""This will move you to another battle block.<br>Continue?<br><br><c c0c0c0>※Matching in the Battle Arena uses all blocks,<br>so moving to a different block will not change<br>the matching results.<c>"""
BlockForm_MyRoom_Exp#0,"""Awe you suwe you want to go to youw woom?"""
BlockForm_GuildRoom_Exp#0,"""Do you want to go to youw Team Woom?"""
BlockForm_Move_Que#0,"""Are you sure you want to move to<br>$(0)?"""
BlockForm_BlockName#0,"""Tawget bwock"""
BlockForm_Error_Full#0,"""Cannot enter selected block<br>due to too many players."""
BlockForm_Error_NotFound#0,"""Selected block could not be found.<br><br>[No.1000]"""
BlockForm_Error_Unknown#0,"""Could not enter selected block<br>due to error.<br><br>[No.1001]"""
BlockForm_Error_Default#0,"""You cannot enter this block due to an<br>unknown error.<br><br><br>[No.1002]"""
BlockForm_Error_Premium#0,"""You've attempted to move to a Premium block.<br>You do not have a Premium ticket,<br>or your Premium has expired,<br>so you cannot move to this block.<br><br>[No.1003］"""
BlockForm_Error_Platform#0,"""You cannot move to this block because<br>you are on the incorrect platform.<br><br>[No.1004］"""
AreaForm_BridgeArea_Exp#0,"""Twansfew to the Bwidge?"""
AreaForm_CafeArea_Exp#0,"""Do you want to go to Fwanka's Cafe?"""
Bond_message#0,"""$(0)<br><br>$(1)"""
InPublicShipToast#0,"""Tempowawiwy switched to common ship use."""
InChallengeShipToast#0,"""Tempowawiwy changed to dedicated Chawwenge Ship."""
InPokaShipToast#0,"""Tempowawiwy changed to dedicated Battwe Awena."""
BlockForm_Move_Exp_HighLevelQuest#0,"""<red>受注中のクエストは<br>「破棄ペナルティー」対象です！<c><br><br>破棄すると他のプレイヤーに迷惑がかかるため、<br>発生中の緊急クエストを再受注できなくなります。<br>また、強制的に別ブロックへの移動が行われます。<br><br>ブロックを移動すると、パーティーから<br>自動的に脱退して、受注中のクエストが破棄されます。"""
BlockForm_PublicShip_Exp_HighLevelQuest#0,"""<red>受注中のクエストは<br>「破棄ペナルティー」対象です！<c><br><br>破棄すると他のプレイヤーに迷惑がかかるため、<br>発生中の緊急クエストを再受注できなくなります。<br>また、強制的に別ブロックへの移動が行われます。<br><br>共通シップに移動すると、パーティーから<br>自動的に脱退して、受注中のクエストが破棄されます。<br><br>「破棄ペナルティー」を受け、共通シップに移動します。<br>よろしいですか？"""
BlockForm_MyShip_Exp_HighLevelQuest#0,"""<red>受注中のクエストは<br>「破棄ペナルティー」対象です！<c><br><br>破棄すると他のプレイヤーに迷惑がかかるため、<br>発生中の緊急クエストを再受注できなくなります。<br>また、強制的に別ブロックへの移動が行われます。<br><br>所属シップに移動すると、パーティーから<br>自動的に脱退して、受注中のクエストが破棄されます。<br><br>「破棄ペナルティー」を受け、所属シップに移動します。<br>よろしいですか？"""
Master#0,"""Team Mastew"""
Manager#0,"""Managew"""
Common#0,"""Common Membew"""
Visitor#0,"""Visitow"""
Unknown#0,"""Unaffiwiated"""
NewMail#0,"""New Maiw"""
NewFriendLIst#0,"""New Fwiend Wequest"""
NewParty#0,"""New Pawty Invitation"""
NewTeam#0,"""New Team Invitation"""
NewTrade#0,"""New Twade Wequest"""
NewQuest#0,"""Quest Confiwm"""
NewExpMail#0,"""Maiw Dewivewed"""
NewExpTrade#0,"""Twade Wequest Sent"""
NewExpFriendLIst#0,"""Fwiend Wequest Sent"""
NewExpParty#0,"""Pawty Invite Sent"""
NewExpTeam#0,"""Team Invite Sent"""
NewExpQuest#0,"""Quest Invite Sent"""
NewTitleParty#0,"""Wepwy to pawty invitation"""
NewTitleFriend#0,"""Wepwy to fwiend wequest"""
NewTitleTeam#0,"""Wepwy to team scout"""
NewTitleTrade#0,"""Wepwy to twade"""
NewCheckMail#0,"""Undecided"""
NewCheckFriendList#0,"""$(0) has sent you a friend request.<br>Open the Friend List window to reply?<br><br>※If you select No you can reply later<br>by going to your Friend List."""
NewCheckParty#0,"""$(0) has invited you to join their party.<br>Open the Join Party window to reply?<br><br>※If you select No you can reply later<br>by going to Party Commands."""
NewCheckTrade#0,"""$(0) has wequested to twade with you. Open the Twade window?"""
NewCheckTeam#0,"""$(0) has scouted you for their Team.<br>Open the Recruitment window to reply?<br><br>※If you select No you can reply later<br>by going to Team Commands."""
PremiumEnd#0,"""Youw pwemium set wiww expiwe soon."""
AccessConfirm_Vita#0,"""Webページへ移動します。<br>ログアウトしてゲームを終了しますが<br>よろしいですか？"""
AccessConfirmTitle_Vita#0,"""ブラウザー起動確認"""
Broken_Vita#0,"""ロードに失敗しました。<br>$(0)データが破損していた為<br>新しいセーブデータを上書きしました。"""
Type_1#0,"""Options"""
Type_2#0,"""System"""
Type_3#0,"""Cweate"""
Type_4#0,"""Powtwait"""
Type_5#0,"""Window Pwefewences"""
Initialize#0,"""Cweating save data... $(0)%"""
title#0,"""Wogin Histowy (Watest 50)"""
login_history_date#0,"""Wogin Date"""
login_history_ip#0,"""IP Addwess"""
login_history_status#0,"""Status"""
login_history_supplement#0,"""※If there is a <yellow>e-mail authentication<c> or <yellow>login<c> that you do not recognize, contact support.※"""
State_OK#0,"""<green>Logged in.<c>"""
State_OK_PcAuth#0,"""<red>Mail authenticated.<c>"""
State_Error_Account#0,"""<yellow>Login Error<c>"""
State_Error_PcAuth#0,"""<yellow>Mail Authentication Error<c>"""
State_Error_PcAuth_send#0,"""<yellow>Authentication mail sent.<c>"""
State_Error_OTP#0,"""<yellow>One Time Password Error<c>"""
State_Reject_Maintenance#0,"""Undew maintenance."""
State_Reject_System#0,"""Couwd not wog in."""
NoDataError#0,"""Unabwe to wetwieve infowmation."""
IPAddress#0,"""$(0).$(1).$(2).$(3)"""
DateWeek#0,"""$(1)/$(2)/$(0) ($(3))"""
DateWeek_v#0,"""$(0)/$(1)/$(2)/($(3))"""
DateTime#0,""" $(0):$(1)"""
DateTime_v#0,"""$(0):$(1)"""
Sunday#0,"""Sun."""
Monday#0,"""Mon."""
Tuesday#0,"""Tues."""
Wednesday#0,"""Wed."""
Thursday#0,"""Thuw."""
Friday#0,"""Fwi."""
Saturday#0,"""Sat."""
Notice_Title#0,"""Item Twansaction Passwowd Not Set"""
Notice_Text#0,"""The \""Item Transaction Password\"" is used to<br>prevent item transactions in case your account<br>is stolen.<br><br>In order to use specific features (such as item<br>trading), you need to set a password.<br><br>Personal information like date of birth, address,<br>phone number, serial numbers, etc are <yellow>easy to<br>guess and not safe<c>.<br>Please do not use these."""
Notice_Button1#0,"""Confiwm"""
Notice_Button2#0,"""Cancew"""
Edit_Title#0,"""Item Twansaction Passwowd Wegistwation"""
Edit_Text#0,"""Please enter a password (Must be <yellow>5 numbers<c>)"""
Edit_Menu1#0,"""Passwowd:"""
Edit_Menu2#0,"""Passwowd again:"""
Edit_Notice#0,"""The Item Transaction password you<br>registered will be required to trade items.<br><br>Please enter the password using your mouse<br>and the buttons on the right."""
Edit_NoticeV#0,"""登録したアイテム取引パスワードは<br>アイテムを取引する際に必要となります。"""
Edit_NoticePS4#0,"""登録したアイテム取引パスワードは<br>アイテムを取引する際に必要となります。<br><br>右に表示されているボタンから、マウスを使って<br>パスワードを入力することも可能です。"""
Edit_Button1#0,"""Confiwm"""
Edit_Button2#0,"""Cancew"""
Edit_KeyShuffle#0,"""Shuffwe"""
Edit_KeyShow#0,"""Show"""
Edit_KeyHide#0,"""Hide"""
Error_Title#0,"""Item Twansaction Passwowd"""
Error_Button1#0,"""OK"""
Input_Error_Text1#0,"""Pwease make suwe youw entwy in the Passwowd and We-Entew fiewds match."""
Input_Error_Text2#0,"""Pwease make suwe the new passwowd is cowwect and we-entew it."""
Input_Error_Text3#0,"""Passwowd was not entewed cowwectwy."""
Complete_Title#0,"""Item Twansaction Passwowd Wegistwation"""
Complete_Text#0,"""Item Twade/Twansaction code has been wegistewed."""
Complete_Button1#0,"""OK"""
Edit_Error_Title#0,"""Ewwow"""
Edit_Error_Button1#0,"""OK"""
Entry_Title#0,"""Item Twansaction Passwowd"""
Entry_Text#0,"""Please enter a password (Must be <yellow>5 numbers<c>)"""
Entry_Menu1#0,"""Passwowd"""
Entry_Notice#0,"""For your account's safety, please enter<br>your Item Transaction Password.<br><br>If you enter an incorrect password six times,<br>your Item Transaction Password will be locked.<br>To change or reset the password, please<br>select \""Change / Reset\""."""
Entry_NoticeV#0,"""正しくないパスワードが6回入力されると<br>アイテム取引パスワードがロックされます。<br><yellow>パスワードを忘れた場合は、オンラインマニュアルの<br>「アイテム取引パスワード」項目をご確認ください。<c>"""
Entry_NoticePS4#0,"""右に表示されているボタンから、マウスを使って<br>パスワードを入力することも可能です。<br><br>正しくないパスワードが6回入力されると<br>アイテム取引パスワードがロックされます。<br><yellow>パスワードを忘れた場合は、オンラインマニュアルの<br>「アイテム取引パスワード」項目をご確認ください。<c>"""
Entry_Button1#0,"""Confiwm"""
Entry_Button2#0,"""Cancew"""
Entry_Text2#0,"""Change ow wemuv the Item Twansaction Passwowd"""
Entry_Button3#0,"""Change / Weset"""
Entry_Button4#0,"""Wemuv"""
Entry_Button5#0,"""Weset Passwowd"""
Lock_Title#0,"""Ewwow"""
Lock_Button1#0,"""OK"""
Change_Title#0,"""Item Twansaction Passwowd Change"""
Change_Text#0,"""Please enter a password (Must be <yellow>5 numbers<c>)"""
Change_Menu1#0,"""Owd passwowd:"""
Change_Menu2#0,"""New passwowd:"""
Change_Menu3#0,"""Passwowd again:"""
Change_Notice#0,"""For your account's safety, please enter<br>your Item Transaction Password.<br>To reset the password, please<br>select \""Reset password\""."""
Change_NoticeV#0,"""登録したアイテム取引パスワードは<br>アイテムを取引する際に必要となります。<br><br>パスワードをリセットする場合は<br>「パスワードのリセット」を選択してください。"""
Change_NoticePS4#0,"""右に表示されているボタンから、マウスを使って<br>パスワードを入力することも可能です。<br>パスワードをリセットする場合は<br>「パスワードのリセット」を選択してください。"""
Change_Button2#0,"""Cancew"""
Change2_Title#0,"""Confiwmation"""
Change2_Text#0,"""This will change the Item Transaction Password to the new one.<br>Are you sure?"""
Change2_Button1#0,"""Yes"""
Change2_Button2#0,"""No"""
Changed_Title#0,"""Item Twansaction Passwowd Change"""
Changed_Text#0,"""Item Twansaction Passwowd has been changed."""
Changed_Button1#0,"""OK"""
Remove_Title#0,"""Item Twansaction Passwowd Wemovaw"""
Remove_Text#0,"""Please enter a password (Must be <yellow>5 numbers<c>)"""
Remove_Menu1#0,"""Passwowd"""
Remove_Notice#0,"""Please enter the password using your mouse<br>and the buttons on the right.<br><br>The system will be locked if you enter an<br>incorrect password 6 times."""
Remove_NoticeV#0,"""正しくないパスワードが6回入力されると<br>アイテム取引パスワードがロックされます。<br><yellow>パスワードを忘れた場合は、オンラインマニュアルの<br>「アイテム取引パスワード」項目をご確認ください。<c>"""
Remove_NoticePS4#0,"""右に表示されているボタンから、マウスを使って<br>パスワードを入力することも可能です。<br><br>正しくないパスワードが6回入力されると<br>アイテム取引パスワードがロックされます。"""
Remove_Button1#0,"""Wemuv"""
Remove_Button2#0,"""Cancew"""
Remove2_Title#0,"""Confiwmation"""
Remove2_Text#0,"""This will remove the Item Transaction Password.<br>Continue?"""
Remove2_Button1#0,"""Yes"""
Remove2_Button2#0,"""No"""
Removed_Title#0,"""Item Twansaction Passwowd Wemovaw"""
Removed_Text#0,"""Item Twansaction Passwowd wemuvd."""
Removed_Button1#0,"""OK"""
Erase_Title#0,"""Weset Item Twansaction Passwowd"""
Erase_Text#0,"""This will reset your Item Transaction Password<br>and you will need to choose a new one<br>next time you login.<br><br>Continue?"""
Erased_Text#0,"""Item Twansaction Passwowd has been weset."""
VitaOpenWeb_Title#0,"""ブラウザー起動確認"""
VitaOpenWeb_Text#0,"""Webページへ移動します。<br>ログアウトしてゲームを終了しますが<br>よろしいですか？"""
Erase_Error#0,"""You cannot set a new Item Transaction Password<br>while you are logged in.<br><br>You can reset the Item Transaction Password<br>through the player support site.<br><br>Do you want to reset it from the support page?"""
TimeSaleMessage#0,"""Right now, a sale on $(2) is underway!<br><br>$(0)<br><br>$(1)まで"""
GmMsg_000#0,"""予告：$(0)月$(1)日$(2)時$(3)分よりアークスシップ全艦を挙げての第$(4)回アークスシップ対抗戦を開催予定。多くのアークスの参加を期待している。以上。"""
GmMsg_001#0,"""通達：現在、第$(0)回アークスシップ対抗戦\u3000第$(1)ラウンドを開催中。参加するアークス各員は目標を確認し、状況を開始せよ。以上。"""
GmMsg_002#0,"""予告：$(0)月$(1)日$(2)時$(3)分より第$(4)ラウンドを開始する。参加するアークス各員は準備を整え待機せよ。以上。"""
GmMsg_003#0,"""通達：これより第$(0)ラウンドを開始する。参加するアークス各員は目標を確認し、状況を開始せよ。以上。"""
GmMsg_004#0,"""通達：第$(0)ラウンドの終了を宣言する。結果発表まで、しばし待機せよ。以上。"""
GmMsg_005#0,"""報告：$(0)月$(1)日$(2)時$(3)分よりショップエリア、巨大モニター前にて、先ほど終了した第$(4)ラウンドの結果発表を行う。以上。"""
GmMsg_006#0,"""通達：現時刻を以て、アークスシップ全艦を挙げての第$(0)回アークスシップ対抗戦を終了する。全アークスの健闘に感謝する。最終結果の発表まで、今しばし待機せよ。以上。"""
GmMsg_007#0,"""報告：$(0)月$(1)日$(2)時$(3)分より第$(4)回アークスシップ対抗戦最終結果の発表をショップエリア、巨大モニター前にて行う。至急集合されたし。以上。"""
GmMsgF_000#0,"""ご連絡：$(0)月$(1)日$(2)時$(3)分よりアークスシップ全艦をあげての第$(4)回アークスシップ対抗戦を開催いたします。"""
GmMsgF_001#0,"""お知らせ：現在、第$(0)回アークスシップ対抗戦\u3000第$(1)ラウンドを開催中となります。皆々様、ご健闘いただけると幸いです。"""
GmMsgF_002#0,"""ご連絡：$(0)月$(1)日$(2)時$(3)分より第$(4)ラウンドとなります。参加される皆々様につきましては、ご準備のほどを宜しくお願いいたします。"""
GmMsgF_004#0,"""お知らせ：第$(0)ラウンドは終了となります。皆々様、結果発表まで今しばしお待ちいただきますよう、宜しくお願いいたします。"""
GmMsgF_005#0,"""ご報告：$(0)月$(1)日$(2)時$(3)分よりショップエリア、巨大モニター前にて、先程終了いたしましたラウンドの結果発表を行います。皆々様、お集まりくださいませ。"""
GmMsgF_006#0,"""お知らせ：現時刻をもちまして、アークスシップ全艦をあげての第$(0)回アークスシップ対抗戦を終了とさせていただきます。皆々様の健闘に、心より感謝を申し上げます。"""
GmMsgF_007#0,"""ご報告：$(0)月$(1)日$(2)時$(3)分より第$(4)回アークスシップ対抗戦最終結果の発表をショップエリア、巨大モニター前にて行います。皆々様、お集まりくださいますよう、宜しくお願いいたします。"""
PetKind00001#0,"""Wanda"""
PetKind00002#0,"""Towim"""
PetKind00003#0,"""Cewy"""
PetKind00004#0,"""Mawon"""
PetKind00005#0,"""Mewon"""
PetKind00006#0,"""Viowa"""
PetKind00007#0,"""Wappy"""
PetKind00008#0,"""Synchwo"""
PetKind00009#0,"""Jinga"""
PetKind00010#0,"""Aewo"""
PetKind00011#0,"""Poppwe"""
PetKind00012#0,"""Wedwan"""
PetKind00013#0,"""-"""
Ship01#0,"""Ship01:Feoh"""
Ship02#0,"""Ship02:Owo"""
Ship03#0,"""Ship03:Thorn"""
Ship04#0,"""Ship04:UmU"""
Ship05#0,"""Ship05:Laguz"""
Ship06#0,"""Ship06:Ken"""
Ship07#0,"""Ship07:Geofu"""
Ship08#0,"""Ship08:Wynn"""
Ship09#0,"""Ship09:Hagall"""
Ship10#0,"""Ship10:Nauthiz"""
Self01_01#0,"""Sewf01_01"""
Self01_02#0,"""Sewf01_02"""
Self02_01#0,"""Sewf02_01"""
Self02_02#0,"""Sewf02_02"""
Ship01_01#0,"""Ship01"""
Ship01_02#0,"""Ship02"""
Ship01#1,"""Ship01"""
Ship02#1,"""Ship02"""
Ship03#1,"""Ship03"""
Ship04#1,"""Ship04"""
Ship05#1,"""Ship05"""
Ship06#1,"""Ship06"""
Ship07#1,"""Ship07"""
Ship08#1,"""Ship08"""
Ship09#1,"""Ship09"""
Ship10#1,"""Ship10"""
AcQuickChargeCoin#0,"""$(0)<pict Arcscash>"""
AcQuickChargePrice#0,"""￥$(0) (Tax Incwuded)"""
AcQuickChargeTitle#0,"""AC Quick Chawge"""
AcQuickChargeMessage#0,"""The following AC Charge amount<br>will be charged to your payment credit card.<br>Continue?<br><br>AC Charge Amount: $(0)<br>Price: $(1)"""
AcQuickChargeCompTitle#0,"""AC Quick Chawge"""
AcQuickChargeComp#0,"""AC Quick Chawge Compweted."""
AcQuickChargeErrorTitle#0,"""AC Chawge Ewwow"""
AcQuickChargeError#0,"""AC Quick Chawge Faiwed."""
MenuCharge#0,"""AC Quick Chawge"""
MenuButtonChargeGo#0,"""AC Quick Chawge"""
MenuButtonChancel#0,"""Cancew"""
MenuButtonWebGo#0,"""Chawge Fwom Web Page"""
MenuButtonPsStoreGo#0,"""AC Chawge Fwom PwayStation®Stowe"""
MenuButtonLawConfirm#0,"""Dispway Twansaction Based On Settings"""
Acnum#0,"""AC Chawge Amount"""
ACPrice#0,"""Pwice"""
Quick_Guide#0,"""Set the amount of AC you wish to purchase<br>and select \""AC quick charge\"".<br><br>You can also charge AC and change your<br>registered information on the player website."""
Quick_Guide_PS4#0,"""購入するACチャージ額を選択し<br>「ACクイックチャージする」を選択してください。<br><br>「PlayStation®StoreからACチャージする」を<br>選ぶこともできます。"""
download_progress#0,"""Instaww Pwogwess: $(0)%"""
PlayGo_AreaMove_Message#0,"""移動先のエリアのインストールが完了していません。<br>インストールが完了してから、<br>アクセスし直してください。<br><br>インストール中：$(0)％"""
