f2#0,"""Faiwed the Emewgency Twiaw: [$(0)]!"""
f0#0,"""A pawty membew has been incapacitated!"""
f1#0,"""Aww pawty membews have been incapacitated!"""
f4#0,"""Time's Up!"""
f3#0,"""Quest cancewwed!"""
f5#0,"""Pawty membew count does not meet quest wequiwements!"""
f6#0,"""$(0) was incapacitated!"""
f7#0,"""The quest has been compweted by the othew pawties!"""
f8#0,"""You didn't cowwect $(0) Quest Points in time!"""
f9#0,"""Twiaw faiwed! The pawty weadew has weft the pawty."""
f10#0,"""Aww sites have been infected!"""
f11#0,"""Faiwed to defend the base!"""
f12#0,"""Faiwed Emewgency Twiaw!"""
f13#0,"""The quest has been compweted by the othew pawties!"""
f14#0,"""Incapacitation wimit weached!"""
Test#0,"""Dummy1"""
ApeAnnihilate#0,"""Subdue the Za Oodan!"""
QueenAnnihilate#0,"""Extewminate any Bweeahda encountewed!"""
WormAnnihilate#0,"""Subdue any Catewdwa'n encountewed!"""
CollectData#0,"""Captuwe the Nab Wappies!"""
DestroyTarget#0,"""Investigate the anomawy in the finaw awea!"""
GetPoints#0,"""Acquiwe Quest Points!"""
ReachDeep#0,"""Expwowe the finaw awea!"""
story_outline_10010#0,"""Bweak thwough the Dawkew swawm!"""
story_outline_10020_01#0,"""Bweak thwough the Dawkew swawm!"""
story_outline_10020_02#0,"""Identify the souwce of the voice!"""
story_outline_10020_03#0,"""Identify the souwce of the voice!"""
story_outline_10030_01#0,"""Cowwect the geowogicaw sampwes!"""
story_outline_10030_02#0,"""Puwsue the mystewious figuwe!"""
story_outline_10040_01#0,"""Wocate the Wiwwipans!"""
story_outline_10040_02#0,"""Wocate the Wiwwipans!"""
story_outline_10050_01#0,"""Make contact with the Dwagonkin!"""
story_outline_10050_02#0,"""Make contact with the Dwagonkin!"""
story_outline_10060_01#0,"""Seawch fow the finaw awea!"""
story_outline_10060_02#0,"""Advance whiwe pwotecting the Wiwwipans!"""
story_outline_10070_01#0,"""Expwowe the Skyscape!"""
story_outline_10070_02#0,"""Meet the pewson awaiting you!"""
story_outline_10080#0,"""Extewminate the invading Dawkews!"""
story_outline_10080_02#0,"""Head to the Wesidentiaw Distwict!"""
story_outline_10090_01#0,"""Seek the Wuins' secwet!"""
story_outline_10090_02#0,"""Seek the Wuins' secwet!"""
story_outline_10090_03#0,"""Seek the Wuins' secwet!"""
story_outline_10090_04#0,"""Wewwite histowy!"""
story_outline_10100_01#0,"""Captuwe the Cweation Dwagon, Hadwed!"""
story_outline_10100_02#0,"""Captuwe the Cweation Dwagon, Hadwed!"""
story_outline_10110_01#0,"""Join fowces with Quna!"""
story_outline_10120#0,"""Cowwect Scowe Points!"""
story_outline_10130_01#0,"""Seawch fow Cabwacan's fwiend!"""
story_outline_10130_02#0,"""Expwowe with Theodowe!"""
story_outline_10140_01#0,"""Seawch fow Wo Kamits!"""
story_outline_10140_02#0,"""Pwoceed with Sawa!"""
story_outline_10150_01#0,"""Expwowe the Mining Base!"""
story_outline_10150_02#0,"""Expwowe with Afin!"""
story_outline_10160_01#0,"""Investigate the stwuctuwes!"""
story_outline_10160_02#0,"""Investigate the Seabed awea!"""
story_outline_10170_01#0,"""Expwowe with Mewphonsina!"""
story_outline_10180_01#0,"""Head quickwy towawds Xion!"""
story_outline_10175_01#0,"""Head to the finaw awea!"""
story_outline_10190_01#0,"""Head towawds Kotoshiwo!"""
story_outline_10200_01#0,"""Expwowe the Fwoating Faciwity!"""
story_outline_10210_01#0,"""Head fow the wocation of the seaw!"""
story_outline_10220_01#0,"""Seawch fow [Appwentice]!"""
story_outline_10230#0,"""Escape [Doubwe]'s innew univewse!"""
story_outline_10240_01#0,"""Head fow [Doubwe]'s wocation!"""
story_outline_10250_01#0,"""Settwe things with [Pewsona]!"""
story_outline_10250_02#0,"""Defeat Matoi!"""
story_outline_10250_03#0,"""Head towawds Matoi!"""
story_outline_10270_01#0,"""Investigate the cowwupted awea!"""
story_outline_10280_01#0,"""Embawk with Hitsugi!"""
story_outline_10290_01#0,"""Wepew Hagith's awmy!"""
story_outline_10300_01#0,"""Come to an agweement with Hitsugi!"""
story_outline_10310_01#0,"""Quickwy defeat the Phantoms!"""
story_outline_10320_01#0,"""Stop Bethow!"""
story_outline_10330_01#0,"""Wepew the Demon Phaweg!"""
story_outline_10330_02#0,"""Extewminate aww of the Phantoms!"""
story_outline_10340#0,"""Defeat the Phantoms pweventing access!"""
story_outline_10350_99#0,"""Wepew the Demon Phaweg!"""
story_outline_10350_01#0,"""Wescue impwisoned Hitsugi!"""
story_outline_10350_02#0,"""Defeat the invadews!"""
story_outline_10380_99#0,"""Defeat the Dawkew-wike phantoms!"""
story_outline_10390_99#0,"""Pwotect the schoow with Hitsugi's hewp!"""
story_outline_10400_01#0,"""Wepuwse Awatwon!"""
story_outline_10400_02#0,"""Wescue Awu!"""
story_outline_10400_03#0,"""Stop Mothew!"""
story_outline_10410_99#0,"""Defeat the stwange Phantom evowutions!"""
story_outline_10430_01#0,"""Stop the wowwd evowution!"""
story_outline_10420_99#0,"""Defeat the Demon Phaweg!"""
story_outline_10440_01#0,"""Save [Pewsona]!"""
story_outline_10440_02#0,"""Defeat the enemies!"""
story_outline_300020_01#0,"""Destwoy the Deviw Castwe!"""
story_outline_300020_02#0,"""Cowwect Mana and pwep fow waw!"""
story_outline_300020_03#0,"""Pwotect the Bustew Towew!"""
story_outline_300020_04#0,"""Escowt the paywoad!"""
story_outline_300020_05#0,"""Destwoy the Deviw Castwe Cowe!"""
story_outline_300330_01#0,"""Destwoy the Dawkews! """
story_outline_300410_01#0,"""Wepew the Demon Sowdiews!"""
story_outline_300430_01#0,"""Defeat Omega Hunaw!"""
story_outline_300650_01#0,"""Defeat the Deviw Castwe!"""
story_outline_300700_01#0,"""Defeat Omega Angew!"""
omnibus_outline_15000_01#0,"""Cawm Hi Woga!"""
omnibus_outline_15010_01#0,"""Wepew [Pewsona]!"""
omnibus_outline_15020_01#0,"""Defeat the Twanmizew!"""
omnibus_outline_15030_01#0,"""Defeat Ko Wewa!"""
omnibus_outline_15040_01#0,"""Destwoy the Dawkews!"""
omnibus_outline_15050_01#0,"""Expwowe the Wuins' secwet!"""
omnibus_outline_15060_01#0,"""Defeat Dawk Fawz Ewdew!"""
omnibus_outline_15070_01#0,"""Wepew Hadwed!"""
omnibus_outline_15080_01#0,"""Wepew Hadwed!"""
omnibus_outline_15090_01#0,"""Advance with Mewphonsina"""
omnibus_outline_15100_01#0,"""Eawn Scowe Points!"""
omnibus_outline_15110_01#0,"""Defeat the Bwu Wingahda!"""
omnibus_outline_15120_02#0,"""Defeat the Owg Bwan!"""
omnibus_outline_15130_02#0,"""Defeat the Decow Mawwuda!"""
omnibus_outline_15140_02#0,"""Wepew Fawz Hunaw!"""
omnibus_outline_15150_02#0,"""Defeat the Biow Meduna!"""
omnibus_outline_15160_02#0,"""Head to the Wesidentiaw Awea!"""
omnibus_outline_15170_02#0,"""Huwwy to Xion!"""
omnibus_outline_15180_02#0,"""Defeat Apos Dowios!"""
omnibus_outline_15180_03#0,"""Defeat Dawk Fawz Wosew!"""
omnibus_outline_15190_02#0,"""Head to the finaw awea!"""
omnibus_outline_15200_02#0,"""Seawch fow [Appwentice]!"""
omnibus_outline_15210_02#0,"""Investigate the Faciwity!"""
omnibus_outline_15220_03#0,"""Defeat the Giguw Gunne-gam!"""
omnibus_outline_15230_03#0,"""Defend the Seawed Gwounds!"""
omnibus_outline_15240_03#0,"""Defeat [Magatsu]!"""
omnibus_outline_15250_03#0,"""Escape [Doubwe]'s innew univewse!"""
omnibus_outline_15260_03#0,"""Defeat [Doubwe]!"""
omnibus_outline_15270_03#0,"""Settwe things with [Pewsona]!"""
omnibus_outline_15280_03#0,"""Defeat Matoi!"""
omnibus_outline_15290_03#0,"""Save Matoi!"""
omnibus_outline_15300_03#0,"""Defeat the [Pwofound Dawkness]"""
omnibus_outline_15310_03#0,"""Investigate the Cowwupted Awea!"""
omnibus_outline_15320_03#0,"""Defeat DF Appwentice Zia!"""
freefield_outline_20010#0,"""Head to the finaw awea!"""
freefield_outline_20020#0,"""Head to the finaw awea!"""
freefield_outline_20030#0,"""Head to the finaw awea!"""
freefield_outline_20040#0,"""Head to the finaw awea!"""
freefield_outline_20050#0,"""Head to the finaw awea!"""
freefield_outline_20060#0,"""Head to the finaw awea!"""
freefield_outline_20070#0,"""Head to the finaw awea!"""
freefield_outline_20080#0,"""Head to the finaw awea!"""
freefield_outline_20090#0,"""Head to the finaw awea!"""
freefield_outline_20100#0,"""Head to the finaw awea!"""
freefield_outline_20110#0,"""Head to the finaw awea!"""
freefield_outline_20120#0,"""Head to the finaw awea!"""
freefield_outline_20130#0,"""Head to the finaw awea!"""
freefield_outline_20140#0,"""Cowwect Quest Points!"""
freefield_outline_20160#0,"""Cowwect Quest Points!"""
arks_outline_30010#0,"""Subdue the hostiwe Za Oodan!"""
arks_outline_30015#0,"""Subdue the hostiwe Fanguwf!"""
arks_outline_30020#0,"""Captuwe the Nab Wappies!"""
arks_outline_30030#0,"""Cowwect Quest Points!"""
arks_outline_30040#0,"""Subdue the hostiwe Fang Banthew!"""
arks_outline_30050#0,"""Cowwect Quest Points!"""
arks_outline_30060#0,"""Extewminate the Kawtawgot!"""
arks_outline_30070#0,"""Subdue the hostiwe Catewdwa'n!"""
arks_outline_30080#0,"""Cowwect Quest Points!"""
arks_outline_30090#0,"""Wecuvw the Wawe Minewaws!"""
arks_outline_30100#0,"""Excavate the wawe owe!"""
arks_outline_30110#0,"""Cowwect Quest Points!"""
arks_outline_30120#0,"""Wescue the AWKS opewative!"""
arks_outline_30130#0,"""Subdue the hostiwe De Mawmoth!"""
arks_outline_30140#0,"""Cowwect Quest Points!"""
arks_outline_30150#0,"""Wescue the distwess signaw's ownew!"""
arks_outline_30160#0,"""Destwoy the Twanmizew!"""
arks_outline_30170#0,"""Cowwect Quest Points!"""
arks_outline_30180#0,"""Cowwect the Speciaw Minewaws!"""
arks_outline_30190#0,"""Subdue the Catewdwa'nsa!"""
arks_outline_30200#0,"""Cowwect Quest Points!"""
arks_outline_30210#0,"""Destwoy the Dawchyme!"""
arks_outline_30220#0,"""Defeat the Wowgahda!"""
arks_outline_30230#0,"""Cowwect Quest Points!"""
arks_outline_30240#0,"""Subdue the Sow Diwandaw!"""
arks_outline_30250#0,"""Subdue the Gowonzowan!"""
arks_outline_30260#0,"""Cowwect Quest Points!"""
arks_outline_30270#0,"""Mop up the Sheww Fwowews!"""
arks_outline_30280#0,"""Defeat the Owg Bwan!"""
arks_outline_30290#0,"""Cowwect Quest Points!"""
arks_outline_30300#0,"""Defend the settwement!"""
arks_outline_30310#0,"""Destwoy the Vawdha Soma!"""
arks_outline_30320#0,"""Cowwect Quest Points!"""
arks_outline_30330#0,"""Wescue the Wopaw natives!"""
arks_outline_30340#0,"""Defeat the Decow Mawwuda!"""
arks_outline_30350#0,"""Cowwect Quest Points!"""
arks_outline_30360#0,"""Defeat the Anjhadu-wiwi!"""
arks_outline_30370#0,"""Cowwect Quest Points!"""
arks_outline_30380#0,"""Defeat the Wheo Maduwwawd!"""
arks_outline_30390#0,"""Cowwect Quest Points!"""
arks_outline_30400#0,"""Defeat the Codotta Idetta!"""
time_outline_40010#0,"""Head to the finaw awea!"""
time_outline_40020#0,"""Head to the finaw awea!"""
time_outline_40030#0,"""Head to the finaw awea!"""
time_outline_40040#0,"""Head to the finaw awea!"""
time_outline_40050#0,"""Head to the finaw awea!"""
time_outline_40060#0,"""Head to the finaw awea!"""
time_outline_40070#0,"""Defeat 100 enemies!"""
time_outline_40080#0,"""Head to the finaw awea!"""
event_outline_40090#0,"""Head to the finaw awea!"""
event_outline_40100#0,"""Head to the finaw awea!"""
training_outline_00010#0,"""Compwete one task!"""
training_outline_00020#0,"""Compwete two tasks!"""
training_outline_00030#0,"""Compwete thwee tasks!"""
arks_begin_30380#0,"""Defeat the Wheo Maduwwawd!"""
training_outline_00050#0,"""Compwete five tasks!"""
training_outline_00060#0,"""Compwete six tasks!"""
training_outline_00100#0,"""Compwete ten tasks!"""
urgency_outline_50010#0,"""Cowwect Quest Points!"""
urgency_outline_50020#0,"""Cowwect Quest Points!"""
urgency_outline_50030#0,"""Head to the finaw awea!"""
urgency_outline_50035#0,"""Head to the finaw awea!"""
urgency_outline_50040#0,"""Defeat the Big Vawdha!"""
urgency_outline_50050#0,"""Defeat enemies untiw wuns out!"""
urgency_outline_50060#0,"""Seawch fow the Nauwa Cake Shop!"""
urgency_outline_50070#0,"""Defeat enemies untiw wuns out!"""
urgency_outline_50080#0,"""Destwoy the Fawz Awms!"""
urgency_outline_50090#0,"""Defeat Dawk Fawz Ewdew"""
urgency_outline_50100#0,"""Seawch fow the Nauwa Cake Shop!"""
urgency_outline_50110#0,"""Cowwect Vawentine Points!"""
urgency_outline_50120#0,"""Cowwect White Day Points!"""
urgency_outline_50130#0,"""Head to the finaw awea!"""
urgency_outline_50140#0,"""Head to the finaw awea!"""
urgency_outline_50160#0,"""Cowwect Quest Points!"""
urgency_outline_50360#0,"""Head to the finaw awea!"""
escape_outline_030010#0,"""Weach the extwaction point!"""
escape_outline_030020#0,"""Weach the extwaction point!"""
tgs2012vita_outline_00000#0,"""Subdue the Vow Dwagon!"""
tgs2013_outline_00000#0,"""Head to the finaw awea!"""
tgs2015_outline_00000#0,"""Head to the finaw awea!"""
cost_outline_010010#0,"""Head to the finaw awea!"""
cost_outline_020010#0,"""Head to the finaw awea!"""
cost_outline_030010#0,"""Head to the finaw awea!"""
cost_outline_040010#0,"""Head to the finaw awea!"""
cost_outline_050010#0,"""Head to the finaw awea!"""
cost_outline_060010#0,"""Head to the finaw awea!"""
cost_outline_070010#0,"""Head to the finaw awea!"""
cost_outline_080010#0,"""Head to the finaw awea!"""
cost_outline_090010#0,"""Head to the finaw awea!"""
cost_outline_100010#0,"""Head to the finaw awea!"""
cost_outline_110010#0,"""Head to the finaw awea!"""
cost_outline_120010#0,"""Head to the finaw awea!"""
cost_outline_140010#0,"""Head to the finaw awea!"""
cost_outline_150010#0,"""Head to the finaw awea!"""
cost_outline_170010#0,"""Head to the finaw awea!"""
event_outline_80010#0,"""Head to the finaw awea!"""
event_outline_80020#0,"""Head to the finaw awea!"""
event_outline_80030#0,"""Defeat Dawk Fawz Ewdew"""
event_outline_80040#0,"""Cowwect Quest Points!"""
event_outline_80060#0,"""Cowwect Quest Points!"""
event_outline_80070#0,"""Head to the finaw awea!"""
event_outline_80080#0,"""Defeat 100 enemies!"""
event_outline_80090#0,"""Defeat Dawk Fawz Wosew"""
event_outline_80100#0,"""Cowwect Quest Points!"""
event_outline_80110#0,"""Cowwect Quest Points!"""
tower_outline_90010#0,"""Cweaw 5 stages!"""
tower_outline_90020#0,"""Cweaw 5 stages!"""
tower_outline_90030#0,"""Cweaw 5 stages!"""
defense_outline_010010#0,"""Defend the Mining Base!"""
defense_outline_010030#0,"""Defend the Mining Base!"""
defense_outline_010040#0,"""Defend the Mining Base!"""
defense_outline_010050#0,"""Defend the Mining Base!"""
challenge_outline_120000#0,"""Cweaw 5 missions!"""
riding_outline_180010#0,"""Defeat enemies to incwease youw scowe!"""
riding_outline_180020#0,"""Defeat enemies to incwease youw scowe!"""
riding_outline_180030#0,"""Defeat enemies to incwease youw scowe!"""
riding_outline_180040#0,"""Defeat enemies to incwease youw scowe!"""
riding_outline_180050#0,"""Defeat enemies to incwease youw scowe!"""
riding_outline_180060#0,"""Defeat enemies to incwease youw scowe!"""
urgency_outline_100010#0,"""Cowwect Beach Points!"""
urgency_outline_100015#0,"""Cowwect Beach Points!"""
urgency_outline_060020#0,"""Wipe out the mystewious machines!"""
urgency_outline_50210#0,"""Seawch fow the Nauwa Cake Shop!"""
urgency_outline_50200#0,"""Head to the finaw awea!"""
urgency_outline_50220#0,"""Seawch fow the Nauwa Cake Shop!"""
urgency_outline_50230#0,"""Cowwect Quest Points!"""
urgency_outline_50240#0,"""Cowwect Vawentine Points!"""
urgency_outline_50250#0,"""Cowwect White Day Points!"""
urgency_outline_50260#0,"""Touch switchy, get enemy!"""
urgency_outline_50270#0,"""Defeat Apos Dowios!"""
urgency_outline_50280#0,"""Defeat Dawk Fawz Wosew"""
urgency_outline_50290#0,"""Defeat Dawk Fawz Wosew"""
urgency_outline_50300#0,"""Cowwect Quest Points!"""
urgency_outline_50310#0,"""Head to the finaw awea!"""
urgency_outline_100020#0,"""Cowwect Beach Points!"""
urgency_outline_50330#0,"""Cowwect Quest Points!"""
urgency_outline_50350#0,"""Cowwect Quest Points!"""
urgency_outline_50340#0,"""Cowwect Quest Points!"""
urgency_outline_50370#0,"""Cowwect Chwistmas Points!"""
urgency_outline_50380#0,"""Cowwect Vawentine Points!"""
urgency_outline_50390#0,"""Defeat Magatsu!"""
ultimate_outline_130000#0,"""Cowwect Quest Points!"""
event_outline_80120#0,"""Cowwect Quest Points!"""
urgency_outline_50400#0,"""Cowwect White Day Points!"""
urgency_outline_50430#0,"""Cowwect Quest Points!"""
urgency_outline_50410#0,"""Wemuv the obstacwes and head fow the finaw awea!"""
urgency_outline_50420#0,"""Defeat Magatsu!"""
ultimate_outline_130010#0,"""Head to the finaw awea!"""
event_outline_80140#0,"""Defeat the cuwpwit behind the accident!"""
urgency_outline_50450#0,"""Defeat both Dawk Fawz manifestations!"""
urgency_outline_50460#0,"""Cowwect Beach Points!"""
event_outline_80130#0,"""Cowwect Quest Points!"""
urgency_outline_50470#0,"""Cowwect Quest Points!"""
challenge_outline_120010#0,"""Cweaw 5 missions!"""
event_outline_80150#0,"""Head to the finaw awea!"""
urgency_outline_50490#0,"""Cowwect Quest Points!"""
urgency_outline_50480#0,"""Defeat the [Pwofound Dawkness]"""
urgency_outline_50500#0,"""Cowwect Chwistmas Points!"""
contest_outline_140010#0,"""Defeat 100 enemies!"""
contest_outline_140020#0,"""Defeat the [Pwofound Dawkness]"""
event_outline_80180#0,"""Cowwect Quest Points!"""
event_outline_80190#0,"""Cowwect Quest Points!"""
bonusgame_outline_150010#0,"""Defeat aww of the enemies within the time wimit!"""
bonusgame_outline_150030#0,"""Defeat aww of the enemies within the time wimit!"""
bonusgame_outline_150040#0,"""Defeat aww of the enemies within the time wimit!"""
arks_outline_30410#0,"""Cowwect Quest Points!"""
arks_outline_30420#0,"""Defeat the Twain Ghidowan!"""
freefield_outline_20150#0,"""Cowwect Quest Points!"""
urgency_outline_50520#0,"""Cowwect White Day Points!"""
tower_outline_90040#0,"""Cweaw 5 stages!"""
urgency_outline_50540#0,"""Destwoy the Phantasmaw Battweship!"""
urgency_outline_50530#0,"""Wemuv the obstacwes and head fow the finaw awea!"""
urgency_outline_50510#0,"""Cowwect Vawentine Points!"""
urgency_outline_50550#0,"""Cowwect Quest Points!"""
time_outline_40110#0,"""Head to the finaw awea!"""
escape_outline_030030#0,"""Weach the extwaction point!"""
urgency_outline_50570#0,"""Defeat the [Pwofound Dawkness]"""
urgency_outline_50560#0,"""Cowwect Beach Points!"""
urgency_outline_50700#0,"""Head to the finaw awea!"""
event_outline_80200#0,"""Defeat the cuwpwit behind the accident!"""
event_outline_80210#0,"""Cowwect Quest Points!"""
time_outline_40120#0,"""Head to the finaw awea!"""
urgency_outline_50580#0,"""Cowwect Quest Points!"""
urgency_outline_50590#0,"""Cowwect Hawwoween Points!"""
event_outline_80220#0,"""Cowwect Quest Points!"""
urgency_outline_50610#0,"""Cowwect Chwistmas Points!"""
ultimate_outline_130020#0,"""Suppwess the Dwagonkin and weach the innewmost awea!"""
urgency_outline_50600#0,"""Defeat ESC-A Fawz Mothew!"""
tower_outline_90050#0,"""Cweaw 5 stages!"""
urgency_outline_50620#0,"""Head to the finaw awea!"""
urgency_outline_50650#0,"""Cowwect Quest Points!"""
event_outline_80230#0,"""Defeat the enemies appeawing on each pwanet!"""
bonusgame_outline_150060#0,"""Defeat aww of the enemies within the time wimit!"""
basnet_outline_9674#0,"""Defeat the Deviw Castwe!"""
urgency_outline_50660#0,"""Defeat Deus ESC-A!"""
urgency_outline_50690#0,"""Defeat Deus ESC-A!"""
event_outline_80250#0,"""Defeat enemies fwom each pwanet!"""
urgency_outline_50670#0,"""Defeat the Phantasmaw Battweship!"""
urgency_outline_50680#0,"""Defeat the Phantasmaw Battweship!"""
event_outline_80260#0,"""Defeat enemies fwom each pwanet!"""
event_outline_80270#0,"""Defeat enemies fwom each pwanet!"""
event_outline_80280#0,"""Defeat enemies fwom each pwanet!"""
event_outline_80290#0,"""Defeat enemies fwom each pwanet!"""
urgency_outline_50710#0,"""Head to the finaw awea!"""
urgency_outline_50730#0,"""Cowwect Quest Points!"""
urgency_outline_50720#0,"""Cowwect Quest Points!"""
urgency_outline_50750#0,"""Defeat the Deviw Castwe!"""
urgency_outline_50740#0,"""Defeat enemies to eawn points!"""
event_outline_80300#0,"""Defeat the Deviw Castwe!"""
event_outline_80310#0,"""Wescue Hawwiet!"""
urgency_outline_50760#0,"""The Cwimson Castwe Cwushew"""
urgency_outline_50770#0,"""The Dawk Demowishew"""
urgency_outline_50780#0,"""Head to the finaw awea!"""
urgency_outline_50790#0,"""Head to the finaw awea!"""
urgency_outline_50800#0,"""Defeat Omega Fawz Wosew!"""
urgency_outline_50810#0,"""***"""
bonusgame_outline_150070#0,"""Defeat aww enemies in time!"""
urgency_outline_50820#0,"""***"""
urgency_outline_50830#0,"""Head to the finaw awea!"""
tower_outline_90060#0,"""Cweaw 5 Stages!"""
tower_outline_90070#0,"""Cweaw 5 Stages!"""
Title#0,"""[$(0)]"""
InterruptIncident#0,"""Dummy0"""
Enemy#0,"""Defeat the $(0)!"""
InterruptIncidentSpecifiedEnemyAnnihilation#0,"""Dummy1"""
InterruptIncidentSpecifiedEnemyAnnihilation_A#0,"""Subdue the Za Oodan!"""
InterruptIncidentSpecifiedEnemyAnnihilation_B#0,"""Subdue the hostiwe Wockbeaw!"""
InterruptIncidentSpecifiedEnemyAnnihilation_C#0,"""Extewminate the Bweeahda!"""
InterruptIncidentSpecifiedEnemyAnnihilation_D#0,"""Extewminate the Kawtawgot!"""
InterruptIncidentEscapeEnemyAnnihilation#0,"""Collect data by incapacitating <br>the Nab Rappies!"""
InterruptIncidentBossAnnihilation#0,"""Dummy3"""
InterruptIncidentBossAnnihilation_A#0,"""Subdue the Vow Dwagon!"""
InterruptIncidentFirewall#0,"""Dummy4"""
InterruptIncidentHeliDefense#0,"""Dummy5"""
InterruptIncidentDoorAndKey#0,"""Dummy6"""
InterruptIncidentEnemybomb#0,"""Head to the finaw awea and investigate the anomawy!"""
InterruptIncidentP#0,"""Dummy8"""
EnemyBossSpider#0,"""Extewminate the spidew boss!"""
EnemyBossDragon#0,"""Subdue the Dwagon!"""
BeginQuestPointMsg#0,"""Cowwect at weast $(0) Quest Points!"""
BeginQuestPointMsg_A#0,"""Repel the Naberius Natives<br>to collect $(0) Quest Points!"""
BeginQuestPointMsg_B#0,"""Exterminate the Darkers<br>to collect $(0) Quest Points!"""
BeginQuestPointMsg_C#0,"""Repel the hostile Dragonkin<br>to collect $(0) Quest Points!"""
InterruptIncidentBossAnnihilation_B#0,"""Subdue the Catewdwa'n!"""
BeginFreeFieldMsg_A#0,"""Head to the finaw awea!"""
story_begin_10010#0,"""Bweak thwough the Dawkew swawm!"""
story_begin_10020_01#0,"""Bweak thwough the Dawkew swawm!"""
story_begin_10020_02#0,"""Identify the souwce of the voice!"""
story_begin_10020_03#0,"""Identify the souwce of the voice!"""
story_begin_10030_01#0,"""Cowwect the geowogicaw sampwes!"""
story_begin_10030_02#0,"""Puwsue the mystewious figuwe!"""
story_begin_10040_01#0,"""Wocate the Wiwwipans!"""
story_begin_10040_02#0,"""Wocate the Wiwwipans!"""
story_begin_10050_01#0,"""Make contact with the Dwagonkin!"""
story_begin_10050_02#0,"""Make contact with the Dwagonkin!"""
story_begin_10060_01#0,"""Seawch fow the finaw awea!"""
story_begin_10060_02#0,"""Advance whiwe pwotecting the Wiwwipans!"""
story_begin_10070_01#0,"""Expwowe the Skyscape!"""
story_begin_10070_02#0,"""Meet the pewson awaiting you!"""
story_begin_10080#0,"""Extewminate the invading Dawkews!"""
story_begin_10080_2#0,"""Head to the Wesidentiaw Distwict!"""
story_begin_10090_01#0,"""Seek the Wuins' secwet!"""
story_begin_10090_02#0,"""Seek the Wuins' secwet!"""
story_begin_10090_03#0,"""Seek the Wuins' secwet!"""
story_begin_10090_04#0,"""Wewwite histowy!"""
story_begin_10100_01#0,"""Captuwe the Cweation Dwagon, Hadwed!"""
story_begin_10100_02#0,"""Captuwe the Cweation Dwagon, Hadwed!"""
story_begin_10110_01#0,"""Join fowces with Quna!"""
story_begin_10120#0,"""Defeat enemies to<br>collect $(0) Score Points!"""
story_begin_10130_01#0,"""Seawch fow Cabwacan's fwiend!"""
story_begin_10130_02#0,"""Head fow the finaw awea with Theodowe!"""
story_begin_10140_01#0,"""Seawch fow Wo Kamits!"""
story_begin_10140_02#0,"""Pwoceed with Sawa!"""
story_begin_10150_01#0,"""Expwowe the Mining Base!"""
story_begin_10150_02#0,"""Expwowe with Afin!"""
story_begin_10160_01#0,"""Investigate the stwuctuwes!"""
story_begin_10160_02#0,"""Investigate the Seabed awea!"""
story_begin_10170_01#0,"""Expwowe with Mewphonsina!"""
story_begin_10180_01#0,"""Head quickwy towawds Xion!"""
story_begin_10175_01#0,"""Head to the finaw awea!"""
story_begin_10190_01#0,"""Head towawds Kotoshiwo!"""
story_begin_10200_01#0,"""Expwowe the Fwoating Faciwity!"""
story_begin_10210_01#0,"""Head fow the wocation of the seaw!"""
story_begin_10220_01#0,"""Seawch fow [Appwentice]!"""
story_begin_10230#0,"""Escape [Doubwe]'s innew univewse!"""
story_begin_10240_01#0,"""Head fow [Doubwe]'s wocation!"""
story_begin_10250_01#0,"""Settwe things with [Pewsona]!"""
story_begin_10250_02#0,"""Defeat Matoi!"""
story_begin_10250_03#0,"""Head towawds Matoi!"""
story_begin_10270_01#0,"""Investigate the cowwupted awea!"""
story_begin_10280_01#0,"""Embawk with Hitsugi!"""
story_begin_10290_01#0,"""Wepew Hagith's awmy!"""
story_begin_10300_01#0,"""Come to an agweement with Hitsugi!"""
story_begin_10310_01#0,"""Quickwy defeat the phantoms!"""
story_begin_10320_01#0,"""Stop Bethow!"""
story_begin_10330_01#0,"""Wepew the Demon Phaweg!"""
story_begin_10330_02#0,"""Extewminate aww of the Phantoms!"""
story_begin_10340#0,"""Defeat the Phantoms pweventing access!"""
story_begin_10350_99#0,"""Wepew the Demon Phaweg!"""
story_begin_10350_01#0,"""Wescue impwisoned Hitsugi!"""
story_begin_10350_02#0,"""Defeat the AWKS Ship invadews!"""
story_begin_10380_99#0,"""Defeat the Dawkew-wike Phantoms!"""
story_begin_10390_99#0,"""Pwotect the schoow with Hitsugi's hewp!"""
story_begin_10400_01#0,"""Wepuwse Awatwon!"""
story_begin_10400_02#0,"""Wescue Awu!"""
story_begin_10400_03#0,"""Stop Mothew!"""
story_begin_10410_99#0,"""Defeat the stwange Phantom evowutions!"""
story_begin_10430_01#0,"""Pwevent the wowwd twansfowmation!"""
story_begin_10420_99#0,"""Defeat Demon Phaweg!"""
story_begin_10440_01#0,"""Save [Pewsona]!"""
story_begin_10440_02#0,"""Defeat the enemies!"""
story_begin__300020_01#0,"""Destwoy the Deviw Castwe!"""
story_begin__300020_02#0,"""Cowwect Mana and pwep fow waw!"""
story_begin__300020_03#0,"""Pwotect the Bustew Towew!"""
story_begin__300020_04#0,"""Escowt the paywoad!"""
story_begin__300020_05#0,"""Destwoy the Deviw Castwe Cowe!"""
story_begin__303310_01#0,"""Destwoy the Dawkews!"""
story_begin__300410_01#0,"""Wepew the Demon Sowdiews!"""
story_begin_300430_01#0,"""Defeat Omega Hunaw!"""
story_begin_300650_01#0,"""Defeat the Deviw Castwe!"""
story_begin_300700_01#0,"""Defeat Omega Angew!"""
omnibus_outline_15000_01#1,"""Cawm Hi Woga!"""
omnibus_outline_15010_01#1,"""Wepew the [Pewsona]!"""
omnibus_outline_15020_01#1,"""Defeat the Twanmizew!"""
omnibus_outline_15030_01#1,"""Defeat Ko Wewa!"""
omnibus_outline_15040_01#1,"""Destwoy the Dawkews!"""
omnibus_outline_15050_01#1,"""Expwowe the Wuins' secwet!"""
omnibus_outline_15060_01#1,"""Defeat Dawk Fawz Ewdew!"""
omnibus_outline_15070_01#1,"""Wepew Hadwed!"""
omnibus_outline_15080_01#1,"""Wepew Hadwed!"""
omnibus_outline_15090_01#1,"""Advance with Mewphonsina"""
omnibus_outline_15100_01#1,"""Eawn Scowe Points!"""
omnibus_outline_15110_01#1,"""Defeat the Bwu Wingahda!"""
omnibus_begin_15120_02#0,"""Defeat the Owg Bwan!"""
omnibus_begin_15130_02#0,"""Defeat the Decow Mawwuda!"""
omnibus_begin_15140_02#0,"""Wepew Fawz Hunaw!"""
omnibus_begin_15150_02#0,"""Defeat the Biow Meduna!"""
omnibus_begin_15160_02#0,"""Head to the Wesidentiaw Distwict!"""
omnibus_begin_15170_02#0,"""Huwwy to Xion!"""
omnibus_begin_15180_02#0,"""Defeat Apos Dowios!"""
omnibus_begin_15180_03#0,"""Defeat Dawk Fawz Wosew!"""
omnibus_begin_15190_02#0,"""Head to the finaw awea!"""
omnibus_begin_15200_02#0,"""Seawch fow [Appwentice]!"""
omnibus_begin_15210_02#0,"""Investigate the Faciwity!"""
omnibus_begin_15220_03#0,"""Defeat the Giguw Gunne-gam!"""
omnibus_begin_15230_03#0,"""Defend the Seawed Gwounds!"""
omnibus_begin_15240_03#0,"""『禍津』を撃破せよ！"""
omnibus_begin_15250_03#0,"""Escape [Doubwe]'s innew univewse!"""
omnibus_begin_15260_03#0,"""Defeat [Doubwe]!"""
omnibus_begin_15270_03#0,"""Settwe things with [Pewsona]!"""
omnibus_begin_15280_03#0,"""Defeat Matoi!"""
omnibus_begin_15290_03#0,"""Save Matoi!"""
omnibus_begin_15300_03#0,"""Defeat the [Pwofound Dawkness]"""
omnibus_begin_15310_03#0,"""壊世区域を調査せよ！"""
omnibus_begin_15320_03#0,"""Defeat DF Appwentice Zia!"""
freefield_begin_20010#0,"""Head to the finaw awea!"""
freefield_begin_20020#0,"""Head to the finaw awea!"""
freefield_begin_20030#0,"""Head to the finaw awea!"""
freefield_begin_20040#0,"""Head to the finaw awea!"""
freefield_begin_20050#0,"""Head to the finaw awea!"""
freefield_begin_20060#0,"""Head to the finaw awea!"""
freefield_begin_20070#0,"""Head to the finaw awea!"""
freefield_begin_20080#0,"""Head to the finaw awea!"""
freefield_begin_20090#0,"""Head to the finaw awea!"""
freefield_begin_20100#0,"""Head to the finaw awea!"""
freefield_begin_20110#0,"""Head to the finaw awea!"""
freefield_begin_20120#0,"""Head to the finaw awea!"""
freefield_begin_20130#0,"""Head to the finaw awea!"""
freefield_begin_20140#0,"""Cowwect Quest Points!"""
freefield_begin_20160#0,"""Cowwect Quest Points!"""
arks_begin_30010#0,"""Subdue the hostiwe Za Oodan!"""
arks_begin_30015#0,"""Subdue the hostiwe Fanguwf!"""
arks_begin_30020#0,"""Collect data by incapacitating <br>the Nab Rappies!"""
arks_begin_30030#0,"""Exterminate the Dagans<br>to collect $(0) Quest Points!"""
arks_begin_30040#0,"""Subdue the hostiwe Fang Banthew!"""
arks_begin_30050#0,"""Repel the hostile Dragonkin<br>to collect $(0) Quest Points!"""
arks_begin_30060#0,"""Extewminate the Kawtawgot!"""
arks_begin_30070#0,"""Subdue the hostiwe Catewdwa'n!"""
arks_begin_30080#0,"""Destroy the Mechs <br>to collect $(0) Quest Points!"""
arks_begin_30090#0,"""Wecuvw the Wawe Minewaws!"""
arks_begin_30100#0,"""Excavate the wawe owe!"""
arks_begin_30110#0,"""Subdue the hostile Naberius Natives<br>to collect $(0) Quest Points!"""
arks_begin_30120#0,"""Wescue the endangewed AWKS opewative!"""
arks_begin_30130#0,"""Subdue the hostiwe De Mawmoth!"""
arks_begin_30140#0,"""Destroy the Mechs <br>to collect $(0) Quest Points!"""
arks_begin_30150#0,"""Wescue the distwess signaw's ownew!"""
arks_begin_30160#0,"""Destwoy the Twanmizew!"""
arks_begin_30170#0,"""Repel the hostile Dragonkin<br>to collect $(0) Quest Points!"""
arks_begin_30180#0,"""Cowwect the Speciaw Minewaws!"""
arks_begin_30190#0,"""Subdue the Catewdwa'nsa!"""
arks_begin_30200#0,"""Exterminate the Darkers<br>to collect $(0) Quest Points!"""
arks_begin_30210#0,"""Destwoy the Dawchyme!"""
arks_begin_30220#0,"""Defeat the Wowgahda!"""
arks_begin_30230#0,"""Repel the hostile Dragonkin<br>to collect $(0) Quest Points!"""
arks_begin_30240#0,"""Subdue the Sow Diwandaw!"""
arks_begin_30250#0,"""Subdue the Gowonzowan!"""
arks_begin_30260#0,"""Defeat the Oceanids<br>to earn $(0) Quest Points!"""
arks_begin_30270#0,"""Mop up the Sheww Fwowews!"""
arks_begin_30280#0,"""Defeat the Owg Bwan!"""
arks_begin_30290#0,"""Destroy the Mechs <br>to collect $(0) Quest Points!"""
arks_begin_30300#0,"""Defend the settwement!"""
arks_begin_30310#0,"""Destwoy the Vawdha Soma!"""
arks_begin_30320#0,"""Defeat the Oceanids<br>to earn $(0) Quest Points!"""
arks_begin_30330#0,"""Wescue the Wopaw natives!"""
arks_begin_30340#0,"""Defeat the Decow Mawwuda!"""
arks_begin_30350#0,"""Defeat enemies<br>and collect $(0) Quest Points!"""
arks_begin_30360#0,"""Defeat the Anjhadu-wiwi!"""
arks_begin_30370#0,"""Defeat enemies<br>and collect $(0) Quest Points!"""
arks_begin_30380#1,"""Defeat the Wheo Maduwwawd!"""
arks_begin_30390#0,"""Defeat enemies<br>and collect $(0) Quest Points!"""
arks_begin_30400#0,"""Defeat the Codotta Idetta!"""
time_begin_40010#0,"""Head to the finaw awea!"""
time_begin_40020#0,"""Head to the finaw awea!"""
time_begin_40030#0,"""Head to the finaw awea!"""
time_begin_40040#0,"""Head to the finaw awea!"""
time_begin_40050#0,"""Head to the finaw awea!"""
time_begin_40060#0,"""Head to the finaw awea!"""
time_begin_40070#0,"""Defeat 100 enemies!"""
time_begin_40080#0,"""Head to the finaw awea!"""
time_begin_40090#0,"""Head to the finaw awea!"""
time_begin_40100#0,"""Head to the finaw awea!"""
training_begin_00010#0,"""Compwete one task!"""
training_begin_00020#0,"""Compwete two tasks!"""
training_begin_00030#0,"""Compwete thwee tasks!"""
training_begin_00040#0,"""Compwete fouw tasks!"""
training_begin_00050#0,"""Compwete five tasks!"""
training_begin_00060#0,"""Compwete six tasks!"""
training_begin_00100#0,"""Compwete ten tasks!"""
urgency_begin_50010#0,"""Exterminate the Darkers<br>to collect $(0) Quest Points!"""
urgency_begin_50020#0,"""Exterminate the Darkers<br>to collect $(0) Quest Points!"""
urgency_begin_50030#0,"""Head to the finaw awea!"""
urgency_begin_50035#0,"""Head to the finaw awea!"""
urgency_begin_50040#0,"""Defeat the Big Vawdha!"""
urgency_begin_50050#0,"""Defeat enemies untiw wuns out!"""
urgency_begin_50060#0,"""Seawch fow the Nauwa Cake Shop!"""
urgency_begin_50070#0,"""Defeat enemies untiw wuns out!"""
urgency_begin_50080#0,"""Destwoy the Fawz Awms!"""
urgency_begin_50090#0,"""Defeat Dawk Fawz Ewdew"""
urgency_begin_50100#0,"""Seawch fow the Nauwa Cake Shop!"""
urgency_begin_50110#0,"""Cowwect $(0) Vawentine Points!"""
urgency_begin_50120#0,"""Cowwect $(0) White Day Pts!"""
urgency_begin_50130#0,"""Head to the finaw awea!"""
urgency_begin_50140#0,"""Head to the finaw awea!"""
urgency_begin_50160#0,"""Rescue victims<br>and collect $(0) Quest Points!"""
urgency_begin_50360#0,"""Head to the finaw awea!"""
escape_begin_030010#0,"""Weach the extwaction point!"""
escape_begin_030020#0,"""Weach the extwaction point!"""
tgs2013_begin_00000#0,"""Head to the finaw awea!"""
tgs2015_begin_00000#0,"""Head to the finaw awea!"""
cost_begin_010010#0,"""Head to the finaw awea!"""
cost_begin_020010#0,"""Head to the finaw awea!"""
cost_begin_030010#0,"""Head to the finaw awea!"""
cost_begin_040010#0,"""Head to the finaw awea!"""
cost_begin_050010#0,"""Head to the finaw awea!"""
cost_begin_060010#0,"""Head to the finaw awea!"""
cost_begin_070010#0,"""Head to the finaw awea!"""
cost_begin_080010#0,"""Head to the finaw awea!"""
cost_begin_090010#0,"""Head to the finaw awea!"""
cost_begin_100010#0,"""Head to the finaw awea!"""
cost_begin_110010#0,"""Head to the finaw awea!"""
cost_begin_120010#0,"""Head to the finaw awea!"""
cost_begin_140010#0,"""Head to the finaw awea!"""
cost_begin_150010#0,"""Head to the finaw awea!"""
cost_begin_170010#0,"""Head to the finaw awea!"""
event_begin_80010#0,"""Head to the finaw awea!"""
event_begin_80020#0,"""Head to the finaw awea!"""
event_begin_80030#0,"""Defeat Dawk Fawz Ewdew"""
event_begin_80040#0,"""Defeat enemies<br>and collect $(0) Quest Points!"""
event_begin_80060#0,"""Defeat enemies<br>and collect $(0) Quest Points!"""
event_begin_80070#0,"""Head to the finaw awea!"""
event_begin_80080#0,"""Defeat 100 enemies!"""
event_begin_80090#0,"""Defeat Dawk Fawz Wosew"""
event_begin_80100#0,"""Defeat enemies<br>and collect $(0) Quest Points!"""
event_begin_80110#0,"""Defeat enemies<br>and collect $(0) Quest Points!"""
tower_begin_90010#0,"""Cweaw 5 stages!"""
tower_begin_90020#0,"""Cweaw 5 stages!"""
tower_begin_90030#0,"""Cweaw 5 stages!"""
defense_begin_010010#0,"""Defend the Mining Base!"""
defense_begin_010030#0,"""Defend the Mining Base!"""
defense_begin_010040#0,"""Defend the Mining Base!"""
challenge_begin_120000#0,"""Clear 5 missions before<br>your VR energy runs out!"""
riding_begin_180010#0,"""Defeat the enemies within the time<br>limit to earn more points!"""
riding_begin_180020#0,"""Defeat the enemies within the time<br>limit to earn more points!"""
riding_begin_180030#0,"""Defeat the enemies within the time<br>limit to earn more points!"""
riding_begin_180040#0,"""Defeat the enemies within the time<br>limit to earn more points!"""
riding_begin_180050#0,"""Defeat the enemies within the time<br>limit to earn more points!"""
riding_begin_180060#0,"""Defeat the enemies within the time<br>limit to earn more points!"""
urgency_begin_100010#0,"""Cowwect $(0) Beach Points!"""
urgency_begin_100015#0,"""Cowwect $(0) Beach Points!"""
urgency_begin_060020#0,"""Wipe out the mystewious machines!"""
urgency_begin_50210#0,"""Seawch fow the Nauwa Cake Shop!"""
urgency_begin_50200#0,"""Head to the finaw awea!"""
urgency_begin_50220#0,"""Seawch fow the Nauwa Cake Shop!"""
urgency_begin_50230#0,"""Defeat enemies<br>and collect $(0) Quest Points!"""
urgency_begin_50240#0,"""Cowwect $(0) Vawentine Points!"""
urgency_begin_50250#0,"""Cowwect $(0) White Day Pts!"""
urgency_begin_50260#0,"""Activate switches and defeat hostiwes!"""
urgency_begin_50270#0,"""Defeat Apos Dowios!"""
urgency_begin_50280#0,"""Defeat Dawk Fawz Wosew"""
urgency_begin_50290#0,"""Defeat Dawk Fawz Wosew"""
urgency_begin_50300#0,"""Defeat enemies<br>and collect $(0) Quest Points!"""
urgency_begin_50310#0,"""Head to the finaw awea!"""
urgency_begin_100020#0,"""Cowwect $(0) Beach Points!"""
urgency_begin_50330#0,"""Defeat the rampaging<br>Pajhadu-lin and Gigur Gunne-gam!"""
urgency_begin_50350#0,"""Defeat enemies<br>and collect $(0) Quest Points!"""
urgency_begin_50340#0,"""Defeat enemies<br>and collect $(0) Quest Points!"""
urgency_begin_50370#0,"""Cowwect $(0) Chwistmas Points!"""
urgency_begin_50390#0,"""Defeat Magatsu!"""
ultimate_begin_130000#0,"""Head to the finaw awea!"""
event_begin_80120#0,"""Defeat enemies<br>and collect $(0) Quest Points!"""
urgency_begin_50380#0,"""Cowwect $(0) Vawentine Points!"""
urgency_begin_50400#0,"""Cowwect $(0) White Day Pts!"""
urgency_begin_50430#0,"""Defeat enemies<br>and collect $(0) Quest Points!"""
urgency_begin_50410#0,"""Wemuv the obstacwes and head fow the finaw awea!"""
urgency_begin_50420#0,"""Defeat Magatsu!"""
event_begin_80140#0,"""Defeat the cuwpwit behind the accident!"""
urgency_begin_50450#0,"""Defeat both Dawk Fawz manifestations!"""
urgency_begin_50460#0,"""Cowwect $(0) Beach Points!"""
event_begin_80130#0,"""Defeat enemies<br>and collect $(0) Quest Points!"""
urgency_begin_50470#0,"""Defeat enemies<br>and collect $(0) Quest Points!"""
challenge_begin_120010#0,"""Clear 5 missions before<br>your VR energy runs out!"""
urgency_begin_50490#0,"""Defeat enemies<br>and collect $(0) Quest Points!"""
urgency_begin_50480#0,"""Defeat the [Pwofound Dawkness]"""
urgency_begin_50500#0,"""Cowwect $(0) Chwistmas Points!"""
event_begin_80150#0,"""Head to the finaw awea!"""
contest_begin_140010#0,"""Defeat 100 enemies!"""
contest_begin_140020#0,"""Defeat the [Pwofound Dawkness]"""
event_begin_80180#0,"""Defeat enemies<br>and collect $(0) Quest Points!"""
event_begin_80190#0,"""Defeat enemies<br>and collect $(0) Quest Points!"""
bonusgame_begin_150010#0,"""Defeat aww of the enemies within the time wimit!"""
bonusgame_begin_150030#0,"""Defeat aww of the enemies within the time wimit!"""
bonusgame_begin_150040#0,"""Defeat aww of the enemies within the time wimit!"""
arks_begin_30410#0,"""Earn $(0) Quest Points<br>by defeating phantoms!"""
arks_begin_30420#0,"""Defeat the Twain Ghidowan!"""
freefield_begin_20150#0,"""Defeat enemies<br>and collect $(0) Quest Points!"""
urgency_begin_50520#0,"""Cowwect $(0) White Day Pts!"""
tower_begin_90040#0,"""Cweaw 5 stages!"""
urgency_begin_50540#0,"""Destwoy the Phantasmaw Battweship!"""
urgency_begin_50530#0,"""Wemuv the obstacwes and head fow the finaw awea!"""
urgency_begin_50510#0,"""Cowwect $(0) Vawentine Points!"""
urgency_begin_50550#0,"""Defeat enemies<br>and collect $(0) Quest Points!"""
time_begin_40110#0,"""Head to the finaw awea!"""
escape_begin_030030#0,"""Weach the extwaction point!"""
urgency_begin_50570#0,"""Defeat the [Pwofound Dawkness]"""
urgency_begin_50560#0,"""Cowwect $(0) Beach Points!"""
urgency_begin_50700#0,"""Head to the finaw awea!"""
event_begin_80200#0,"""Defeat the cuwpwit behind the accident!"""
event_begin_80210#0,"""Cowwect at weast $(0) Quest Points!"""
time_begin_40120#0,"""Head to the finaw awea!"""
urgency_begin_50580#0,"""Defeat enemies<br>and collect $(0) Quest Points!"""
urgency_begin_50590#0,"""Defeat enemies to<br>collect $(0) Halloween Points!"""
event_begin_80220#0,"""Defeat enemies<br>and collect $(0) Quest Points!"""
urgency_begin_50610#0,"""Cowwect $(0) Chwistmas Points!"""
ultimate_begin_130020#0,"""Suppwess the Dwagonkin and weach the innewmost awea!"""
urgency_begin_50600#0,"""Defeat ESC-A Fawz Mothew!"""
tower_begin_90050#0,"""Cweaw 5 stages!"""
urgency_begin_50620#0,"""Head to the finaw awea!"""
urgency_begin_50650#0,"""Defeat enemies<br>and collect $(0) Quest Points!"""
event_begin_80230#0,"""Defeat the enemies appeawing on each pwanet!"""
bonusgame_begin_150060#0,"""Defeat aww of the enemies within the time wimit!"""
basnet_begin_9674#0,"""Defeat the Deviw Castwe!"""
urgency_begin_50660#0,"""Defeat Deus ESC-A!"""
urgency_begin_50690#0,"""Defeat Deus ESC-A!"""
event_begin_80250#0,"""Defeat enemies fwom each pwanet!"""
urgency_begin_50670#0,"""Defeat the Phantasmaw Battweship!"""
urgency_begin_50680#0,"""Defeat the Phantasmaw Battweship!"""
event_begin_80260#0,"""Defeat enemies fwom each pwanet!"""
event_begin_80270#0,"""Defeat enemies fwom each pwanet!"""
event_begin_80280#0,"""Defeat enemies fwom each pwanet!"""
event_begin_80290#0,"""Defeat enemies fwom each pwanet!"""
urgency_begin_50710#0,"""Head to the final area while<br>eliminating the obstacles!"""
urgency_begin_50730#0,"""Defeat the enemies until<br>$(0) Quest Points!"""
urgency_begin_50720#0,"""Cowwect $(0) Chwistmas Points!"""
urgency_begin_50750#0,"""Defeat the Deviw Castwe!"""
urgency_begin_50740#0,"""Defeat the enemies within the time<br>limit to earn more points!"""
event_begin_80300#0,"""Defeat the Deviw Castwe!"""
event_begin_80310#0,"""Wescue Hawwiet!"""
urgency_begin_50760#0,"""Wepew the Dwagon!"""
urgency_begin_50770#0,"""Wepew the Dwagon!"""
urgency_begin_50780#0,"""Head to the finaw awea!"""
urgency_begin_50790#0,"""Head to the finaw awea!"""
urgency_begin_50800#0,"""Defeat Omega Fawz Wosew!"""
urgency_begin_50810#0,"""***"""
bonusgame_begin_150070#0,"""Defeat aww enemies in time!"""
urgency_begin_50820#0,"""***"""
ultimate_begin_130010#0,"""Head to the finaw awea!"""
urgency_begin_50830#0,"""Head to the finaw awea!"""
tower_begin_90060#0,"""Cweaw 5 Stages!"""
tower_begin_90070#0,"""Cweaw 5 Stages!"""
BeginMsgTemplate#0,"""<yellow>Quest objective:<br>$(0)<c>"""
SuccessMsg_1#0,"""<yellow>Quest cleared!<c>"""
SuccessMsg_2#0,"""<yellow>Use the Telepipe to return.<c>"""
FailureMsg#0,"""<yellow>Quest failed!<c>"""
RemainPoint#0,"""$(0) points wemaining."""
IncidentQuestPoint#0,"""Obtained $(0) points."""
QuestOpenMsg#0,"""Unwocked the fowwowing quests:"""
QuestOpenOther#0,"""Othew"""
TimeLimitRemainingSec#0,"""$(0) seconds weft!"""
TimeLimitRemainingMin#0,"""$(0) minutes weft!"""
QuotationMarks#0,"""[$(0)]"""
AchieveQuestPointMin#0,"""Quest Point tawget achieved! Cowwect mowe fow a chance at a boosted wesuwt wanking!"""
AchieveQuestPointMax#0,"""Maximum Quest Points weached!"""
UpdateMsgTemplate#0,"""<yellow>Quest objective updated! $(0)<c>"""
RepopDisabledMsg#0,"""No mowe hostiwes in awea"""
QuestRetireSelectedInEscape#0,"""Wetuwning to AWKS Ship."""
first_on_success#0,"""Dummy1"""
first_on_bossdead#0,"""Dummy2"""
first_on_bosswarp#0,"""Dummy3"""
first_on_login#0,"""Dummy4"""
first_on_begin#0,"""Dummy5"""
success_clear_incident#0,"""Dummy6"""
fourth_on_success#0,"""Dummy7"""
dummy_caption#0,"""Dummy"""
dummy_text#0,"""Dummy"""
null_caption#0,"""Dummy"""
lobby_caption#0,"""Wobby"""
myroom_caption#0,"""Youw Woom"""
StartMsg#0,"""Stawting quest with Advance Wisk +$(0)."""
EndMsg#0,"""Advance Wisk is now +$(0)."""
ResetMsg#0,"""Advance Wisk fow [$(0) $(1)] has weset."""
ChangeLeaderMsg#0,"""The cuwwent quest's Advance Wisk wiww become that of the pwevious weadew."""
WaveReward#0,"""Received wave reward.<br>$(0)"""
SizeDisp#0,"""×"""
NpcCom00#0,"""Enemy readings detected!<br>They're quickly approaching the base!<br>Collect the crystals and prepare to attack!"""
NpcCom01#0,"""...ugh, the base has been destroyed.<br>There's nothing we can do, please head back."""
NpcCom02#0,"""Great job! You put forth<br>amazing effort today!<br>Alright, please head back!"""
NpcCom03#0,"""Nice work. The base suffered<br>a little damage, but it's fine.<br>Okay, please head back."""
NpcCom04#0,"""All done. The base suffered<br>heavy damage, but it can't be helped<br>now. Please head back."""
NpcCom05#0,"""Operation complete.<br>Next time, please give it<br>everything you've got!"""
NpcCom06#0,"""W-w-whoa!<br>V-very strong enemy readings detected!<br>Stay alert, everyone! Stay alert!!"""
NpcCom07#0,"""The $(0) Base is under attack!<br>Get over there quickly!"""
NpcCom08#0,"""Aah!<br>The $(0) Base is almost done for!<br>Please get over there now!"""
NpcCom09#0,"""Wow, these readings!<br>The Darkers are getting stronger!<br>Look out! Use extra caution!"""
NpcCom10#0,"""Enemy readings are diminishing!<br>Just a little more to go!"""
NpcCom11#0,"""Enemy readings are almost gone!<br>Keep it up!"""
NpcCom12#0,"""Aah, danger! Evacuate, evacuate!<br>The surviving Goldrahdas are about to explode!"""
NpcCom12_Last#0,"""You did it, you did it!<br>The Darkers are withdrawing!"""
NpcCom13#0,"""A base has been destroyed!<br>No matter what it takes, protect the<br>last one! Good luck!"""
NpcCom14#0,"""Huh!?<br>A base has been destroyed!<br>Please protect the last two!"""
NpcCom15#0,"""Thewe's onwy thwee bases wemaining... Use any means at youw disposaw! Defend those bases wike youw wives depended on it!"""
NpcCom16#0,"""Oh no! One of the bases was destwoyed! Thewe's fouw weft! Defend, pwotect, guawd them!"""
barricade0#0,"""The fiwst wine of defense has been bweached! The hostiwes awe gonna swip inside now!"""
barricade1#0,"""The second wine of defense has been bweached, too! You have to find a way to stop theiw advance!"""
barricade2#0,"""The finaw wine of defense has been bweached! Pwease, you have to stop them getting any fuwthew!"""
UITimerExplanation00#0,"""Untiw Wave $(0) Begins"""
UITimerExplanation01#0,"""Untiw Wave $(0) Ends"""
UITimerExplanation02#0,"""Untiw Finaw Wave Begins"""
UITimerExplanation03#0,"""Untiw Finaw Wave Ends"""
EnemyCondition00#0,"""HP +20%"""
EnemyCondition01#0,"""HP +40%"""
EnemyCondition02#0,"""HP +60%"""
EnemyCondition03#0,"""ATK +20%"""
EnemyCondition04#0,"""ATK +40%"""
EnemyCondition05#0,"""ATK +60%"""
LineMsgEnemyConditionNum1#0,"""Enemy abilities have increased!<br>\u3000\u3000\u3000$(0)"""
LineMsgEnemyConditionNum2#0,"""Enemy abilities have increased!<br>$(0)\u3000\u3000$(1)"""
LineMsgBase00#0,"""The $(0) Base has been destwoyed!"""
BaseColorOrange#0,"""Owange"""
BaseColorPurple#0,"""Puwpwe"""
BaseColorWhite#0,"""White"""
BaseColorBlue#0,"""Bwue"""
BaseColorGreen#0,"""Gween"""
Terminal_ActionToastOwn_1#0,"""Buwst bawwiew activated at $(0)."""
Terminal_ActionToastOwn_2#0,"""$(0)'s enewgy westowed."""
Terminal_ActionToastOwn_3#0,"""A.I.S activated at $(0)."""
Terminal_ActionToastOwn_4#0,"""A tuwwet has been depwoyed at $(0)."""
Terminal_ActionToastOwn_5#0,"""A photon pawticwe gun has been depwoyed at $(0)."""
Terminal_ActionToastOwn_6#0,"""$(0) has been puwified."""
Terminal_ActionToastMember_1#0,"""$(0) has activated a buwst bawwiew at $(1)."""
Terminal_ActionToastMember_2#0,"""$(0) has westowed $(1)'s enewgy."""
Terminal_ActionToastMember_3#0,"""$(0) has activated an A.I.S at $(1)."""
Terminal_ActionToastMember_4#0,"""$(0) has depwoyed a tuwwet at $(1)."""
Terminal_ActionToastMember_5#0,"""$(0) has depwoyed a photon pawticwe gun at $(1)."""
Terminal_ActionToastMember_6#0,"""$(0) has puwified the socket $(1)."""
TitleNone#0,"""Base Defense Beginnew"""
Title0#0,"""Guawdian of the Gawaxy"""
Title1#0,"""Supweme Guawdian"""
Title2#0,"""Uncommon Guawdian"""
Title3#0,"""Spwendid Heawew"""
Title4#0,"""Ingenious Wawwiow"""
Title5#0,"""Skiwwed Heawew"""
Title6#0,"""Spwendid Ace"""
Title7#0,"""Wenowned Tactician"""
Title8#0,"""Wesouwcefuw Wawwiow"""
Title9#0,"""Twanquiw Heawew"""
Title10#0,"""Base Guawdian"""
Title11#0,"""Stwategic Wawwiow"""
Title12#0,"""Affectionate Heawew"""
Title13#0,"""Steadfast Sentwy"""
Title14#0,"""Base Watchman"""
Title15#0,"""Wuwew of Destwuction"""
Title16#0,"""Gwowious Ace"""
Title17#0,"""Beawew of the Next Genewation"""
Title18#0,"""Up-and-Coming Wawwiow"""
Title19#0,"""Ace of Hope"""
Title20#0,"""Fiwst Cwass Opewatow"""
Title21#0,"""Fiwst Cwass Medic"""
Title22#0,"""Capabwe Opewatow"""
Title23#0,"""Capabwe Medic"""
Title24#0,"""Stwong Defense"""
Title25#0,"""Supew Hewo"""
Title26#0,"""Cwystaw God"""
Title27#0,"""Futuwe Ace"""
Title28#0,"""Destwoyew"""
Title29#0,"""Intewmediate Opewatow"""
Title30#0,"""Intewmediate Medic"""
Title31#0,"""Vawowous Defense"""
Title32#0,"""Cwystaw Mastew"""
Title33#0,"""Wighteous Hewo"""
Title34#0,"""Cwushew"""
Title35#0,"""Up-and-Coming Opewatow"""
Title36#0,"""Up-and-Coming Medic"""
Title37#0,"""Expewt Defense"""
Title38#0,"""Cwystaw Cowwectow"""
Title39#0,"""Evewyone's Hewo"""
Title40#0,"""Novice Opewatow"""
Title41#0,"""Novice Medic"""
Title42#0,"""Mastew Defense"""
Title43#0,"""Cwystaw Diggew"""
Title44#0,"""Up-and-Coming Hewo"""
Title45#0,"""Appwentice Opewatow"""
Title46#0,"""Cwystaw Beginnew"""
Title47#0,"""Champion Defense"""
Title48#0,"""Novice Hewo"""
Title49#0,"""Appwentice Hewo"""
BaseName#0,"""$(0) Base"""
PedestalName#0,"""$(0) Defense Socket"""
UIWaitInterval#0,"""<c 03caff>Until Transport to Interval Area"""
UIInterval#0,"""Untiw Mission Stawt: """
UIIntervalWarning#0,"""<c ff2020>Until Mission Start"""
ToastEnterIntervalClient#0,"""$(0) has weached the Intewvaw Awea."""
LineMessageWaitInterval#0,"""You have reached the interval area, so VR energy consumption has been paused.<br>Players who are in the mission will be automatically transported in $(0) seconds."""
ToastMessageIntervalBonus#0,"""Aww pawticipants have entewed the intewvaw awea. Acquiwed Intewvaw Miwe Bonus $(0)."""
ToastMessageIntervalBonusPerfect#0,"""Aww pawticipants have entewed the intewvaw awea. Acquiwed Intewvaw Miwe Bonus $(0). Pewfect!"""
ToastMessageAmountBonus#0,"""Chawwenge cweaw! Acquiwed Intewvaw Miwe Bonus $(0)."""
ToastMessageAmountBonusPerfect#0,"""Chawwenge cweaw! Acquiwed Intewvaw Miwe Bonus $(0). Pewfect!"""
NPCAmount40#0,"""Your VR energy has fallen to 40%.<br>The challenge will end if your energy<br>runs out. Be careful."""
NPCAmount10#0,"""Your VR energy has fallen to 10%.<br>Please accomplish your mission<br>to recover some energy."""
ToastGetPoint#0,"""$(0) has obtained $(1) Miwes!"""
ToastGetAmount#0,"""$(0) has westowed $(1)% of the VW enewgy!"""
ToastGetAmountWithBonus#0,"""$(0) has westowed $(1)% of the VW Enewgy. Acquiwed $(2) Miwes as an Extwa Chawge Bonus!"""
HpUp_1#0,"""HP +20%"""
HpUp_2#0,"""HP +40%"""
HpUp_3#0,"""HP +60%"""
AttackUp_1#0,"""ATK +20%"""
AttackUp_2#0,"""ATK +40%"""
AttackUp_3#0,"""ATK +60%"""
LineMsgEnemyConditionNum1#1,"""Enemy abilities have increased!<br>\u3000\u3000\u3000$(0)"""
LineMsgEnemyConditionNum2#1,"""Enemy abilities have increased!<br>$(0)\u3000\u3000$(1)"""
ToastRecordPC#0,"""Wecowd a fouw pewson cweaw time in the PC vewsion."""
ToastRecordVita#0,"""Wecowd a two pewson cweaw time in the PS Vita vewsion."""
ToastRecordNone#0,"""Because the conditions wewe not met, the cweaw time wiww not be wecowded."""
ToastRecordEnd#0,"""Because pawty count was changed, the cweaw time wiww not be wecowded."""
ItemGetMessage#0,"""You obtained $(0)."""
QuestLevelLimit#0,"""You do not meet the quest wequiwements."""
TeamPointMsg#0,"""Quest cweawed with team membews! Weceived $(0) TP!"""
ArealockOpenedQuestInfo#0,"""You can advance into the depths!<br><yellow>Use the Telepipe<c> to head for and defeat the boss!"""
WindowTitle#0,"""Activate A.I.S"""
WindowMessage#0,"""Deploying A.I.S.<br>Is that OK?<br><br>※You can deploy an A.I.S <yellow>$(0)<c> more times.<br>"""
WindowMessage_Multi#0,"""Deploying A.I.S.<br>Is that OK?<br><br>※You can deploy an A.I.S <yellow>$(0)<c> amount of times.<br>"""
LimitMessage#0,"""Cannot deploy an A.I.S as<br>the deploy limit has been reached."""
Failure_RideConcurrentLimit#0,"""同時起動数上限のため起動に失敗しました"""
Failure_RideCountLimit#0,"""起動回数上限のため起動に失敗しました"""
Failure_Other#0,"""Activation faiwed."""
Failure_RideConcurrentLimitRgrs#0,"""ラコニウムソードを獲得できませんでした。"""
Failure_RideCountLimitRgrs#0,"""ラコニウムソードはこれ以上獲得できません。"""
Failure_OtherRgrs#0,"""ラコニウムソードの獲得に失敗しました。"""
LineMessage00#0,"""/stawt13 Confiwmed the weaction of Phantoms! Defeat the enemies!"""
LineMessage01#0,"""/start120 /rt_eff0 /rt_time60 <c c47222>Bronze Emblems<c> have appeared! If you collect them, score will increase."""
LineMessage02#0,"""/start180 Neutralize <c c47222>Bronze Emblem<c>! Defeat the enemies!"""
LineMessage03#0,"""/start300 /rt_eff1 /rt_time60 <c c0c0c0>Silver Emblems<c> have appeared! If you collect them, score will increase."""
LineMessage04#0,"""/start360 Neutralize <c c47222>Silver Emblem<c>! Defeat the enemies!"""
LineMessage05#0,"""/start480 /rt_eff2 /rt_time60 <c ffd700>Gold Emblems<c> have appeared! If you collect them, score will increase."""
LineMessage06#0,"""/start540 Neutralize <c c47222>Gold Emblem<c>! Defeat the enemies!"""
LineMessage07#0,"""/stawt600 You have 1 minute wemaining！"""
LineMessage08#0,"""/stawt630 You have 30 seconds wemaining！"""
Crystal#0,"""Embwem Competition"""
ArealockQuestStart#0,"""現在、強力な敵性存在の座標捜索中。<br>情報収集のため、該当領域の周辺探索を<br>お願いします。"""
ArealockOpened#0,"""強力な敵性存在の座標を特定。<br>転送用テレパイプ、準備完了です。<br>敵性存在の討伐に向かってください。"""
RidingTimelimitHalf#0,"""領域の展開時間、あと半分ほどです！<br>まだ余裕はあるので、時間いっぱいまで<br>エネミーを討伐しましょう！"""
RidingTimelimitLittle#0,"""領域の展開時間、残りわずかです！<br>あと少し、頑張ってください！"""
RidingQuestStart#0,"""隔離領域を展開します！<br>領域展開の限界まで、可能な限り<br>多くのエネミーを討伐してください！"""
DefaultSet_default_0001#0,"""Attack-type"""
DefaultSet_default_0002#0,"""Defense-type"""
DefaultSet_default_0003#0,"""Bawanced-type"""
DefaultSet_default_0004#0,"""Speciaw-type"""
DefaultSet_practice_0001#0,"""Simpwe Attack-type"""
BaseName0#0,"""<c ee7c00>Orange Buster Tower<c>"""
BaseName1#0,"""<c ba55d3>Purple Buster Tower<c>"""
BaseName2#0,"""<c ffffff>White Buster Tower<c>"""
BaseName3#0,"""<c 1ea8ff>Blue Buster Tower<c>"""
BaseName4#0,"""<c 00d700>Green Buster Tower<c>"""
WaveHappening0#0,"""Devil Castle is summoning demonic<br>walls! Movements will be restricted!"""
WaveHappening1#0,"""Devil Castle is sending demonic<br>bombs! Pay attention to sky attacks!"""
WaveHappening2#0,"""Devil Castle is deploying larger<br>enemy troops! Protect your towers<br>from rushing attacks."""
OnQuestBegin_0#0,"""Enemy troops are incoming!<br>Confirm your weapons set<br>and start collecting mana!"""
OnQuestBegin_1#0,"""Collecting Mana is beneficial!<br>Mana will increase the amount<br>of Buster Piles, empower the<br>ARKS Weapons and give you<br>the chance to use them more often!"""
OnDefencePhase1Start0#0,"""Enemy assauwt fowce has been detected! Gathew as much Mana as possibwe whiwe pwotecting the towews!"""
OnDefencePhase1Start1#0,"""The enemy army is preparing another<br>assault! As more Mana is collected,<br>our towers will recover automatically."""
OnDefencePhase1Start2#0,"""The enemy has started its assault!<br>Recover more Mana while defending our<br>towers so they can start their recovery."""
OnDefencePhase3Start0#0,"""A strong signal has been detected<br>from the Devil Castle! It seems to be<br>planning an attack on our Buster towers!<br>Please stop it!"""
OnDefencePhase3Start1#0,"""Another strong signal detected from<br>the Devil Castle...! Please defend our<br>towers from the Devil Castle's assault!"""
OnAttackPhase1Start0#0,"""Buster Pile summoned!<br>Escort the Buster Pile towards the<br>barrier!"""
OnAttackPhase1Start1#0,"""Buster Pile summoned!<br>Escort the Buster Pile towards the<br>remaining barriers!"""
OnAttackPhase1Start2#0,"""Summoned the Buster Pile!<br>Let's break these barriers!"""
OnAttackPhase2Start0_0#0,"""Barriers have been destroyed! Now<br>let's take down the Devil Castle,<br>starting with the core on its stomach!"""
OnAttackPhase2Start0_1#0,"""The Deviw Castwe is fiwing wasews towawds the Bustew Towews uvw time! Destwoy the cowe as soon as possibwe!"""
OnAttackPhase3Start0_0#0,"""Move towards the center of the<br>Devil Castle to begin attacking it!"""
OnAttackPhase3Start0_1#0,"""The Devil Castle is firing its<br>lasers towards our towers!<br>Hurry and destroy it!"""
OnAttackPhase3Start1#0,"""Scale its defense mechanism and<br>attack the Weak Point of the<br>Devil Castle!"""
OnDefencePhase1End0#0,"""The enemy assault has been suppressed!<br>We're summoning a Buster Pile.<br>Please prepare for the advancement!"""
OnDefencePhase1End1#0,"""We'll start the summon and attack<br>the barriers! Collect Mana and<br>let's increase the number of Piles!"""
OnDefencePhase1End2#0,"""Buster Pile has been summoned!<br>Please prepare your assault!"""
OnAttackPhase1End0#0,"""The Buster Pile has finished and<br>enemy reinforcements have arrived!<br>We predict the enemy will start to<br>target the Buster Towers again, so<br>please defend it!"""
OnAttackPhase1End1#0,"""The Buster Pile has disappeared and<br>the enemy is sending another assault!<br>Protect the Buster Towers!"""
OnAttackPhase1End2#0,"""The Buster Pile is destroyed and<br>once again, the enemy is sending<br>reinforcements! Protect the Buster Towers!"""
OnDefencePhaseEndByTimeOver#0,"""The enemy army has changed its<br>strategy! Watch out! Some of them<br>appear to be kamikaze units!"""
OnDefencePhaseEnemyDecrease0#0,"""The enemy forces are weakening!<br>Let's take them out!"""
OnDefencePhaseEnemyDecrease1#0,"""There's only a few of them left!<br>Just a little more!"""
OnWaveHappening#0,"""Thewe's cwazy weadings coming fwom the Deviw Castwe! They might be pwepawing something stwange, keep an eye out!"""
OnReAttack#0,"""We're providing support!<br>Summoning another Buster Pile,<br>prepare another assault!"""
OnBossAttackTimeExtend#0,"""We're providing support!<br>We're suppressing the Devil Castle, continue your attacks!"""
OnRamCountIncrease#0,"""We've cowwected enough Mana to summon mowe Bustew Piwes! Pwease keep cowwecting mowe!"""
OnMatLvUpAfterRamMax#0,"""We've cowwected enough Mana! The Bustew Towews have been heawed and ouw weapons have been stwengthened!"""
OnBaseHpDecrease0#0,"""The $(0) has been damaged! Pwease hewp it!"""
OnBaseHpDecrease1#0,"""The $(0) doesn't wook vewy good! Pwease hewp save it!"""
OnBrokenBase1#0,"""A Buster Tower has been destroyed!<br>We only have 3 remaining! We still<br>have leeway! Let's hurry and proceed!"""
OnBrokenBase2#0,"""Another Buster tower has been<br>destroyed! We cannot predict our<br>current status! Please be careful!"""
OnBrokenBase3#0,"""Another tower has been busted!<br>Defend our last towers!"""
OnHpGaugeDecrease0#0,"""Our force's strength is declining!<br>If we receive more damage, we will<br>withdraw!"""
OnHpGaugeDecrease1#0,"""We're getting severely weaker!<br>It's more than we can stand!<br>Please protect the towers and reduce<br>the damage being done!"""
OnTimeDecreaseRate#0,"""Our combat time is almost done!<br>If we can destroy the Devil Castle<br>here, we can grasp victory!"""
OnTimeDecreaseSecond#0,"""Our combat time has almost depleted!<br>Just a little more, give it everything<br>we got!"""
OnSuccessReturn#0,"""Great work everyone!<br>Please return!"""
OnFailureReturn#0,"""I guess it can't be helped...<br>Please return."""
OnBreakBossBothArms#0,"""Both arms destroyed!<br>Quickly, aim for the one on the head!"""
OnFireRam#0,"""<c 8cf0ff>Summoned $(0) Buster Piles! Advance towards the barriers!<c>"""
OnBrokenRam#0,"""<c f78384>Buster Pile destroyed!<c>"""
OnBrokenFortByRam#0,"""<c 8cf0ff>Buster Pile has destroyed a barrier!<c>"""
OnBrokenFort#0,"""<c 8cf0ff>Barrier destroyed!<c>"""
OnBaseHpDecrease0#1,"""$(0) <c f78384>has taken damage!<c>"""
OnBaseHpDecrease1#1,"""$(0) <c f78384>has taken a lot of damage!!<c>"""
OnEnemyHpGaugeDecrease0#0,"""<c 8cf0ff>Enemy's Strength Gauge is at 50%!<c>"""
OnEnemyHpGaugeDecrease1#0,"""<c 8cf0ff>Enemy's Strength Gauge is at 25%!<c>"""
OnHpGaugeDecrease0#1,"""<c f78384>Our Strength Gauge is at 50%!<c>"""
OnHpGaugeDecrease1#1,"""<c f78384>Our Strength Gauge is at 25%!<c>"""
OnDefencePhaseEnemyDecrease0#1,"""<c 8cf0ff>Only half of the enemy forces remain!<c>"""
OnDefencePhaseEnemyDecrease1#1,"""<c 8cf0ff>Just a bit of them left!<c>"""
OnRamCountIncrease#1,"""<c 8cf0ff>Mana Lv.UP! Number of Buster Piles increased! Buster Tower healed & our weapons strengthened!<c>"""
OnMatLvUpAfterRamMax#1,"""<c 8cf0ff>Mana Lv.UP! Buster Tower healed & our weapons strengthened!<c>"""
OnBoostStart#0,"""Consumed a Main Match Boost, Boost Effect appwied."""
OnBrokenBase#0,"""$(0) has been destwoyed! ($(1) weft)"""
OnTimeDecreaseRate#1,"""We'we hawf way done, keep going!"""
OnTimeDecreaseSecond#1,"""One minute wemaining!"""
OnAttackPhase1Start#0,"""<yellow>[Objective Updated]<br><br>Escort the Buster Pile & attack the enemy barriers!<c>"""
OnAttackPhase2Start#0,"""<yellow>[Objective Updated]<br><br>Destroy the core on the Devil Castle's stomach!<c>"""
OnAttackPhase3Start#0,"""<yellow>[Objective Updated]<br><br>Get to the Defensive Mechanisms on the sides of the Devil Castle!<c>"""
OnDefencePhase1Start#0,"""<yellow>[Objective Updated]<br><br>Enemy army has started to attack! Defend the Buster Towers!<c>"""
OnDefencePhase3Start#0,"""<yellow>[Objective Updated]<br><br>Protect the Buster Towers from the Devil Castle's attacks & the enemy assault!<c>"""
OnAttackPhase1End#0,"""<yellow>[Objective Updated]<br><br>Enemy army detected! Prepare for an attack on the Buster Tower!<c>"""
OnDefencePhase1End#0,"""<yellow>[Objective Updated]<br><br>Summoning the Buster Pile! Prepare to advance!<c>"""
OnReAttack#1,"""<c ffd700>[Objective Updated]<br><br>Xiera's Support activated! Prepare to advance again!<c>"""
OnBossAttackTimeExtend#1,"""<c ffd700>[Objective Updated]<br><br>Xiera's Support activated! Extending the attack duration!<c>"""
OnWaveHappening#1,"""<c f78384>[An Accident Has Occurred]<br>$(0)<c>"""
OnGaugeBreakLose#0,"""A Bustew Towew has been destwoyed!"""
DuringPreparePhase#0,"""Cowwect Mana & pwep fow battwe!"""
DuringDefencePhase1#0,"""Pwotect the Bustew Towews fwom attacks!"""
DuringCoolTimeDefenceToAttack#0,"""Cowwect Mana & pwep the base!"""
DuringAttackPhase1#0,"""Escowt the Bustew Piwe & attack the bawwiews!"""
DuringCoolTimeAttackToDefence#0,"""Pwepawe fow the enemy's assauwt on the towew!"""
DuringAttackPhase2#0,"""Destwoy the Deviw Castwe's Cowe!"""
DuringDefencePhase3#0,"""Defend against the assauwt!"""
DuringAttackPhase3#0,"""Destwoy the Deviw Castwe!"""
