Title#0,"""Quest Countew"""
TitleCampship#0,"""Quest Countew Tewminaw"""
HelpNon#0,"""<c f0df60>Please wait.<c>"""
HelpTopMenu#0,"""<c f0df60>Please choose a quest from the list, or a quest you wish to find a party for.<c>"""
HelpTypeSelect#0,"""<c f0df60>Select a quest. The Daily Boost grants the same effects as a Tri-Boost.<c>"""
HelpQuestSelect#0,"""<c f0df60>Select your desired quest.<c>"""
HelpQuestSelect_Vita#0,"""<c f0df60>受注したいクエストを選択してください。<c><c ff4f3f>クエストブースト中は<c><%MultiSelect><c><c ff4f3f>ボタンで詳細を確認できます。<c>"""
HelpQuestSelect_DailyOrder#0,"""<c f0df60>When you clear a Featured Quest with an A-rank or higher, you have a chance to receive a Bonus Key.<c>"""
HelpRankSelect#0,"""<c f0df60>Select your desired quest rank.<c>"""
HelpPartySelect#0,"""<c f0df60>Select a party to join.<c>"""
HelpRecordSelect#0,"""<c f0df60>You can check the records from this quest, such as enemy appearance rates and item drops.<c>"""
HelpOrderSelect#0,"""<c f0df60>Please select the client orders you wish to undertake.<c>"""
HelpEpisodeSelect#0,"""<c f0df60>Please select an episode.<c>"""
HelpBasnetGradeSelect#0,"""<c f0df60>Select your desired Grade.<c>"""
ReceiverPC#0,"""・“PC” ログイン証"""
ReceiverVITA#0,"""・“PS Vita” ログイン証"""
OtherBlock#0,"""Othew Bwocks"""
BoostRate#0,"""+$(0)%"""
TitleNon#0,"""Unknown Ewwow"""
AttentionNon#0,"""Unknown error.<br><br>Error code [3007]"""
TitleCancelQuest#0,"""-"""
AttentionCancelQuest#0,"""-"""
None#0,"""Unknown error.<br><br>Error code [3000]"""
NotReceptQuestPartyGuest#0,"""Onwy pawty weadew can stawt quests."""
NotReceptQuestAlreadyQuest#0,"""Because you are not the party leader, you cannot start a quest.<br>(The quest has already begun, please head to the departure gate as soon as possible.)"""
NotFoundQuestSearch#0,"""Quest wequiwements not found."""
NotFoundRoomSearch#0,"""Woom conditions not found."""
NotFoundPartyList#0,"""No pawties found."""
NotFoundQuestType#0,"""No quests that can be accepted."""
NotFoundQuestList#0,"""No quests that can be accepted."""
NotFoundFreeFieldQuest#0,"""You haven't started a quest.<br><br>To start a quest, you will<br>need to visit a quest counter<br>and start a quest."""
NotFoundQuestRecord#0,"""No quest wecowds."""
CantStartQuestNotFoundRoom#0,"""Cannot stawt quest, tawget woom cannot be found."""
CantStartQuestCapacityOverRoom#0,"""Couwd not join woom, woom wimit awweady met."""
CantStartQuestCapacityOverRoom2#0,"""You cannot participate because the room is currently full.<br>The number of players also includes players currently in the process of joining,<br>but may not be reflected in the number of party members.<br><br><yellow>※Since the quest participation ends soon,<br>by attempting to join again quickly, you may<br>be able to participate.<c>"""
CantStartQuestNewRaidQuest#0,"""Because defeating enemies is not the primary objective,<br>you cannot complete client orders in this quest."""
CantStartQuestNewNetCafeQuest#0,"""Could not start quest.<br>One or more party members do not have <br>NetCafe Premium."""
CantStartQuestNotNotFoundParty#0,"""Because the target party could not be found,<br>the quest could not be started."""
CantStartQuestCapacityOverParty#0,"""Pawty count wimit exceeded, couwd not join."""
CantStartQuestDifferencePasswordParty#0,"""Incowwect passwowd, couwd not join."""
CantStartQuestAlreadyFinished#0,"""Could not join, <br>party's quest already complete."""
CantStartQuestClearCountLimit#0,"""One or more party members have <br>exceeded the quest clear limit<br>for this quest. Could not accept quest."""
CantStartQuestJustAfterRareEnemyTrigger#0,"""Immediately after using a rare enemy trigger,<br>you cannot start new quests.<br>Please wait a bit and try again.<br><br>※When you start a new quest,<br>items used to start trigger quests<br>will be discarded.<c>"""
CantStartQuestJustAfterQuestTrigger#0,"""Immediately after using a quest trigger,<br>you cannot start new quests.<br>Please wait a bit and try again.<br><br>※When you start a new quest,<br>items used to start trigger quests<br>will be discarded.<c>"""
CantStartQuestTriggerErrorOccurred#0,"""Because a processing error occurred, the<br>target quest could not be started.<br>Please wait a bit and try again."""
CantStartQuestTriggerErrorUseItem#0,"""Could not use the quest trigger.<br>Please wait a bit and try again."""
TitielCantStartQuestTriggerReorderTimeOut#0,"""The possibwe use time has expiwed."""
CantStartQuestTriggerReorderTimeOut#0,"""Because the possible use time has expired,<br>the trigger quest cannot be started."""
CautionNotSoloParty#0,"""Cannot change block while<br>part of a party."""
CantStartQuestDifferenceCondition#0,"""You do not meet the requirements<br>to join this party."""
CantStartQuestDifferenceConditionLine1#0,"""You cannot join the party or accept<br>this quest for the following reason:<br><br>・$(0)"""
CantStartQuestDifferenceConditionLine2#0,"""You cannot join the party or accept<br>this quest for the following reasons:<br><br>・$(0)<br>・$(1)"""
CantStartQuestDifferenceConditionLine3#0,"""You cannot join the party or accept<br>this quest for the following reasons:<br><br>・$(0)<br>・$(1)<br>・$(2)"""
CantStartQuestDifferenceConditionLine4#0,"""You cannot join the party or accept<br>this quest for the following reasons:<br><br>・$(0)<br>・$(1)<br>・$(2)<br>・$(3)"""
CantStartQuestDifferenceConditionLine5#0,"""You cannot join the party or accept<br>this quest for the following reasons:<br><br>・$(0)<br>・$(1)<br>・$(2)<br>・$(3)<br>・$(4)"""
CantStartQuestDifferenceConditionLine6#0,"""You cannot join the party or accept<br>this quest for the following reasons:<br><br>・$(0)<br>・$(1)<br>・$(2)<br>・$(3)<br>・$(4)<br>・$(5)"""
CantStartQuestDifferenceConditionLine7#0,"""You cannot join the party or accept<br>this quest for the following reasons:<br><br>・$(0)<br>・$(1)<br>・$(2)<br>・$(3)<br>・$(4)<br>・$(5)<br>・$(6)"""
CantStartQuestDifferenceConditionLine8#0,"""You cannot join the party or accept<br>this quest for the following reasons:<br><br>・$(0)<br>・$(1)<br>・$(2)<br>・$(3)<br>・$(4)<br>・$(5)<br>・$(6)<br>・$(7)"""
QuestLevel#0,"""<pict mainclass_icon>Lv.$(0)～"""
QuestSubLevel#0,"""<pict subclass_icon>Lv.$(0)～"""
PartyLevel#0,"""Pawty wevew wequiwement/Lv.$(1)～$(0)"""
FriendOnly#0,"""Fwiends Onwy"""
GuildOnly#0,"""Team Membews Onwy"""
PasswordNG#0,"""Incowwect passwowd"""
BurstIntoNG#0,"""The abiwity to join has been wimited by the Quest."""
ReasonEventFlag#0,"""Speciaw Cwitewia"""
RareAreaNG#0,"""The pawty is in a speciaw awea."""
CantStartQuestTimeLimitOver#0,"""The time wimit to stawt the Quest has expiwed."""
CapacityOverParty#0,"""Pawty capacity weached"""
PlatformError#0,"""Pwatfowm Ewwow"""
RaidQuestDisable#0,"""Did not defeat wequiwed enemies."""
ClearCountLimit#0,"""Suwpassed maximum cweaw count."""
BasnetOrderNumZeroMembers#0,"""Some membews have a Match Stamina count at 0."""
BasnetProperGradeError#0,"""You couwd not join because the woom is a diffewent gwade."""
BasnetSupportGradeError#0,"""You cannot pawticipate in a woom of this gwade."""
BasnetNotLimitedMatchRoom#0,"""Main Match: This is not an advanced woom."""
BasnetOrderNumZeroSelf#0,"""Youw Match Stamina count is at 0."""
TrainingBlockChallenge#0,"""You cannot accept orders in the Challenge Block<br>ARKS Training Center."""
TrainingBlockQuestUnlock#0,"""You cannot enter the Challenge Block<br>ARKS Training Center until you complete<br>the ARKS Quest [Subdue Fangulf]."""
NotHaveQuestTrigger#0,"""Because you have no Quest Triggers, <br>you cannot activate a Trigger Quest."""
TriggerQuestBlockChallenge#0,"""Trigger Quests cannot be accepted <br>on Challenge Blocks."""
CantStartQuestIgnoreQuest#0,"""This quest cannot be started now.<br>Please check the player site for details."""
IgnoreQuest#0,"""This quest cannot be started now.<br>Please check the player site for details."""
QuestDropPenalty#0,"""An [Abandonew Penawty] has been imposed upon one ow mowe pawty membews."""
CantStartQuestDropPenalty#0,"""You cannot join the party or<br>accept the quest for the following reason.<br><br>・[Abandoner Penalty] has been imposed upon a party member."""
CantStartQuestOutExtraQuest#0,"""The campaign period for this quest has ended.<br>Please accept the quest again."""
CantStartQuestInExtraQuest#0,"""The campaign period for this quest is active.<br>Please accept the quest again."""
TitleTraining#0,"""Pway Twaining Quest"""
QuestOutExtra#0,"""The campaign period for this quest has ended.<br>Please accept the quest again."""
QuestInExtra#0,"""The campaign period for this quest is active.<br>Please accept the quest again."""
TitleCommonError#0,"""Match Ewwow"""
CantBasnetOrderNumZeroMembers#0,"""<yellow>Could not start the quest<br>because some party members have<br>a Match Stamina count at 0.<c><br><br>Recover Match Stamina or try again<br>with party members who meet<br>the quest requirements."""
CantBasnetProperPartyJoinGradeError#0,"""You cannot join the party or<br>accept the quest for the following reason:<br><br>・You cannot join the room because it is a different grade."""
CantBasnetSupportPartyJoinGradeError#0,"""You cannot join the party or<br>accept the quest for the following reason:<br><br>・You cannot participate in this grade yet."""
CantStartQuestNotExpertParty#0,"""Cannot set Expert Setting.<br><br>You have to acquire specific<br>titles to activate this setting."""
CantStartProhibitQuestDropTitleCnt#0,"""Quest Countew Tewminaw"""
CantStartProhibitQuestDropTitleTlp#0,"""Tewepowtew"""
CantStartProhibitQuestDropForStart#0,"""Cannot be used now."""
CantStartQuest_ExpertSetting_Disable#0,"""Cannot set Expert Setting.<br><br>You have to acquire specific<br>titles to activate this setting."""
Title#1,"""Quest Countew"""
TitleCampship#1,"""Quest Countew Tewminaw"""
Back#0,"""Exit Quest Countew"""
BackCampship#0,"""Exit Quest Countew Tewminaw"""
QuestSelect#0,"""Sewect Quest fwom Wist"""
PartyListSelect#0,"""Sewect Pawty in Quest"""
WatchPartyListSelect#0,"""View Pawties in Quest"""
PartyList#0,"""Sewect Pawty in Quest"""
FriendPartyList#0,"""-"""
WatchPartyList#0,"""View Pawties in Quest"""
WatchFriendPartyList#0,"""-"""
PartyAllList#0,"""Aww Pawties"""
PartyFriendList#0,"""Fwiends' Pawties"""
PartyGuildList#0,"""Team Membew Pawties"""
PartyReserveList#0,"""Pweviouswy sewected pawty"""
MatchingSetting#0,"""Matching Settings"""
PartnerProhibit#0,"""Entew a woom that fowbids pawtnews"""
TrainingSelect#0,"""Pway a Twaining Quest"""
QuestTriggerSelect#0,"""Accept Twiggew Quest"""
TriggerQuestReorderPeriod#0,"""Since a quest trigger has been used, you can<br>restart the quest again within 3 minutes.<br><yellow>（Remaining：$(0) times）<c><br><br>You can start the Trigger Quest<br>without consuming again trigger item<br> until the time is up."""
BattleArenaPlaySelect#0,"""Pway Battwe Awena"""
BattleArenaPlayInfo#0,"""Battle Arena quests can only be played in [Shared Ships]<br>Please move to a shared ship by:<br><br>・From the quest counter<br><yellow>Select [Play Battle Arena]<c><br><br>・From the block transfer teleporter<br><yellow>[Go To Shared Ship Battle Lobby]<c><br><br>・In the Quick Menu select [Go To Shared Ship]<br><br>[What is Shared Ship?]<br>You can undertake Battle Arena and Challenge Quest<br>together with players from other ships<br>through this dedicated Shared Ship."""
EP5StorySelect#0,"""Main Quest [EP5] <pict Fresh>"""
OmnibusSelect#0,"""Omnibus Quest [EP1~3] <pict Fresh>"""
Shipbonus#0,"""AWKS Ship Gwand Pwix Boost Info"""
Gpboost#0,"""Wound Boost"""
BoostExplain#0,"""As a result of the ARKS Ship ranking,<br>a boost to the points is underway."""
BoostPoint#0,"""Daiwy Boost"""
MyBoostPointValue#0,"""$(0)%"""
BoostUpperLimit#0,"""50％"""
BoostInformation#0,"""Daiwy Boost Info"""
TitleFreeField#0,"""Fwee Fiewd Sewection"""
TitleRankSelect#0,"""Wank Sewection"""
QuestRankName#0,"""$(1)（Lv.$(0)+）"""
CautionNon#0,"""Unknown error.<br><br>Error code [3001]"""
CautionQuestLevelNG2#0,"""The following party members do not meet<br>the field's level requirements:<br><br>・Lv.$(0)+"""
CautionMultiConditionLine1#0,"""Could not enter field.<br> The following conditions were not met:<br><br>$(0)"""
CautionMultiConditionLine2#0,"""Could not enter field.<br> The following conditions were not met:<br><br>$(0)<br>$(1)"""
ReasonPartyLevel#0,"""・Lv.$(0)+"""
ReasonEventFlag#1,"""・Conditions/Cwient Owdews"""
Title#2,"""Quest Type Sewection"""
Back#1,"""Wetuwn"""
HintNon#0,"""Unknown Ewwow"""
HintNew#0,"""Non-Cweawed Quests"""
HelpNon#1,"""Unknown Ewwow"""
HelpMes01#0,"""You will spend an [Extreme Pass]<br>by beginning this quest.<br><br>You can receive an [Extreme Pass] from<br>Administrator Pudding every 22 hours.<br><br>During some emergency trials,<br>recovery effects of items such as<br>Cosmo Atomizers will be decreased.<br>However, recovery effects of revival are not affected."""
HelpMes02#0,"""Experience the compelling story<br>of the mysterious PSO2 universe.<br><br>Visit various places and discover<br>information that will open new paths<br>and reveal the truth.<br><br>Tackle these solo quests and<br>change your history!"""
HelpMes03#0,"""ARKS quests are missions<br>with a specific goal.<br><br>By clearing that goal, you are<br>provided with a reward.<br><br>The goals and payments vary<br>by mission."""
HelpMes04#0,"""Limited Quests are timed limited<br>quests that only appear during a<br>certain period of time.<br><br>Once it's gone, you cannot complete<br><yellow>Client Orders<c> relating to it."""
HelpMes05#0,"""-"""
HelpMes06#0,"""-"""
HelpMes07#0,"""Experience the compelling story<br>of the mysterious PSO2 universe.<br><br>Visit various places and discover<br>information that will open new paths<br>and reveal the truth.<br><br>Tackle these solo quests to<br>change the future and<br>create a different history!"""
HelpMes08#0,"""For meetings and events,<br>this is limited to specific stores/net cafes.<br>This is a published quest?"""
HelpMes09#0,"""-"""
HelpMes10#0,"""-"""
HelpMes11#0,"""Advance Quests need Advance Capsules<br>for each particular type of quest.<br><br>By clearing an Advance Quest,<br>your risk rises in that mission.<br><br>The mission's difficulty depends on the risk accumulated by the party leader.<br><br>Additionally, the risk resets each week."""
HelpMes12#0,"""Free Fields allow for the exploration<br>of certain fields without restriction<br>on time or an objective.<br><br>Once you've reached the deepest<br>regions of the field, you will fight<br>a powerful enemy."""
HelpMes13#0,"""Compete with other players<br>for the fastest times.<br><br>Quests are non-randomized<br>to ensure fairness.<br><br>Record your time attack<br>and check your rankings!"""
HelpMes14#0,"""Time-limited Emergency Quests.<br><br>Includes missions such as repelling <br>enemies invading the city area.<br><br>Party play recommended<br>as many of these missions will have <br>a high level of difficulty."""
CautionNon#1,"""Unknown error.<br><br>Error code [3002]"""
CautionNothingQuest#0,"""This quest type has no quests wight now."""
CautionNonChallengeArea#0,"""Challenge Arena quests can only be<br>played in [Shared Ships] under a [Challenge Block].<br>Please enter it using the block transfer teleporter.<br><br>[What is Shared Ship?]<br>You can undertake Battle Arena and Challenge Quest<br>together with players from other ships<br>through this dedicated Shared Ship.<br><yellow>※Friends List, Mail, and Symbol Arts are<br>switched to the Shared Ship configuration.<c><br><br>[What is a challenge block?]<br>A block that allows you to begin a challenge<br>quest, that can be played on Shared Ships."""
CautionNonContestArea#0,"""「アークスGP2016予選」を公開中です。<br>今回のアークスGPクエストは、共通シップ<br>またはチャレンジブロックで受注できます。<br>ブロック転送テレポーターから移動して下さい。<br><br>「アークスGP2016予選」では<br>キャンプシップ内の「クラスセット端末」から<br>ハンタータイプ、レンジャータイプなど<br>各クラスの装備、クラススキルのセットを<br>選んでプレイすることができます。 """
CautionNonContestArea_NetCafe#0,"""ネットカフェ限定のクエストを公開中です。<br>共通シップまたはチャレンジブロックでのみ<br>受注できます。<br>ブロック転送テレポーターから移動して下さい。<br><br>【共通シップ】<br>異なるシップに所属するプレイヤーと一緒に、<br>クエストをプレイできるシップです。<br><yellow>※フレンドリスト・メール・シンボルアートは<br>\u3000共通シップ専用のデータに切り替わります。<c><br><br>【チャレンジブロック】<br>対象クエストを受注できるブロックです。<br>受注できるクエストは共通シップと同じです。"""
CautionNonPokaArea#0,"""Battle Arena quests can only be played in [Shared Ships]<br>Please move to a shared ship by:<br><br>・From the quest counter<br><yellow>Select [Play Battle Arena]<c><br><br>・From the block transfer teleporter<br><yellow>[Go To Shared Ship Battle Lobby]<c><br><br>・In the Quick Menu select [Go To Shared Ship]<br><br>[What is Shared Ship?]<br>You can undertake Battle Arena and Challenge Quest<br>together with players from other ships<br>through this dedicated Shared Ship."""
CautionNonBasnetOpen#0,"""Buster Quests can be done after<br>completing the [EPISODE 5]<br>Story Quest \""Illogical World\"".<br><br><yellow>※If other characters on your account have<br>\u3000already unlocked Buster Quests by<br>\u3000unlocking EPISODE 5, these quests will<br>\u3000become available to all characters.<c>"""
ChallengeName#0,"""Chawwenge Quest"""
HelpMes15#0,"""Level, Equipment, Items etc are all reset<br>temporarily in this virtual space (VR)<br>training quest. Before the VR energy<br>disappears, aim to clear the most missions<br>possible.<br><br>Because all stats etc are reset, it is very<br>important to cooperate with your fellow<br>players and work together."""
HelpMes16#0,"""Experience PHANTASY STAR ONLINE 2's<br>EPISODE 3 mystery and intrigue through<br>these quests.<br><br>If you freely explore these areas and<br>collect information, you may find new<br>ways to uncover the truth.<br><br>To uncover your destiny, you must<br>challenge these quests alone."""
HelpMes17#0,"""Featured Quests are quests that are changed every day, and usually have boosts or are part of a campaign.<br><br>You can play the Featured Quest regardless of whether you have it unlocked or not."""
HelpMes18#0,"""Investigate an abnormal corruption in the designated area.<br><br>You can complete the quest by earning points from defeating enemies.<br><br>Because of the very high degree of difficulty, you must meet certain conditions."""
HelpMes19#0,"""A limited-time ARKS GP Quest<br>which can be accepted from a<br>challenge block.<br>Cannot be accepted after a set date.<br>You can earn Challenge Miles<br>by clearing this quest.<br><br>[Notice]<br>Please check the Players Site<br>for ARKS GP entry methods<br>and regulations."""
HelpMes20#0,"""These quests give large amounts of<br>experience, rare drops, and meseta.<br>These quests can only be played solo.<br><br>At the beginning of the quest, a certain Bonus Key will be consumed.<br><br>Bonus Keys can be obtained by clearing<br>Recommended Quests with a rank of A<br>or higher, which gives a small chance to<br>receive one from the gift box at the end."""
HelpMes21#0,"""Experience PHANTASY STAR ONLINE 2's<br>EPISODE 3 mystery and intrigue through<br>these quests."""
HelpMes22#0,"""<c 6eff7c>Welcome to ARKS Training Quests!<c><br><br>Here, you can practice the combat basics<br>of Phantasy Star Online 2.<br><br>First, let's do Common Training!<br><br>※In Training Quests, your character's<br><yellow>stats and equipment will be set.<c><br>Additionally, you cannot access storage.<br><br>※You may return to a different block."""
HelpMes23#0,"""Use this combat scenario to practice<br>using the \""Hunter\"" class in battle.<br><br>\""Hunter\"" is a class that specializes in<br>close-range combat using striking<br>weapons like Swords and Partizans.<br><br>※In Training Quests, your character's<br><yellow>stats and equipment will be set.<c><br>Additionally, you cannot access storage.<br><br>※You may return to a different block."""
HelpMes24#0,"""Use this combat scenario to practice<br>using the \""Ranger\"" class in battle.<br><br>\""Ranger\"" is a class that specializes in<br>long-range combat using shooting<br>weapons like Assault Rifles.<br><br>※In Training Quests, your character's<br><yellow>stats and equipment will be set.<c><br>Additionally, you cannot access storage.<br><br>※You may return to a different block."""
HelpMes25#0,"""Use this combat scenario to practice<br>using the \""Force\"" class in battle.<br><br>\""Force\"" is a class that specializes in<br>long-range combat using magical<br>\""Techniques\"".<br><br>※In Training Quests, your character's<br><yellow>stats and equipment will be set.<c><br>Additionally, you cannot access storage.<br><br>※You may return to a different block."""
HelpMes26#0,"""Use this combat scenario to practice<br>using the \""Fighter\"" class in battle.<br><br>\""Fighter\"" is a class that specializes in<br>close-range combat using striking<br>weapons like Knuckles and Twin Daggers.<br><br>※In Training Quests, your character's<br><yellow>stats and equipment will be set.<c><br>Additionally, you cannot access storage.<br><br>※You may return to a different block."""
HelpMes27#0,"""Use this combat scenario to practice<br>using the \""Gunner\"" class in battle.<br><br>\""Gunner\"" is a class that specializes in<br>near-mid-range combat using shooting<br>weapons like Twin Machineguns.<br><br>※In Training Quests, your character's<br><yellow>stats and equipment will be set.<c><br>Additionally, you cannot access storage.<br><br>※You may return to a different block."""
HelpMes28#0,"""Use this combat scenario to practice<br>using the \""Techer\"" class in battle.<br><br>\""Techer\"" is a class that can fight directly<br>with Wands, use Technique attacks and<br>even provide support effects.<br><br>※In Training Quests, your character's<br><yellow>stats and equipment will be set.<c><br>Additionally, you cannot access storage.<br><br>※You may return to a different block."""
HelpMes29#0,"""Use this combat scenario to practice<br>using the \""Braver\"" class in battle.<br><br>\""Braver\"" is a class that can fight both at <br>close-range using Katanas and at long-<br>range using Bullet Bows.<br><br>※In Training Quests, your character's<br><yellow>stats and equipment will be set.<c><br>Additionally, you cannot access storage.<br><br>※You may return to a different block."""
HelpMes30#0,"""Use this combat scenario to practice<br>using the \""Bouncer\"" class in battle.<br><br>\""Bouncer\"" is a class that specializes in<br>tricky attacks using Dual Blades, Jet<br>Boots and even Techniques.<br><br>※In Training Quests, your character's<br><yellow>stats and equipment will be set.<c><br>Additionally, you cannot access storage.<br><br>※You may return to a different block."""
HelpMes31#0,"""Use this combat scenario to practice<br>using the \""Summoner\"" class in battle.<br><br>\""Summoner\"" is a class that focuses on<br>training Pets and using Takts to have<br>them fight for you.<br><br>※In Training Quests, your character's<br><yellow>stats and equipment will be set.<c><br>Additionally, you cannot access storage.<br><br>※You may return to a different block."""
HelpMes32#0,"""You can use this to start a quest that<br>cannot be started normally, such as an<br>Emergency Quest that is not occurring.<br><br>When you initiate a quest in this way, a<br>\""Trigger Item\"" appropriate to the quest<br>will be consumed.<br><br><yellow>If the player who consumed the Trigger<br>Item abandons the quest, all other players<br>in the room will also abandon it.<c>"""
HelpMes33#0,"""These are quests aimed at acquiring the<br>highest score within the time limit.<br><br>These quests change daily along with<br>their field, objectives, enemies, and<br>more.<br><br>The high score is totaled according to the<br>quest difficulty level."""
HelpMes34#0,"""大会やイベント用に特定店舗限定で<br>公開されているアークスＧＰクエストです。<br>クエストクリアするとチャレンジマイルを<br>獲得できます。"""
HelpMes35#0,"""Titwe 1"""
HelpPokaQuestSurmmary#0,"""These are quests to hone your skills<br>against other ARKS in the Battle Arena.<br><br>Level, status, equipment, items, etc<br>will be set exclusively for Battle Arena.<br><br>You can earn Battle Coins by winning<br>matches, and trade them for various<br>items. If you keep winning, your Battle<br>Ranking will rise, earning you more coins.<br>"""
HelpMes36#0,"""Titwe 2"""
HelpMes37#0,"""Titwe 3"""
HelpMes38#0,"""PHANTASY STAR ONLINE2 の世界の<br>謎に迫る物語のエピソード5を<br>体験するクエストです。"""
HelpMes39#0,"""PHANTASY STAR ONLINE2 の世界の<br>謎に迫る過去の物語のエピソードを<br>総集編で体験するクエストです。"""
HelpMes40#0,"""These are quests aimed at defeating the<br>opponent's forces within a set time limit.<br><br>Buster Points are saved automatically<br>and will update after each quest.<br>You can only do a certain amount of Main<br>Matches before needing to regenerate<br>them by doing Free Matches.<br><br>By winning a Free Match, you can earn<br>stamina towards doing Main Matches."""
HelpMes41#0,"""Use this combat scenario to practice<br>using the \""Hero\"" class in battle.<br><br>\""Hero\"" is an advanced class that can deal<br>with any situation by using striking,<br>shooting and teching weapons.<br><br>※In Training Quests, your character's<br><yellow>stats and equipment will be set.<c><br>Additionally, you cannot access storage.<br><br>※You may return to a different block."""
HelpMes42#0,"""A quest that can be picked up<br>for a specific campaign, or<br>ARKS Boost Rally, etc.<br><br>You can complete a target quest<br>that has a qualifying campaign<br>attached by doing a quest listed<br>from this option.<br><br><yellow>※During ARKS Boost Rally, only<br>ABR campaign quests will be listed here.<c>"""
HelpMes43#0,"""「ダークブラスト」の戦闘操作や技術を<br>実戦形式で練習できます。<br><br>「ダークブラスト」は<br>ダークファルスの強力な力を駆使して<br>戦うことができる能力です。<br><br>※練習クエストでは、あなたのキャラクターの<br>\u3000<yellow>強さや装備が専用の設定になります。<c><br>\u3000また、倉庫も利用できません。<br><br>※終了後、別のブロックに戻ることがあります。"""
Title#3,"""Episode Sewect"""
ItemName#0,"""Episode $(0)"""
ItemName_1#0,"""Omnibus Quest [EP1]"""
ItemName_2#0,"""Omnibus Quest [EP2]"""
ItemName_3#0,"""Omnibus Quest [EP3]"""
Title#4,"""Quest Sewection"""
TitlePartyInfoEntry#0,"""Pawty Infowmation Menu"""
TitleRareEnemyCoin#0,"""Using Wawe Enemy Twiggew"""
Back#2,"""Wetuwn"""
Remove#0,"""Wemuv"""
DoNotUse#0,"""Don't Use Anything"""
TitleCommandSelect#0,"""-"""
CreateNewRoom#0,"""Quick Stawt"""
LookPartyList#0,"""View Pawties in Quest"""
SelectPartyList#0,"""Join a Pawty on Cuwwent Bwock"""
SelectOtherBlockPartyList#0,"""Join a Pawty on Anothew Bwock"""
QuickStart#0,"""Quick Stawt"""
LookMyCost#0,"""Check Advance Wisk (Cuwwent +$(0))"""
LookQuestRecord#0,"""View Quest Wecowds"""
MatchingSetting#1,"""Matching Settings"""
ExtraQuestConfirm#0,"""Campaign Content"""
ConfirmArksBoostRoad#0,"""AWKS Boost Wawwy Info"""
HintNon#1,"""Unknown Ewwow"""
HintEnemy#0,"""Enemy"""
HintPlayTimeShort#0,"""Estimated Pwaytime: Showt"""
HintPlayTimeNormal#0,"""Estimated Pwaytime: Avewage"""
HintPlayTimeLong#0,"""Estimated Pwaytime: Wong"""
HintMeseta#0,"""Estimated Meseta Wewawd"""
HintMesetaExp#0,"""Expewience Wewawd"""
HintNew#1,"""Non-Cweawed Quests"""
HintClear#0,"""Awweady Cweawed Quest"""
HintProgressStory#0,"""Stowy Quest in Pwogwess"""
HintClientOrder#0,"""Cwient Owdew"""
HintMatter#0,"""Mattew Objective Quest"""
HintSoloQuest#0,"""Sowo Quest"""
HintSinglePartyQuest#0,"""Singwe Pawty Quest"""
HintMultiPartyQuest#0,"""Muwti Pawty Quest"""
HintBoostExp#0,"""EXP Wate"""
HintBoostMeseta#0,"""Meseta Wate"""
HintBoostDrop#0,"""Wawe Dwop Wate"""
HintBoostEnemy#0,"""Wawe Enemy Appeawance"""
HintBoostChallenge#0,"""Finaw Chawwenge Miwes Eawned"""
HintBoostGatFever#0,"""Gathewing Fevew Wate"""
HintRecommendGift#0,"""Chance to weceive a pwesent upon compwetion"""
HintGatIcon#0,"""Gathewing Quest"""
HintEmblemBoost#0,"""Acquiwed Battwe Coin $(0)"""
HintExtraQuest#0,"""Campaign Quests"""
HintAttrEvent#0,"""Event Quest"""
HintAttrBattle#0,"""Stowy Quest"""
HintAttrBasnet#0,"""Bustew Quest [Stowy]"""
HintABR#0,"""Cweaw with A+ Wank to get the boost"""
HintClearABR#0,"""Cweawed"""
HintLock#0,"""Quests does not meet the Weq."""
HintBusterEvent#0,"""Bustew Quest [Event]"""
SortNon#0,"""Defauwt Sowt"""
SortQuestKind1#0,"""Muwti Pawty Quest"""
SortQuestKind2#0,"""Singwe Pawty Quest"""
SortQuestKind3#0,"""Sowo Quest"""
SortNew#0,"""Non-Cweawed Quests"""
SortClientOrder#0,"""Cwient Owdew Objective Quests"""
CautionNon#2,"""Unknown Ewwow"""
CautionQuestLimitTimeOver#0,"""The time wimit to stawt the Quest has expiwed."""
CautionExtraQuestLimit#0,"""The campaign contents of this quest have changed.<br>Please accept the quest again."""
CautionQuestLevelNG#0,"""Does not meet quest wequiwements."""
CautionQuestLevelNG2#1,"""Quest cannot be selected, not all<br>party members meet the following <br>requirements.<br><br>・Lv.$(0)+"""
CautionMultiConditionLine1#1,"""Could not accept quest.<br>One or more party members failed <br>to meet the following requirement:<br><br>$(0)"""
CautionMultiConditionLine2#1,"""Could not accept quest.<br>One or more party members failed <br>to meet the following requirements:<br><br>$(0)<br>$(1)"""
CautionMultiConditionLine3#0,"""Could not accept quest.<br>One or more party members failed <br>to meet the following requirements:<br><br>$(0)<br>$(1)<br>$(2)"""
CautionMultiConditionLine4#0,"""Could not accept quest.<br>One or more party members failed <br>to meet the following requirements:<br><br>$(0)<br>$(1)<br>$(2)<br>$(3)"""
CautionMultiConditionLine5#0,"""Could not accept quest.<br>One or more party members failed <br>to meet the following requirements:<br><br>・$(0)<br>・$(1)<br>・$(2)<br>・$(3)<br>・$(4)"""
CautionQuestPartyMemberMax#0,"""This quest cannot include more than<br>$(0) party members."""
CautionQuestPartyMemberJoinMax#0,"""Could not join party because <br>it would exceed $(0) members."""
CautionQuestPlatform#0,"""Because not all of the Party Members<br>meet the following order conditions, you cannot<br>begin the quest:<br><br>・$(0)"""
CautionQuestRaidQuest#0,"""Because this does not meet the quest conditions,<br>you cannot accept the orders."""
CautionQuestClearCountLimit#0,"""Cannot accept quest.<br>Quest clear limit has been surpassed."""
ReasonPartyLevel#1,"""<pict mainclass_icon>Lv.$(0)～"""
ReasonPartySubLevel#0,"""<pict subclass_icon>Lv.$(0)～"""
ReasonPartyMax#0,"""・Pawty count $(0)"""
ReasonEventFlag#2,"""・Conditions/Cwient Owdews"""
ReasonClearCountLimit#0,"""Cweaw Count Wimit"""
EnemyLevel#0,"""Lv. $(0)+"""
EnemyLevelRange#0,"""Lv. $(1)～$(0)"""
EnemyLevelUnknown#0,"""Lv. ???"""
TitleNon#1,"""Unknown Ewwow"""
TitleNewRoom#0,"""Quick Stawt"""
TitleQuickStart#0,"""Quick Stawt"""
AttentionNon#1,"""Unknown error.<br><br>Error code [3003]"""
AttentionNewRoom#0,"""You're attempting to start a new quest.<br><br>All progress in your current <br>quest will be discarded.<br>Continue?"""
AttentionNewRoom_ex#0,"""Accepting new quest.<br><br>If you accept, the current quest will be cancelled.<br><br><red>The meseta and items you used to accept this quest will not be returned.<c><br><br>Would you like to accept the quest?"""
AttentionQuickStart#0,"""You're attempting to start a new quest.<br><br>All progress in your current <br>quest will be discarded.<br>Continue?"""
AttentionQuickStart_ex#0,"""Accepting new quest.<br><br>If you accept, the current quest will be cancelled.<br><br><red>The meseta and items you used to accept this quest will not be returned.<c><br><br>Would you like to accept the quest?"""
MyInformationTitle#0,"""Advance Wisk Status"""
MyInformationMessage#0,"""Advance Risk:+$(0)<br>Reset time:$(1)<br><br>Advance risk is reset weekly."""
MyInfomationNone#0,"""None"""
ClosableQuestDifficult#0,"""Current stage / Stage $(0)<br><br><c ffff00>Will reset when you clear stage $(1).<c>"""
ClosableQuestDifficult2#0,"""Current stage / None<br><br><c ffff00>Will reset when you reach stage $(0).<c>"""
ClosableQuestDifficult3#0,"""Current stage / Stage $(0)<br><br><c ffff00>Will not reset when you clear the stage.<c>"""
ClosableQuestDifficult4#0,"""Current stage / None<br><br><c ffff00>Will reset when you clear the stage.<c>"""
TitleApcCompanion#0,"""Making a New Woom"""
MessageApcCompanion#0,"""You have one or more Client Orders<br>that require you to accompany a<br>specific partner character.<br>It is recommended that you make a<br>new room when carrying out such orders.<br><br>Do you want to make a new room?<br><br>※If you select No, you will accept<br>the quest without making a new room."""
MessageApcCompanion2#0,"""特定のパートナーキャラクターを<br>同行させるクライアントオーダーを<br>受注しています。<br>このクライアントオーダーを行う場合は<br>新規ルームの作成をおすすめします。<br><br>新規ルームの作成を行いますか？<br><br>※「いいえ」を選択すると、新規ルームの<br>\u3000作成を行わずにクエストを受注します。<br><br><c ff0000>※参加歓迎が選択されています。<br>参加者が現れた場合、<br>パートナーキャラクターが帰還する可能性があります。<br>帰還させたくない場合は参加歓迎を選択せずに<br>クエストを再受注してください。"""
CheckMyBestTime#0,"""View Youw Fastest Time"""
PcMyBestTime#0,"""“PC”版（4人）\u3000\u3000\u3000\u3000/\u3000$(0)分$(1)秒$(2)<br>“PS Vita”版（2人）\u3000/ \u3000なし<br><br>※クリアタイムは下記パーティー構成にて<br>\u3000記録されます。<br><br>\u3000“PC”版\u3000\u3000\u3000\u3000…“PC”版のみで4人<br>\u3000“PS Vita”版\u3000 …“PS Vita”版のみで2人<br><br><red>※上記以外のパーティー構成や<br>\u3000クエスト中にパーティーを変えた場合は<br>\u3000クリアタイムを記録しません。<c>"""
VitaMyBestTime#0,"""“PC”版（4人）/\u3000なし<br>“PS Vita”版（2人）\u3000/\u3000$(0)分$(1)秒$(2)<br><br>※クリアタイムは下記パーティー構成にて<br>\u3000記録されます。<br><br>\u3000“PC”版\u3000\u3000\u3000\u3000…“PC”版のみで4人<br>\u3000“PS Vita”版\u3000 …“PS Vita”版のみで2人<br><br>\u3000<red>※上記以外のパーティー構成や<br>\u3000クエスト中にパーティーを変えた場合は<br>\u3000クリアタイムを記録しません。<c>"""
PcVitaMyBestTime#0,"""“PC”版（4人）\u3000\u3000\u3000\u3000/\u3000$(0)分$(1)秒$(2)<br>“PS Vita”版（2人）\u3000/\u3000$(3)分$(4)秒$(5)<br><br>※クリアタイムは下記パーティー構成にて<br>\u3000記録されます。<br><br>\u3000“PC”版\u3000\u3000\u3000\u3000…“PC”版のみで4人<br>\u3000“PS Vita”版\u3000 …“PS Vita”版のみで2人<br><br><red>※上記以外のパーティー構成や<br>\u3000クエスト中にパーティーを変えた場合は<br>\u3000クリアタイムを記録しません。<c>"""
NonMyBestTime#0,"""“PC”版（4人） \u3000\u3000\u3000\u3000/\u3000 なし<br>“PS Vita”版（2人） \u3000/\u3000 なし<br><br>※クリアタイムは下記パーティー構成にて<br>\u3000記録されます。<br><br>\u3000“PC”版\u3000\u3000\u3000\u3000…“PC”版のみで4人<br>\u3000“PS Vita”版\u3000 …“PS Vita”版のみで2人<br><br><red>※上記以外のパーティー構成や<br>\u3000クエスト中にパーティーを変えた場合は<br>\u3000クリアタイムを記録しません。<c>"""
CategoryMainStory#0,"""Main Stowy"""
CategorySubStory#0,"""Sub Stowy"""
CategoryBasnet#0,"""Bustew Quests"""
CategoryOther#0,"""Othew"""
CategoryOtherQuest#0,"""Othew Quests"""
CategoryStoryQuest#0,"""Stowy Quests"""
FilterRecommend#0,"""$(0).Featuwed Quests"""
FilterChapter#0,"""$(1).第$(0)章"""
FilterOther#0,"""$(0).Othew"""
LinkBasnet#0,"""Stawt a Bustew Quest"""
AttentionNewRoom_HighLevelQuest#0,"""<red>受注中のクエストは<br>「破棄ペナルティー」対象です！<c><br><br>破棄すると他のプレイヤーに迷惑がかかるため、<br>発生中の緊急クエストを再受注できなくなります。<br>また、強制的に別ブロックへの移動が行われます。<br><br>他のクエストを受注する場合は、クエスト破棄となり、<br>別ブロックに移動後、そのクエストを受注できます。<br><br>「破棄ペナルティー」を受け、クエストを破棄します。<br>よろしいですか？"""
Prescript#0,"""以下の受注条件を満たしていないため<br>このクエストを受けることはできません。"""
Quest_00020010#0,"""-"""
Quest_00020020#0,"""- Clear the Free Field \""Forest Exploration\"""""
Quest_00020030#0,"""- Clear the Free Field \""Caves Exploration\"""""
Quest_00020040#0,"""- Clear the Free Field \""Desert Exploration\"""""
Quest_00020050#0,"""- Clear the Free Field \""Tundra Exploration\"""""
Quest_00020060#0,"""- Clear the Free Field \""Sub. Tunnels Exploration\"""""
Quest_00020070#0,"""- Clear the Free Field \""Skyscape Exploration\"""""
Quest_00020080#0,"""- Clear the Free Field \""Skyscape Exploration\"""""
Quest_00020090#0,"""- Clear the Free Field \""Caves Exploration\"""""
Quest_00020100#0,"""- Clear the Free Field \""Coast Exploration\"""""
Quest_00020110#0,"""- Clear the Free Field \""Quarry Exploration\"""""
Quest_00020120#0,"""- Clear the Free Field \""Coast Exploration\"""""
Quest_00020130#0,"""- Clear the Free Field \""Shironia Exploration\"""""
Quest_00020140#0,"""- Clear the Free Field \""Facility Exploration\"""""
Quest_00020150#0,"""- Clear the Free Field \""Shironia Exploration\"""""
Quest_00020160#0,"""- Clear the Free Field \""Tokyo Exploration\"""""
Quest_00030010#0,"""-"""
Quest_00030015#0,"""-"""
Quest_00030020#0,"""-"""
Quest_00030030#0,"""-"""
Quest_00030040#0,"""-"""
Quest_00030050#0,"""- Clear the Free Field \""Forest Exploration\"""""
Quest_00030060#0,"""- Clear the Free Field \""Forest Exploration\"""""
Quest_00030070#0,"""- Clear the Free Field \""Forest Exploration\"""""
Quest_00030080#0,"""- Clear the Free Field \""Caves Exploration\"""""
Quest_00030090#0,"""- Clear the Free Field \""Caves Exploration\"""""
Quest_00030100#0,"""- Clear the Free Field \""Caves Exploration\"""""
Quest_00030110#0,"""- Clear the Free Field \""Desert Exploration\"""""
Quest_00030120#0,"""- Clear the Free Field \""Desert Exploration\"""""
Quest_00030130#0,"""- Clear the Free Field \""Desert Exploration\"""""
Quest_00030140#0,"""- Clear the Free Field \""Tundra Exploration\"""""
Quest_00030150#0,"""- Clear the Free Field \""Tundra Exploration\"""""
Quest_00030160#0,"""- Clear the Free Field \""Tundra Exploration\"""""
Quest_00030170#0,"""- Clear the Free Field \""Sub. Tunnels Exploration\"""""
Quest_00030180#0,"""- Clear the Free Field \""Sub. Tunnels Exploration\"""""
Quest_00030190#0,"""- Clear the Free Field \""Sub. Tunnels Exploration\"""""
Quest_00030200#0,"""- Clear the Free Field \""Skyscape Exploration\"""""
Quest_00030210#0,"""- Clear the Free Field \""Skyscape Exploration\"""""
Quest_00030220#0,"""- Clear the Free Field \""Skyscape Exploration\"""""
Quest_00030230#0,"""- Clear the Free Field \""Skyscape Exploration\"""""
Quest_00030240#0,"""- Clear the Free Field \""Skyscape Exploration\"""""
Quest_00030250#0,"""- Clear the Free Field \""Skyscape Exploration\"""""
Quest_00030260#0,"""- Clear the Free Field \""Caves Exploration\"""""
Quest_00030270#0,"""- Clear the Free Field \""Caves Exploration\"""""
Quest_00030280#0,"""- Clear the Free Field \""Caves Exploration\"""""
Quest_00030290#0,"""- Clear the Free Field \""Coast Exploration\"""""
Quest_00030300#0,"""- Clear the Free Field \""Coast Exploration\"""""
Quest_00030310#0,"""- Clear the Free Field \""Coast Exploration\"""""
Quest_00030320#0,"""- Clear the Free Field \""Quarry Exploration\"""""
Quest_00030330#0,"""- Clear the Free Field \""Quarry Exploration\"""""
Quest_00030340#0,"""- Clear the Free Field \""Quarry Exploration\"""""
Quest_00030350#0,"""- Clear the Free Field \""Coast Exploration\"""""
Quest_00030360#0,"""- Clear the Free Field \""Coast Exploration\"""""
Quest_00030370#0,"""- Clear the Free Field \""Shironia Exploration\"""""
Quest_00030380#0,"""- Clear the Free Field \""Shironia Exploration\"""""
Quest_00030390#0,"""- Clear the Free Field \""Facility Exploration\"""""
Quest_00030400#0,"""- Clear the Free Field \""Facility Exploration\"""""
Quest_00030410#0,"""- Clear the Free Field \""Shironia Exploration\"""""
Quest_00030420#0,"""- Clear the Free Field \""Shironia Exploration\"""""
Quest_00180010#0,"""- Clear the Free Field \""Vegas Exploration\"""""
Quest_00180020#0,"""- Clear the Free Field \""Vegas Exploration\"""""
Quest_00180030#0,"""- Clear the Free Field \""Vegas Exploration\"""""
Quest_00180040#0,"""- Clear the Free Field \""Vegas Exploration\"""""
Quest_00180050#0,"""- Clear the Free Field \""Vegas Exploration\"""""
Quest_00180060#0,"""- Clear the Free Field \""Vegas Exploration\"""""
TitleExtraQuestConfirm#0,"""Campaign Content"""
Close#0,"""Cwose"""
EnterPartyInfo#0,"""Input Pawty Info"""
Cancel#0,"""Cancew"""
Yes#0,"""Yes"""
No#0,"""No"""
AddEnemyRule#0,"""Add Enemy Wuwes"""
AddPlayerRule#0,"""Add Pwayew Wuwes"""
AddDropItem#0,"""Pwimawy Dwop Items"""
ExtraQuestConfirmText#0,"""<c ffff00>The following quest and conditions will be accepted.<c><br>Continue?"""
ExtraQuestConfirmText2#0,"""<c ffff00>The following quest and conditions will be accepted.<c><br><br>Currently accepted quests will be abandoned.<br>Continue?"""
Title#5,"""Quest Infowmation"""
TitleQuestRank#0,"""Quest Name"""
TitleQuestTarget#0,"""Quest Objective"""
TitleQuestType#0,"""Quest Type"""
TitleQuestDetail#0,"""Quest Detaiws"""
TitlePlanet#0,"""Pwanet"""
TitleArea#0,"""Wocation"""
TitleQuestKind#0,"""Quest Type"""
TitlePartyInvite#0,"""Pawty Invitation"""
TitleApc#0,"""Pawtnew Chaws."""
TitleEnemyInfo#0,"""Enemy Info"""
TitleTargetEnemy#0,"""Tawget Enemy"""
TitleEnemy#0,"""Enemies Pwesent"""
TitleDropItem#0,"""Avaiwabwe Items"""
TitlePartyLevel#0,"""Quest Wequiwements"""
TitleTimeLimit#0,"""Wimit"""
TitleEnemyLevel#0,"""Enemy Wevew"""
QuestLevel#1,"""<pict mainclass_icon>Lv.$(0)～"""
QuestLevel_SubLimit#0,"""<pict mainclass_icon>Lv.$(0)～ <pict subclass_icon>Lv.$(1)～"""
QuestLevelNon#0,"""No Wevew Wequiwement"""
QuestKindSoro#0,"""Sowo Quest"""
QuestKindSingleParty#0,"""Singwe Pawty Quest"""
QuestKindMultiParty#0,"""Muwti Pawty Quest"""
ApcOK#0,"""OK"""
ApcNG#0,"""No"""
PartyInviteOK#0,"""OK"""
PartyInviteNG#0,"""No"""
TimeLimitNon#0,"""None"""
TimeLimit#0,"""Time Wimit: """
ExpLimit#0,"""<yellow>EXP Penalty<c>"""
TargetEnemyEtc#0,"""$(0) et aw."""
TargetEnemyNon#0,"""None"""
UnknownEnemy#0,"""???"""
EnemyNameList#0,"""$(0)<br>$(1)"""
Tab_QuestInfo#0,"""Quest Info"""
Tab_EnemyItem#0,"""Enemy/Item Info"""
TitleText#0,"""Quest Descwiption"""
TitleExp#0,"""EXP Penawty"""
ExpLimitText#0,"""<yellow>Member below level threshold<c>"""
ExpLimitNon#0,"""None"""
TimeLimitTitle#0,"""Time Wimit"""
ParameterLimitTitle#0,"""Lv. Adjustment"""
ParameterLimitText#0,"""Lv.$(0) Stats"""
ParameterLimitSyncLv#0,"""Lv.$(0) Stats"""
ParameterLimitSyncLvDmgCap#0,"""Lv.$(0) Stats / $(1) Dmg Cap"""
ParameterLimitNon#0,"""None"""
ParameterLimitDmgCap#0,"""$(0) Damage Cap"""
ParameterLimitSupport#0,"""Gwade Wewated"""
BasnetNeedGP#0,"""$(0) Bustew Points"""
Title#6,"""Wank Sewection"""
TitlePartyInfoEntry#1,"""Pawty Infowmation Menu"""
Back#3,"""Wetuwn"""
TitleCommandSelect#1,"""-"""
CreateNewRoom#1,"""Quick Stawt"""
LookPartyList#1,"""View Pawties in Quest"""
SelectPartyList#1,"""Join a Pawty on Cuwwent Bwock"""
SelectOtherBlockPartyList#1,"""Join a Pawty on Anothew Bwock"""
QuickStart#1,"""Quick Stawt"""
LookQuestRecord#1,"""View Quest Wecowds"""
MatchingSetting#2,"""Matching Settings"""
QuestDifficult#0,"""View Pewsonaw Quest Status"""
ConfirmHighScore#0,"""High Scowe"""
ConfirmExtraQuest#0,"""Campaign Content"""
ConfirmArksBoostRoad#1,"""AWKS Boost Wawwy Infowmation"""
HintNon#2,"""Unknown Ewwow"""
HintClear#1,"""Awweady Cweawed Quest"""
HintEnemy#1,"""Enemy"""
HintClientOrder#1,"""Cwient Owdew Objective Quests"""
HintMatter#1,"""Mattew Objective Quest"""
HintExtraQuest#1,"""Campaign Quests"""
HintABR#1,"""Cweaw with A+ Wank to get the boost"""
HintClearABR#1,"""Cweawed"""
CautionNon#3,"""Unknown Ewwow"""
CautionNothingRank#0,"""Wank unavaiwabwe fow this quest."""
CautionQuestLimitTimeOver#1,"""The time wimit to stawt the Quest has expiwed."""
CautionQuestLevelNG#1,"""Does not meet quest wequiwements."""
CautionQuestLevelNG2#2,"""Could not select quest, not all<br>party members meet the following requirements:<br><br>・Lv.$(0)+"""
CautionMultiConditionLine1#2,"""Could not select quest, not all<br>party members meet the following requirements:<br><br>$(0)"""
CautionMultiConditionLine2#2,"""Could not select quest, not all<br>party members meet the following requirements:<br><br>$(0)<br>$(1)"""
CautionMultiConditionLine3#1,"""Could not select quest, not all<br>party members meet the following requirements:<br><br>$(0)<br>$(1)<br>$(2)"""
CautionMultiConditionLine4#1,"""Could not select quest, not all<br>party members meet the following requirements:<br><br>$(0)<br>$(1)<br>$(2)<br>$(3)"""
CautionMultiConditionLine5#1,"""Could not select quest, not all<br>party members meet the following requirements:<br><br>・$(0)<br>・$(1)<br>・$(2)<br>・$(3)<br>・$(4)"""
CautionMultiConditionLine6#0,"""Could not select quest, not all<br>party members meet the following requirements:<br><br>・$(0)<br>・$(1)<br>・$(2)<br>・$(3)<br>・$(4)<br>・$(5)"""
CautionQuestPlatform#1,"""Could not select quest, not all<br>party members meet the following requirements:<br><br>$(0)"""
CautionQuestRaidQuest#1,"""Because it does not meet the quest conditions,<br>the order cannot be accepted."""
CautionQuestClearCountLimit#1,"""Cannot accept quest.<br>Quest clear limit has been surpassed."""
ReasonPartyLevel#2,"""<pict mainclass_icon>Lv.$(0)～"""
ReasonPartySubLevel#1,"""<pict subclass_icon>Lv.$(0)～"""
ReasonPartyMax#1,"""・Pawty count $(0)"""
ReasonEventFlag#3,"""・Conditions/Cwient Owdews"""
ReasonClearCountLimit#1,"""Cweaw Count Wimit"""
EnemyLevel#1,"""Lv. $(0)+"""
EnemyLevelNon#0,"""-"""
EnemyLevelUnknown#1,"""Lv. ???"""
TitleNon#2,"""Unknown Ewwow"""
TitleNewRoom#1,"""Quick Stawt"""
TitleQuickStart#1,"""Quick Stawt"""
AttentionNon#2,"""Unknown error.<br><br>Error code [3004]"""
AttentionNewRoom#1,"""You're attempting to start a new quest.<br><br>All progress in your current <br>quest will be discarded.<br>Continue?"""
AttentionNewRoom_ex#1,"""Accepting new quest.<br><br>If you accept, the current quest will be cancelled.<br><br><red>The meseta and items you used to accept this quest will not be returned.<c><br><br>Would you like to accept the quest?"""
AttentionNewRoom_TriggerQuest#0,"""クエストを受注します。<br><br>マルチパーティーも含め現在受注中のクエストに<br>参加している全員がクエスト破棄となります。<br>※トリガークエストの再受注可能時間<br>\u3000または回数が残っている場合に限ります。<br><br>よろしいですか？"""
AttentionQuickStart#1,"""You're attempting to start a new quest.<br><br>All progress in your current <br>quest will be discarded.<br>Continue?"""
AttentionQuickStart_ex#1,"""Accepting new quest.<br><br>If you accept, the current quest will be cancelled.<br><br><red>The meseta and items you used to accept this quest will not be returned.<c><br><br>Would you like to accept the quest?"""
MyInformationTitle#1,"""Advance Wisk Status"""
MyInformationMessage#1,"""Advance Risk:+$(0)<br>Reset time:$(1)<br><br>Advance risk is reset weekly."""
MyInfomationNone#1,"""None"""
ClosableQuestDifficult#1,"""Current stage / Stage $(0)<br><br><c ffff00>Will reset when you clear stage $(1).<c>"""
ClosableQuestDifficult2#1,"""Current stage / None<br><br><c ffff00>Will reset when you reach stage $(0).<c>"""
ClosableQuestDifficult3#1,"""Current stage / Stage $(0)<br><br><c ffff00>Will not reset when you clear the stage.<c>"""
ClosableQuestDifficult4#1,"""Current stage / None<br><br><c ffff00>Will reset when you clear the stage.<c>"""
ClosableQuestDifficultClearNum#0,"""This quest is limited to how often it can be cleared.<br><br>Can Be Cleared $(0) Times / $(1) Play(s) Left<br><br><c ffff00>Limit resets Wednesday at 13:00 JST.<c>"""
ClosableQuestDifficultClearNum2#0,"""This quest is limited to how often it can be cleared.<br><br>Can Be Cleared $(0)Times\u3000/ 0 Plays Left<br><red>Cannot accept. You have reached the limit.<c><br><br><c ffff00>Limit resets Wednesday at 13:00 JST.<c>"""
TitleApcCompanion#1,"""Making a New Woom"""
MessageApcCompanion#1,"""Client Orders or events that<br>require specific NPC partners<br>are currently in progress.<br><br>If you decide to play with them,<br>we recommend starting a new room.<br><br>Would you like to create a new room?"""
MessageApcCompanion2#1,"""特定パートナーキャラクターを<br>同行させるクライアントオーダー<br>または、その他イベントを進行中です。<br>それらをプレイする場合は<br>新規ルームの作成をおすすめします。<br><br>新規ルームの作成を行いますか？<br><br>※「いいえ」を選択すると、新規ルームの<br>作成を行わずにクエストを受注します。<br><br><c ff0000>※参加歓迎が選択されています。<br>参加者が現れた場合、<br>パートナーキャラクターが帰還する可能性があります。<br>帰還させたくない場合は参加歓迎を選択せずに<br>クエストを再受注してください。"""
TitleQuestTriggerConsumption#0,"""Quest Twiggew Use Confiwmation"""
MessageQuestTriggerConsumption#0,"""When you start this Trigger Quest, the following items are consumed:<br>Target Item: <pict qt_icon>$(0)<br><br>※You can abandon up to 3 times within 3 minutes as a safety precaution, upon accepting the quest.<br><br><yellow>Do note however, that when you abandon the quest within 3 minutes, the quest will be cancelled for everyone participating.<c><br><br>Furthermore, quest triggers will be consumed after the grace period duration, regardless of the situation.<br><br>Are you sure you want to proceed?"""
TitleQuestTriggerReorderConfirm#0,"""Weuse Confiwmation"""
MessageQuestTriggerReorderConfirm#0,"""トリガークエストを再受注します。<br><br><green>※アイテムを消費せず再受注できます。<c><br><br><yellow>あなたがこのクエストから離脱すると、<br>クエストに参加している全員がクエスト破棄と<br>なりますのでご注意ください。<c><br><br>また、クエスト破棄や回線切断など、<br>いかなる理由でも消費されたクエストトリガーは<br>戻りませんので、ご了承ください。<br><br>クエストを再受注してよろしいですか？"""
RidingQuestPoint#0,"""$(0)pt"""
RidingQuestPointTime#0,"""($(0))"""
AttentionNewRoom_HighLevelQuest#1,"""<red>受注中のクエストは<br>「破棄ペナルティー」対象です！<c><br><br>破棄すると他のプレイヤーに迷惑がかかるため、<br>発生中の緊急クエストを再受注できなくなります。<br>また、強制的に別ブロックへの移動が行われます。<br><br>他のクエストを受注する場合は、クエスト破棄となり、<br>別ブロックに移動後、そのクエストを受注できます。<br><br>「破棄ペナルティー」を受け、クエストを破棄します。<br>よろしいですか？"""
Basnet_Grade_ProperBattle#0,"""Main Match"""
Basnet_Grade_Support_Battle#0,"""Fwee Match"""
Basnet_Grade_LimitedBattle#0,"""Main Match: Adv."""
Basnet_Grade#0,"""Gwade: $(0)"""
Basnet_Grade_Range#0,"""Gwade: $(1)～$(0)"""
Basnet_Grade_Plus#0,"""Gwade: $(0)+"""
Basnet_GP#0,"""BP $(0)"""
Basnet_SlctMenu_MatchStart#0,"""Stawt Match"""
Basnet_SlctMenu_OrderCntRecovery#0,"""-"""
Basnet_MessageFormTitle#0,"""Bustew Quest Countew"""
Basnet_Proper_Order_confirm_Msg#0,"""You will participate in a Grade: $(0) battle.<br>You'll be awarded Buster Points after victory.<br><br><yellow>※You will join a battle tailored to<br>the lowest Grade party member.<br>The match will become a free match for <br>the members who are of different Grades.<c><br><br>Is that alright?"""
Basnet_Support_Order_confirm_Msg#0,"""You will participate in a Grade: 1～$(0) battle.<br><br><yellow>※If you claim victory, your Buster Points will<br>not increase. If you lose, you will drop points.<br>In addition, items will not drop, nor will<br>your Collect File Sheets increase.<br><br>[Expert Matching] not available for<br>Free Matching.<c><br><br>By seizing victory, you can receive a Match Stamina Boost.<br><br>Is that alright?"""
Basnet_Limited_Order_confirm_Msg#0,"""You will participate in an advanced battle<br>(Grade: $(0)+)<br><br><yellow>※The quest matching for Advanced<br>Main Match will only match you with<br>players having an advanced grade.<c><br><br>Is that alright?"""
Basnet_NoLftOverNum_Msg#0,"""-"""
Basnet_OrderRecovery_ConfirmTitle#0,"""-"""
Basnet_OrderRecovery_item_Name#0,"""-"""
Basnet_OrderRecovery_ResultMsg#0,"""-"""
Basnet_GradeSel_Title#0,"""Sewect a Gwade"""
Basnet_GradeSel_Help_Message#0,"""Sewect the Gwade you wish to join."""
Basnet_PtConfig_DecisionBtn_Text#0,"""Seawch fow a pawty"""
Basnet_Limited_GP_Error_Msg#0,"""\""Main Match: Advanced\"" cannot be selected<br>unless all the party members have reached<br>$(0) Buster Points."""
Title#7,"""Quest Wecowd"""
TitleItemRecord#0,"""Item Wecowd"""
TitleElementRecord#0,"""Speciaw Abiwity Wecowd"""
TitleEnemyRecord#0,"""Enemy Wecowd"""
Back#4,"""Wetuwn"""
RecordInfo#0,"""Based on the past $(0) days"""
ItemRecord#0,"""Item Wecowd"""
ElementRecord#0,"""Speciaw Abiwity Wecowd"""
EnemyRecord#0,"""Enemy Wecowd"""
CautionNon#4,"""Unknown error.<br><br>Error code [3005]"""
CautionNothingItemRecord#0,"""Item Wecowd cuwwentwy unavaiwabwe."""
CautionNothingElementRecord#0,"""Abiwity Wecowd cuwwentwy unavaiwabwe."""
CautionNothingEnemyRecord#0,"""Enemy Wecowd cuwwentwy unavaiwabwe."""
Title#8,"""Enemy Wecowd"""
Back#5,"""Wetuwn"""
SortNon#1,"""Defauwt Sowt"""
EnemyRate#0,"""$(0)%"""
Title#9,"""Speciaw Abiwity Wecowd"""
Back#6,"""Wetuwn"""
SortNon#2,"""Defauwt Sowt"""
ElementCount#0,"""$(0) times"""
Title#10,"""Item Wecowd"""
Back#7,"""Wetuwn"""
SortNon#3,"""Defauwt Sowt"""
ItemDiskLevel#0,"""$(0) Lv.$(1)"""
ItemCount#0,"""$(0) times"""
Title#11,"""Pawty Sewection"""
TitlePartyInfoEntry#2,"""Pawty Infowmation Menu"""
Back#8,"""Wetuwn"""
PrevPage#0,"""Pwevious"""
NextPage#0,"""Next"""
AnotherParty#0,"""Pawticipate as Anothew Pawty"""
JoinParty#0,"""Join Pawty"""
TitleNon#3,"""Unknown Ewwow"""
TitleAnotherParty#0,"""Pawticipate as Anothew Pawty"""
TitleJoinParty#0,"""Pawty Join"""
AttentionNon#3,"""Unknown Ewwow"""
AttentionAnotherParty#0,"""クエストを受注します。<br><br>受注中のクエストがある場合は破棄されます。<br>よろしいですか？"""
AttentionAnotherParty_ex#0,"""クエストを受注します。<br><br>受注中のクエストがある場合は破棄されます。<br><br><red>クエストを開始するために消費した<br>メセタやアイテムは返却されませんので、<br>ご注意ください。<c><br><br>クエストを受注しますか？"""
AttentionAnotherPartyPass#0,"""クエストを受注します。<br><br>受注中のクエストがある場合は破棄されます。<br>よろしいですか？"""
AttentionAnotherPartyPass_ex#0,"""クエストを受注します。<br><br>受注中のクエストがある場合は破棄されます。<br><br><red>クエストを開始するために消費した<br>メセタやアイテムは返却されませんので、<br>ご注意ください。<c><br><br>クエストを受注しますか？"""
AttentionJoinParty#0,"""このパーティーに参加します。<br><br>受注中のクエストがある場合は破棄されます。<br>よろしいですか？"""
AttentionJoinParty_ex#0,"""このパーティーに参加します。<br><br>受注中のクエストがある場合は破棄されます。<br><br><red>クエストを開始するために消費した<br>メセタやアイテムは返却されませんので、<br>ご注意ください。<c><br><br>パーティーに参加しますか？"""
AttentionJoinPartyPass#0,"""このパーティーに参加します。<br><br>受注中のクエストがある場合は破棄されます。<br>よろしいですか？"""
AttentionJoinPartyPass_ex#0,"""このパーティーに参加します。<br><br>受注中のクエストがある場合は破棄されます。<br><br><red>クエストを開始するために消費した<br>メセタやアイテムは返却されませんので、<br>ご注意ください。<c><br><br>パーティーに参加しますか？"""
AttentionMoveBlock#0,"""This party is in $(0).<br>Change blocks?"""
AttentionMoveBlock_ex#0,"""このパーティーは「$(0)」にいるため、<br>ブロックを移動します。<br><br><red>クエストを開始するために消費した<br>メセタやアイテムは返却されませんので、<br>ご注意ください。<c><br><br>ブロックを移動しますか？"""
HintNon#3,"""Unknown Ewwow"""
HintRoomNo#0,"""Woom Numbew"""
HintPartnerCard#0,"""Fwiends"""
HintGuildMember#0,"""Team Membew"""
HintFriendOrGuild#0,"""Fwiends and Team Membews"""
HintPassword#0,"""Passwowd wocked"""
HintQusetKindSoro#0,"""Sowo Quest"""
HintQusetKindSingleParty#0,"""Singwe Pawty Quest"""
HintQusetKindMultiParty#0,"""Muwti Pawty Quest"""
HintPartyNum#0,"""Pawty Count"""
HintPlayTime#0,"""Pwaytime"""
PasswordTitle#0,"""Entew Passwowd"""
PasswordMessage#0,"""Entew passwowd:"""
SortNon#4,"""Defauwt Sowt"""
SortPlayStyle1#0,"""Fow fun"""
SortPlayStyle2#0,"""Efficiency"""
SortPlayStyle3#0,"""Waid-back"""
SortPlayStyle4#0,"""Sewious"""
SortVacant#0,"""Pawty Count"""
SortQuestKind1#1,"""Muwti Pawty Quest"""
SortQuestKind2#1,"""Singwe Pawty Quest"""
SortQuestKind3#1,"""Sowo Quest"""
SortQuestPlayTime#0,"""Quest Stawt Time"""
SortFriend#0,"""Fwiends"""
SortGuild#0,"""Team Membew"""
SortPasswordOff#0,"""No passwowd"""
SortProhibitionOff#0,"""No pawty westwictions"""
SortPartnerOK#0,"""Pawtnews Awwowed"""
SortPartnerNG#0,"""Pawtnews Pwohibited"""
SortUseCoin#0,"""Use Wawe Enemy Twiggew"""
SortUseQuestTrigger#0,"""Use Quest Twiggew"""
SortRoomNo#0,"""Woom Numbew Owdew"""
CautionNon#5,"""Unknown error.<br><br>Error code [3006]"""
CautionNotMultiParty#0,"""Cannot select: not a Multi Party<br>Quest."""
CautionNotSelectParty#0,"""Could not join, do not meet<br>party restrictions."""
CautionSoloQuest#0,"""Sowo quests do not awwow pawty pway."""
CautionNotPartyLeader#0,"""Couwd not join, not pawty weadew."""
CautionNotSoloParty#1,"""Cannot change block while<br>part of a party."""
RoomNo#0,"""No.$(0)"""
PartyPersonNum#0,"""$(1)／$(0)"""
PlayTime#0,"""$(0)：$(1)"""
AttentionJoinParty_HighLevelQuest#0,"""<red>受注中のクエストは<br>「破棄ペナルティー」対象です！<c><br><br>破棄すると他のプレイヤーに迷惑がかかるため、<br>発生中の緊急クエストを再受注できなくなります。<br>また、強制的に別ブロックへの移動が行われます。<br><br>他のクエストを受注する場合は、クエスト破棄となり、<br>別ブロックに移動後、そのクエストを受注できます。<br><br>「破棄ペナルティー」を受け、クエストを破棄します。<br>よろしいですか？"""
AttentionMoveBlock_HighLevelQuest#0,"""<red>受注中のクエストは<br>「破棄ペナルティー」対象です！<c><br><br>破棄すると他のプレイヤーに迷惑がかかるため、<br>発生中の緊急クエストを再受注できなくなります。<br>また、強制的に別ブロックへの移動が行われます。<br><br>「$(0)」へ移動すると、パーティーから<br>自動的に脱退して、受注中のクエストが破棄されます。<br><br>「破棄ペナルティー」を受け、ブロックを移動します。<br>よろしいですか？"""
AttentionJoinParty_BasnetQuestError#0,"""ここからはバスタークエストのパーティーに<br>参加することはできません。<br><br><yellow>バスタークエストの受注中のパーティーに<br>参加する場合、「クエスト一覧から選ぶ」の<br>「バスタークエスト」から申請するルールを選択する<br>必要があります。<c><br><br>「申請グレード選択」で申請するルールを選択後、<br>「現在のブロックのパーティーに参加する」<br>または「他ブロックのパーティーを探す」<br>を選択してください。"""
Title#12,"""Pawty Infowmation"""
TitleRoomNo#0,"""Woom Numbew"""
TitleQuestType#1,"""Quest Type"""
TitlePlanet#1,"""Pwanet"""
TitleQuestInfo#0,"""Detaiwed Quest Infowmation"""
TitleQuestAndRankName#0,"""Quest Name"""
TitleQuestName#0,"""Quest Name"""
TitleQuestPartyInfo#0,"""Quest Pawty Type"""
TitleQuestTrusteeLevel#0,"""Quest Wevew/Wequiwements"""
TitlePartnerJoin#0,"""Pawtnew Pawticipation"""
TitlePartyMember#0,"""Membew"""
TitleComment#0,"""Comment"""
TitlePlayStyle#0,"""Pwaystywe"""
TitleRequirement#0,"""Pawty Conditions"""
TitleLevel#0,"""Wevew"""
HintNon#4,"""Unknown Ewwow"""
HintRoomNo#1,"""Woom Numbew"""
HintPartnerCard#1,"""Fwiends"""
HintGuildMember#1,"""Team Membews"""
HintFriendOrGuild#1,"""Fwiends and Team Membews"""
HintMainClass#0,"""Cwass"""
HintSubClass#0,"""-"""
HintSupporter#0,"""Suppowtew"""
HintApc#0,"""Pawtnew"""
RoomNo#1,"""No.$(0)"""
BlockName#0,"""（$(0)）"""
PartnerCardOn#0,"""Fwiends Onwy"""
PartnerCardOff#0,"""-"""
GuildMemberOn#0,"""Team Membews Onwy"""
GuildMemberOff#0,"""-"""
ApcOK#1,"""OK"""
ApcNG#1,"""No"""
PlayerJobLevel#0,"""Lv.$(0)"""
PartyLevelRange#0,"""Lv.$(0)～$(1)"""
QuestAndRankName#0,"""$(0)（$(1)）"""
QuestKindSoro#1,"""Sowo Quest"""
QuestKindSingleParty#1,"""Singwe Pawty Quest"""
QuestKindMultiParty#1,"""Muwti Pawty Quest"""
RoomEntry#0,"""$(1)／$(0)"""
QuestLevelNon#1,"""None"""
QuestLevelLow#0,"""<pict mainclass_icon>Lv.$(0)～"""
QuestLevelLow_SubClassLimit#0,"""<pict mainclass_icon>Lv.$(0)～ <pict subclass_icon>Lv.$(1)～"""
Colon#0,"""："""
ApcNameMake#0,"""$(0) / Pawtnew Chawactew"""
SupporterNameMake#0,"""$(0) / Fwiend Pawtnew"""
MercenaryNameMake#0,"""$(0) / Fwee Pawtnew"""
PartnerNameMake#0,"""$(0) / Suppowt Pawtnew"""
Count#0,"""（$(0)）"""
PartnerRoomProhibit#0,"""Pawtnews fowbidden"""
CostCount#0,"""($(1): +$(0))"""
NowCostCount#0,"""(Cuwwent: +$(0))"""
FloorCount#0,"""(F. $(0))"""
RareEnemyCoin#0,"""Wawe Enemy Twiggew"""
CongestionSituation#0,"""Status"""
PremiumSpace#0,"""Pwemium Space"""
Exchange#0,"""<pict Sign_TRIANGLE>Check Congestion"""
Return#0,"""<pict Sign_TRIANGLE>Return"""
Title_Buy#0,"""Item Puwchase Confiwmation"""
Title_Use#0,"""Confiwm item usage"""
UseCheckMessage#0,"""<pict Arcscash><c 5fdf00>購入済みアイテムの使用<c><br>所持カジノコイン<pict AmusementCoin>が<br>カジノコインの<yellow>持ち出し上限 （$(1)）<pict AmusementCoin><c> を<br>超えているため、クエストに持ち出すことができません。<br><br>カジノエリアで遊ぶことでカジノコインを消費するか<br>または景品交換で消費することをおすすめしますが、<br>上限以上のカジノコインを破棄して出発するか、<br>アイテムパック内にお持ちのチケットを使用して、<br>持ち出し上限を一定期間解除することもできます。<br><br>アイテムを使用しますか？<br><yellow>※使用するアイテムを確認したい場合は、<br>アイテムパックから選んでください。<c><br><br>(所持カジノコイン： <red>$(0)<c><pict AmusementCoin>)<br>(持ち出し上限\u3000\u3000： $(1)<pict AmusementCoin>)"""
BuyCheckMessage#0,"""<pict Arcscash><c ff4f3f>AC消費コンテンツ<c><br>所持カジノコイン（$(1)<pict AmusementCoin>）が<br>カジノコインの<yellow>持ち出し上限 （$(2)）<pict AmusementCoin><c> を<br>超えているため、クエストに持ち出すことができません。<br><br>カジノエリアで遊ぶことでカジノコインを消費するか<br>または景品交換で消費することをおすすめしますが、<br>上限以上のカジノコインを破棄して出発するか、<br>または有料アイテム「<yellow>CC持ち出し上限解除$(0)日<c>」で<br>持ち出し上限を$(0)日間解除することもできます。<br><br>購入確認画面に進みますか？<br><br>(所持カジノコイン： <red>$(1)<c><pict AmusementCoin>)<br>(持ち出し上限\u3000\u3000： $(2)<pict AmusementCoin>)"""
DeleteCheckMessage#0,"""このままクエストに出発すると、<br>カジノコインの<yellow>持ち出し上限 （$(1)）<pict AmusementCoin><c> を<br>超えた分のカジノコインが<red>破棄されます。<c><br><br>本当にクエストに出発しますか？<br><br>(所持カジノコイン： <red>$(0)<c><pict AmusementCoin>)<br>(持ち出し上限\u3000\u3000： $(1)<pict AmusementCoin>)"""
Toast_Delete#0,"""お預かり上限を超えたカジノコイン（CC）は消失しました。"""
Toast_Use#0,"""CC所持枠拡張の期限を$(0)延長しました。"""
TitleHighScore#0,"""High Scowe"""
Back#9,"""Wetuwn"""
Title_QuestDetails#0,"""Quest Detaiws"""
Title_RewardDetails#0,"""Wewawd detaiws"""
Title_MapDetails#0,"""Map"""
Reward_None#0,"""Thewe is no wewawd."""
Reward_AlreadyGet#0,"""<c ffa800>You have already received this reward.<c>"""
Quest_SubText_Event#0,"""<yellow>※<c><%Decide><yellow>Start event<c>"""
Quest_SubText_Quest#0,"""<yellow>※<c><%Decide><yellow>Begin quest<c>"""
Quest_SubText_Matching#0,"""<yellow>※<c><%Decide><yellow>Begin matching<c>"""
Quest_SubText_Clear#0,"""<c ffa800>※You have already cleared this quest.<c>"""
Quest_Explain_Top#0,"""<yellow>※You cannot accept this quest yet.<br>Quest Requirements:<c>"""
Quest_Explain_Bottom#0,"""<yellow>※This quest can only be done solo (1 person)<c>"""
Quest_Explain_Text_1#0,"""・Need to win approx. <green>$(0)<c> Buster Quest matches.<br>\u3000(You need to win <yellow>$(1)<c> more to unlock.)"""
Quest_Explain_Text_2#0,"""・Class level required:<br>\u3000<pict mainclass_icon>Lv.$(0)+"""
Quest_Explain_Text_3#0,"""Compwete $(0)"""
Quest_Story_Explain#0,"""Bwowse the event."""
Quest_Explain_Continue#0,"""All available quests have been completed.<br><br>Please wait for the next update."""
Quest_Explain_Continue_1#0,"""Aww Omnibus EPISODE 1 quests have been cweawed."""
Quest_Explain_Continue_2#0,"""Aww Omnibus EPISODE 2 quests have been cweawed."""
Quest_Explain_Continue_3#0,"""All Omnibus EPISODE 3 quests have been cleared.<br><br>To continue the adventure, please try EPISODE 4."""
Quest_Name_Continue#0,"""\u3000\u3000\u3000Untiw next update..."""
Quest_Name_Continue_1#0,"""\u3000\u3000\u3000Untiw next update..."""
Quest_Name_Continue_2#0,"""\u3000\u3000\u3000Untiw next update..."""
Quest_Name_Continue_3#0,"""\u3000\u3000\u3000Untiw next update..."""
Quest_Name_TopContinue_1#0,"""\u3000\u3000\u3000Cweawed EPISODE 1"""
Quest_Name_TopContinue_2#0,"""\u3000\u3000\u3000Cweawed EPISODE 2"""
Quest_Name_TopContinue_3#0,"""\u3000\u3000\u3000Cweawed EPISODE 3"""
Quest_Explain_TopContinue_1#0,"""All Omnibus EPISODE 1 quests have been cleared.<br><br>Please wait for the next EPISODE's update."""
Quest_Explain_TopContinue_2#0,"""All Omnibus EPISODE 2 quests have been cleared.<br><br>Please wait for the next EPISODE's update."""
Quest_Explain_TopContinue_3#0,"""All Omnibus EPISODE 3 quests have been cleared. Thank you for playing them.<br><br><yellow>※You can switch to EPISODE 4 mode<br>by talking to Xiera and selecting<br>the option \""Switch to EP4 Mode\"",<br>then accessing \""Story Board [EP4]\"".<c>"""
Quest_Explain_Basnet#0,"""This will open the Buster Quest matching screen.<br><br>Upon completion, you will<br>return back to the Campship."""
Quest_Explain_Omnibus_FreeField#0,"""Open the Free Field selection.<br><br>If you clear a Free Field, you<br>will return back to the Campship."""
Sub_Window_change#0,"""<pict Sign_TRIANGLE>Switch"""
Quest_Title_Confirm#0,"""Quest stawt confiwmation"""
Quest_Title_Msg#0,"""Message"""
Quest_Msg_Confirm#0,"""This will begin the Story Quest [Buster Quest].<br>Grade: 1 (Skills scaled to： Lv.$(1))<br><br><yellow>※You can only select this quest solo.<br>※Quest will begin immediately.<br>※This will not consume [Match Stamina]<br>※You cannot earn [Buster Quest] rewards.<br>※You will not earn BP from a victory.<br>\u3000(You can still lose BP if you lose.)<br>※Can only be done once per account.<c><br><br>Victory Conditions / Destroy Boss"""
Quest_NoMsg_Party#0,"""・Event quests<br>・Story Quests<br>・Story Buster Quests<br>\u3000You cannot undertake these type of<br>\u3000quests while in a party."""
Quest_NoMsg_Account#0,"""This is a story-related [Buster Quest]<br>that can only be cleared once.<br><yellow>※Since you have already cleared this quest on this<br>account, you cannot start it again.<c>"""
Quest_NoMsg_Delete#0,"""Because you recently abandoned a [Buster Quest],<br>you cannot participate in [Buster Quests]<br>at the moment."""
Event_Msg#0,"""This will play the selected event.<br>Continue?"""
Event_Msg_Already#0,"""This will play the selected event.<br>Continue?<br><br><c ffa800>※This event has been previously viewed.<c>"""
Quest_Msg_Easy#0,"""This will start a Story Quest. Continue?<br>\u3000<yellow>※This quest does not transfer you to<br>\u3000\u3000\u3000the Campship, but rather directly to the field.<c><br>───────────────────────<br>Failure / Be incapacitated or time expires."""
Quest_Msg_Easy_Already#0,"""This will start a Story Quest. Continue?<br>\u3000<yellow>※This quest does not transfer you to<br>\u3000\u3000\u3000the Campship, but rather directly to the field.<c><br><br>\u3000<c ffa800>※This quest has already been cleared.<c><br>───────────────────────<br>Failure / Be incapacitated or time expires."""
Quest_Msg_Normal#0,"""This will start a Story Quest. Continue?<br>\u3000<yellow>※This quest does not transfer you to<br>\u3000\u3000\u3000the Campship, but rather directly to the field.<c><br>\u3000<yellow>※When cleared on Normal,<br>\u3000\u3000\u3000a clear mark will also appear on Easy.<c><br>───────────────────────<br>Failure / Be incapacitated or time expires."""
Quest_Msg_Normal_Already#0,"""This will start a Story Quest. Continue?<br>\u3000<yellow>※This quest does not transfer you to<br>\u3000\u3000\u3000the Campship, but rather directly to the field.<c><br>\u3000<yellow>※When cleared on Normal,<br>\u3000\u3000\u3000a clear mark will also appear on Easy.<c><br><br>\u3000<c ffa800>※This quest has already been cleared.<c><br>───────────────────────<br>Failure / Be incapacitated or time expires."""
Quest_Msg_Easy_Unique#0,"""ストーリークエストを受注しますがよろしいですか？<br><yellow>※このクエストではキャンプシップには行かず<br>\u3000\u3000直接フィールドへ移動します。<br>※現在受注中のクエストは破棄されます。<c><br>───────────────────────<br>失敗条件/戦闘不能"""
Quest_Msg_Easy_Already_Unique#0,"""ストーリークエストを受注しますがよろしいですか？<br><yellow>※このクエストではキャンプシップには行かず<br>\u3000\u3000直接フィールドへ移動します。<br>※現在受注中のクエストは破棄されます。<c><br><br><c ffa800>※このクエストはクリア済みです。<c><br>───────────────────────<br>失敗条件/戦闘不能"""
Quest_Msg_Normal_Unique#0,"""ストーリークエストを受注しますがよろしいですか？<br><yellow>※このクエストではキャンプシップには行かず<br>\u3000\u3000直接フィールドへ移動します。<br>※ノーマルをクリアすると<br>\u3000\u3000イージーにもクリアマークが付与されます。<br>※現在受注中のクエストは破棄されます。<c><br>───────────────────────<br>失敗条件/戦闘不能"""
Quest_Msg_Normal_Already_Unique#0,"""ストーリークエストを受注しますがよろしいですか？<br><yellow>※このクエストではキャンプシップには行かず<br>\u3000\u3000直接フィールドへ移動します。<br>※ノーマルをクリアすると<br>\u3000\u3000イージーにもクリアマークが付与されます。<br>※現在受注中のクエストは破棄されます。<c><br><br><c ffa800>※このクエストはクリア済みです。<c><br>───────────────────────<br>失敗条件/戦闘不能"""
PartyConfig_Decision_Btn_Text#0,"""Depawt"""
QuestTypeName_EP5_Event#0,"""Event Quests"""
QuestTypeName_EP5_Battle#0,"""EP5 Stowy Quests"""
QuestTypeName_EP5_Basnet#0,"""Stowy Bustew Quests"""
QuestTypeName_Omnibus_Event#0,"""Event Quests"""
QuestTypeName_Omnibus_Battle#0,"""Stowy Quests"""
Omnibus_FilterChapter#0,"""$(0). $(1)"""
Omnibus_EP1_Name_All#0,"""Aww"""
Omnibus_EP1_Name_NotClear#0,"""Unfinished Quests"""
Omnibus_EP1_Name_00#0,"""Ch.1: Mattew Boawd Guidance"""
Omnibus_EP1_Name_01#0,"""Ch.2: Encountewing Dwagons"""
Omnibus_EP1_Name_02#0,"""Ch.3: Smaww Benefactow"""
Omnibus_EP1_Name_03#0,"""Ch.4: The Bwoken Genesis"""
Omnibus_EP1_Name_04#0,"""Ch.5: The Second Fwagment"""
Omnibus_EP1_Name_05#0,"""Ch.6: The Finaw Fwagment"""
Omnibus_EP1_Name_06#0,"""Ch.7: State of Emewgency"""
Omnibus_EP1_Name_07#0,"""Ch.8: Wevivaw of [Ewdew]"""
Omnibus_EP1_Name_08#0,"""Ch.9: AWKS and Dawk Fawz"""
Omnibus_EP1_Name_09#0,"""Ch.10: The Idow & Wunaway Dwagon"""
Omnibus_EP2_Name_All#0,"""Aww"""
Omnibus_EP2_Name_NotClear#0,"""Unfinished Quests"""
Omnibus_EP2_Name_01#0,"""Ch.1: 遺された者達"""
Omnibus_EP2_Name_02#0,"""Ch.2: 歴史を変えるために"""
Omnibus_EP2_Name_03#0,"""Ch.3: 閉ざされた真実の先"""
Omnibus_EP2_Name_04#0,"""Ch.4: 再誕の日"""
Omnibus_EP2_Name_05#0,"""Ch.5: わたしがうまれたそのりゆう"""
Omnibus_EP2_Name_06#0,"""Ch.6: それぞれの未来"""
Omnibus_EP3_Name_01#0,"""Ch.1: 灰の神子"""
Omnibus_EP3_Name_02#0,"""Ch.2: 【双子】の目的"""
Omnibus_EP3_Name_03#0,"""Ch.3: 自分にできること"""
Omnibus_EP3_Name_04#0,"""Ch.4: 原初の若き美の女神"""
EP5_Name_All#0,"""Aww"""
EP5_Name_NotClear#0,"""Unfinished Quests"""
EP5_Name_00#0,"""Pwowogue: Sawvation Vanguawd"""
EP5_Name_01#0,"""Ch.1: The Existence of Sawvation"""
EP5_Name_02#0,"""Ch.2: The Doomed Nation"""
EP5_Name_03#0,"""Ch.3: Sibwing Memowies, the Weseawch of Wosew"""
EP5_Name_04#0,"""４章："""
EP5_Name_05#0,"""５章："""
EP5_Name_06#0,"""６章："""
EP5_Name_07#0,"""７章："""
EP5_Name_08#0,"""８章："""
EP5_Name_09#0,"""９章："""
EP5_Name_10#0,"""１０章："""
EP5_Name_11#0,"""１１章："""
EP5_Name_12#0,"""１２章："""
EP5_Name_13#0,"""１３章："""
EP5_Name_14#0,"""１４章："""
EP5_Name_15#0,"""１５章："""
EP5_Name_16#0,"""１６章："""
EP5_Name_17#0,"""１７章："""
EP5_Name_18#0,"""１８章："""
EP5_Name_19#0,"""１９章："""
EP5_Name_20#0,"""２０章："""
EP5_Name_21#0,"""Episode: Stwatos"""
EP5_Name_22#0,"""Episode: Awma"""
EP5_Name_23#0,"""Episode: Xiewa"""
EP5_Name_24#0,"""エピソード："""
EP5_Name_25#0,"""エピソード："""
EP5_Name_26#0,"""エピソード："""
EP5_Name_27#0,"""エピソード："""
EP5_Name_28#0,"""エピソード："""
EP5_Name_29#0,"""エピソード："""
EP5_Name_30#0,"""Othew"""
Title_EP5Story#0,"""Main Quest [EP5]"""
Title_OmnibusEP1#0,"""Omnibus Quest [EP1]"""
Title_OmnibusEP2#0,"""Omnibus Quest [EP2]"""
Title_OmnibusEP3#0,"""Omnibus Quest [EP3]"""
Title_StoryQuest_End#0,"""Quest Countew Finish"""
Title_EP5Story_End#0,"""Main Stowy [EP5] Finish"""
Title_OmnibusEP1_End#0,"""Omnibus Quest [EP1] Finish"""
Title_OmnibusEP2_End#0,"""Omnibus Quest [EP2] Finish"""
Title_OmnibusEP3_End#0,"""Omnibus Quest [EP3] Finish"""
StoryQuest_End#0,"""This will stop playing the current quest<br>and return back to the Bridge.<br><br>Is that alright?"""
EP5Story_End#0,"""This will stop playing the [EP5] Story<br>and return back to the Bridge.<br><br>Is that alright?"""
Omnibus_End#0,"""This will stop playing the Omnibus quest<br>and return back to the Bridge.<br><br>Is that alright?"""
Transition_EP1#0,"""Omnibus Quest [EP1]"""
Transition_EP2#0,"""Omnibus Quest [EP2]"""
Transition_EP3#0,"""Omnibus Quest [EP3]"""
Transition_Bridge#0,"""Wetuwn to Bwidge"""
Title_ArksBoostRally#0,"""AWKS Boost Wawwy Tawget Quest"""
Title_Quest#0,"""Tawget Quest"""
Title_Quest_Vita#0,"""ABW Tawget Quest"""
Title_Clear#0,"""Cweaw state"""
Title_ArksBoostGage#0,"""ABW boost effect"""
HintABR#2,"""Cweaw with A+ Wank to get the boost"""
HintCLEAR#0,"""Cweawed"""
Quest_ABR_Title#0,"""AWKS Boost Wawwy Info"""
Quest_ABR_SubTitle_Boost#0,"""Boosted difficuwty degwee"""
Quest_ABR_SubTitle_Drop#0,"""Additionaw Dwop Items"""
Quest_ABR_SubTitle_ABR#0,"""Cuwwent AWKS Boost"""
Toast_BoostUp#0,"""AWKS Boost incweased by ○%."""
Option_Ultimate#0,"""Uwtimate"""
MltPtMatching_Setting_Title2#0,"""Genewaw Quest Settings"""
MltPtMatching_Setting_1#0,"""Match with Expewt Pwayews onwy"""
MltPtMatching_Setting_2#0,"""Do not pawty with bwackwisted pwayews"""
MltPtMatching_hint_Title#0,"""Settings Expwanation"""
MltPtMatching_hint_Message1#0,"""You won't be able to call support<br>partners in rooms that forbid them.<br>Restricted parties will only let you<br>join Multi-Parties having that setting<br>activated too."""
MltPtMatching_hint_Message2#0,"""Players having the following 3 titles<br>will be able to use Expert Matching:<br>────────────────────<br>Required titles:<br>①[Solo Warrior]<br>②[Rare Creators of the New Generation]<br>or if Summoner [Pioneer of Pet Development]<br>③[Creator of Solid Defense]"""
MltPtMatching_hint_Message3#0,"""With this setting turned on,<br>blacklisted players will be unable<br>to join the room."""
MltPtMatching_ExpertSetting_Disable#0,"""Expert setting not permitted.<br><br>This setting can only be set if<br>a certain title has been acquired."""
MltPtMatching_Search#0,"""Seawch cwoss-bwocks and accept owdews"""
MltPtMatching_Password_Title#0,"""Confiwm Passwowd"""
MltPtMatching_Password_Message#0,"""他パーティーとのマルチプレイが制限されているため<br>マルチパーティーが検索できません。<br><br>「すぐに出発する」からクエストを受注してください。<br><br><yellow>※他パーティーとのマルチプレイを制限して<br>\u3000作成したルームは「パーティーを検索して出発」の<br>\u3000検索対象になりません<c>"""
MltPtMatching_Leader_Confirmation_Title#0,"""Quest Owdews"""
MltPtMatching_Leader_Confirmation_Message#0,"""Awaiting confirmation from other party members.<br>Please wait until everyone is ready.<br><br><yellow>※You will be moved into<br>the Campship once everyone is ready.<c>"""
MltPtMatching_Leader_Quest_Title#0,"""Quest Titwe"""
MltPtMatching_Quest_Difficulty#0,"""$(1)<br>$(0)"""
MltPtMatching_Party_Title#0,"""Pawty Status"""
MltPtMatching_Member_Ready_Cancel#0,"""Cancew"""
MltPtMatching_Party_1#0,"""$(0)"""
MltPtMatching_Party_2#0,"""$(0)"""
MltPtMatching_Party_3#0,"""$(0)"""
MltPtMatching_Party_Ready#0,"""<yellow>Not Ready<c>"""
MltPtMatching_Party_Completion#0,"""<c 00ff00>Ready<c>"""
MltPtMatching_elapsed time_Title#0,"""Time Ewapsed"""
MltPtMatching_elapsed time#0,"""$(0)：$(1)"""
MltPtMatching_Leader_Chat#0,"""Open Chat"""
MltPtMatching_Leader_QuestDestruction#0,"""Cancew Queue"""
MltPtMatching_Leader_Departure#0,"""Stawt Quest Now"""
MltPtMatching_Leader_AllDeparture#0,"""Depawt fow Aww"""
MltPtMatching_Departure_Title#0,"""Depawt Confiwmation"""
MltPtMatching_Departure_Message#0,"""Starting with one or more members who are \""ready.\""<br>Are you sure?<br><br><yellow>※Party members who aren't<br>ready will be removed from the party and<br>their quest will be cancelled.<c>"""
MltPtMatching_QuestDestruction_Title#0,"""Cancew Quest"""
MltPtMatching_QuestDestruction_Message#0,"""This will discard the quest matching<br>request. Is that OK?"""
MltPtMatching_Member_Confirmation_Title#0,"""Quest Owdew Confiwmation"""
MltPtMatching_Member_Confirmation_Message#0,"""The Party Leader has queued a quest.<br>Would you like to participate in the quest?<br><br><yellow>※You will be moved to<br>the Campship automatically when ready.<c><br><br><yellow>※If you select \""Hold\"",<br>You'll be able to move your character.<br>You can re-open the window at anytime.<c>"""
MltPtMatching_Member_Confirmation_Toast#0,"""The Quest Owdew has been put on howd."""
MltPtMatching_Member_Confirmation_Yes#0,"""Yes"""
MltPtMatching_Member_Confirmation_Hold#0,"""Howd"""
MltPtMatching_Member_Quest_Title#0,"""Quest Name"""
MltPtMatching_Member_WindowOpenSet#0,"""Do not open this window automaticawwy"""
MltPtMatching_Member_Ready_title#0,"""Weady"""
MltPtMatching_Member_Ready_Message#0,"""Other members of your party are not ready.<br>The quest will be started when everyone<br>is ready."""
MltPtMatching_NewNotification#0,"""Quest owdew confiwmation"""
MltPtMatching_config_button1#0,"""Match in Muwtipwe Bwocks"""
MltPtMatching_config_button2#0,"""Match in Same Bwock"""
MltPtMatching_config_button3#0,"""Matching Settings"""
MltPtMatching_Confirmation_Basnet_Grade#0,"""Gwade： $(1)$(0)"""
MltPtMatching_Confirmation_Basnet_Grade_Free#0,"""受注グレード：1～$(1)$(0)"""
MltPtMatching_Confirmation_Basnet_Proper#0,"""<vivid_cyan2>(Main Match)<c>"""
MltPtMatching_Confirmation_Basnet_Suport#0,"""<yellow>(Free Match)<c>"""
MltPtMatching_Confirmation_Basnet_Limited#0,"""＋<bright_orange>(Main Match: Advanced)<c>"""
MltPtMatching_holdMessage#0,"""Matching queue in progress. You can open the window and check the status with <%NextWidget>."""
MltPtMatching_holdMessage_v#0,"""クエスト受注準備中です。画面上部のボタンをタップし通知を開いてください"""
MltPtMatching_AllDeparture_Title#0,"""Depawt Confiwmation"""
MltPtMatching_AllDeparture_Message#0,"""「準備完了」になっていないメンバーも含めて、<br>全員で出発します。<br>よろしいですか？<br><br><yellow>※「準備中」のパーティーメンバーも<br>\u3000強制的にクエストに出発します。<c>"""
MltPtMatching_AllDepartureError_Title#0,"""Ewwow"""
MltPtMatching_AllDepartureError_Message#0,"""パーティーメンバーがキャンプシップ、フィールド<br>以外の場所にいるため、クエストを開始することが<br>できませんでした。"""
