YesText#0,"""Yes"""
NoText#0,"""No"""
EventChronicleTitle1#0,"""Event Chwonicwe"""
EventChronicleTitle2#0,"""Episode Sewection"""
EventChronicleTitle3#0,"""Event Chwonicwe Infowmation"""
OccurrenceCondition#0,"""Conditions"""
Condition#0,"""Pwogwess:"""
PerusalOnly#0,"""Viewed, Wocked"""
Clear#0,"""Unwocked"""
Nonattainment#0,"""Wocked"""
SubScenarioText#0,"""(ESC Button) Sub Scenawio Dispway"""
SubScenarioTextVita#0,"""<pict Sign_TRIANGLE> Sub Scenario Display"""
SubScenario#0,"""Sub Scenawio"""
EventNone#0,"""No achieved events."""
PlayBackTitle#0,"""Pway Event"""
PlayBackMessage#0,"""This will play the selected event.<br>Continue?"""
PlaySkipMessage#0,"""This will skip to the next choice or the end of the event.<br><br>Continue?"""
AllClearMessage#0,"""新たな章「(章のタイトル)」が追加されました。<br>EP(EPの番号)\u3000第(章の番号)章をご確認ください。"""
BrowserTitle#0,"""Wepway Event"""
BrowserMessage#0,"""Events can be played from your browser.<br><br>http://pso2.jp/vita/players/about/movie/"""
Episode_1#0,"""EPISODE 1 Main Events"""
Uncommon1#0,"""EPISODE 1 Sub Events"""
Episode_2#0,"""EPISODE 2 Main Events"""
Uncommon2#0,"""EPISODE 2 Sub Events"""
Episode_3#0,"""EPISODE 3 Main Events"""
Uncommon3#0,"""EPISODE 3 Sub Events"""
Etc#0,"""Othew"""
Chapter_0#0,"""Intwo"""
Chapter_1#0,"""CH 1"""
Chapter_2#0,"""CH 2"""
Chapter_3#0,"""CH 3"""
Chapter_4#0,"""CH 4"""
Chapter_5#0,"""CH 5"""
Chapter_6#0,"""CH 6"""
Chapter_7#0,"""CH 7"""
Chapter_8#0,"""CH 8"""
Chapter_9#0,"""CH 9"""
Chapter_10#0,"""CH 10"""
Chapter_EX#0,"""EX CH1"""
Chapter_EX2#0,"""EX CH2"""
Chapter_EX3#0,"""EX CH3"""
Chapter_EX4#0,"""EX CH4"""
Etc_Ep1#0,"""EP1"""
Etc_Ep2#0,"""EP2"""
Etc_Ep3#0,"""EP3"""
Etc_Ep4#0,"""EP4"""
Etc_Ep5#0,"""EP5"""
Etc_EX#0,"""EX"""
Etc#1,"""Othew"""
Zeno#0,"""Zeno"""
Echo#0,"""Echo"""
Afin#0,"""Afin"""
Matoi#0,"""Matoi"""
Gettem#0,"""Gettemhawt"""
Melfon#0,"""Mewphonsina"""
Furie#0,"""Fouwiew"""
Aki#0,"""Aki"""
Rojio#0,"""Wogio"""
Pati#0,"""Tea & Patty"""
Maria#0,"""Mawia"""
Sara#0,"""Sawa"""
Philia#0,"""Phiwia"""
Clotho#0,"""Kwotho"""
Ohza#0,"""Ohza"""
Marlu#0,"""Mawwu"""
Jan#0,"""Jean"""
Reda#0,"""Weda"""
Risa#0,"""Wisa"""
Klaris#0,"""Cwawis Cwaes"""
Casra#0,"""Caswa"""
Huey#0,"""Huey"""
Quna#0,"""Quna"""
Hien#0,"""Hi En"""
Right#0,"""Wight"""
Jig#0,"""Zieg"""
Ulc#0,"""Uwc"""
Regius#0,"""Wegius"""
Azanami#0,"""Azanami"""
Io#0,"""Io"""
Xiao#0,"""Xiao"""
Katori#0,"""Saga & Katowi"""
year_228#0,"""A.P.228"""
year_238#0,"""A.P.238"""
year_239#0,"""A.P.239"""
year_240#0,"""A.P.240"""
year_???#0,"""A.P.???"""
day_1_7#0,"""1/7"""
day_1_8#0,"""1/8"""
day_1_9#0,"""1/9"""
day_1_10#0,"""1/10"""
day_1_11#0,"""1/11"""
day_1_12#0,"""1/12"""
day_1_13#0,"""1/13"""
day_1_14#0,"""1/14"""
day_1_15#0,"""1/15"""
day_1_16#0,"""1/16"""
day_1_17#0,"""1/17"""
day_1_18#0,"""1/18"""
day_1_19#0,"""1/19"""
day_1_20#0,"""1/20"""
day_1_21#0,"""1/21"""
day_1_22#0,"""1/22"""
day_1_23#0,"""1/23"""
day_1_24#0,"""1/24"""
day_1_25#0,"""1/25"""
day_1_26#0,"""1/26"""
day_1_27#0,"""1/27"""
day_1_28#0,"""1/28"""
day_1_29#0,"""1/29"""
day_1_30#0,"""1/30"""
day_1_31#0,"""1/31"""
day_2_4#0,"""2/4"""
day_2_5#0,"""2/5"""
day_2_9#0,"""2/9"""
day_2_10#0,"""2/10"""
day_2_11#0,"""2/11"""
day_2_13#0,"""2/13"""
day_2_14#0,"""2/14"""
day_2_18#0,"""2/18"""
day_2_20#0,"""2/20"""
day_2_21#0,"""2/21"""
day_2_22#0,"""2/22"""
day_2_23#0,"""2/23"""
day_2_24#0,"""2/24"""
day_2_25#0,"""2/25"""
day_2_26#0,"""2/26"""
day_2_27#0,"""2/27"""
day_2_28#0,"""2/28"""
day_3_1#0,"""3/1"""
day_3_2#0,"""3/2"""
day_3_3#0,"""3/3"""
day_3_4#0,"""3/4"""
day_3_5#0,"""3/5"""
day_3_6#0,"""3/6"""
day_3_7#0,"""3/7"""
day_3_8#0,"""3/8"""
day_3_9#0,"""3/9"""
day_3_10#0,"""3/10"""
day_3_11#0,"""3/11"""
day_3_12#0,"""3/12"""
day_3_13#0,"""3/13"""
day_3_14#0,"""3/14"""
day_3_15#0,"""3/15"""
day_3_16#0,"""3/16"""
day_3_17#0,"""3/17"""
day_3_18#0,"""3/18"""
day_3_19#0,"""3/19"""
day_3_20#0,"""3/20"""
day_3_21#0,"""3/21"""
day_3_22#0,"""3/22"""
day_3_23#0,"""3/23"""
day_3_24#0,"""3/24"""
day_3_25#0,"""3/25"""
day_3_26#0,"""3/26"""
day_3_27#0,"""3/27"""
day_3_28#0,"""3/28"""
day_3_29#0,"""3/29"""
day_3_30#0,"""3/30"""
day_3_31#0,"""3/31"""
day_4_1#0,"""4/1"""
day_4_2#0,"""4/2"""
day_4_3#0,"""4/3"""
day_4_4#0,"""4/4"""
day_4_5#0,"""4/5"""
day_4_6#0,"""4/6"""
day_4_7#0,"""4/7"""
day_4_8#0,"""4/8"""
day_4_9#0,"""4/9"""
day_4_10#0,"""4/10"""
day_4_11#0,"""4/11"""
day_4_12#0,"""4/12"""
day_4_13#0,"""4/13"""
day_4_14#0,"""4/14"""
day_4_15#0,"""4/15"""
day_4_16#0,"""4/16"""
day_4_17#0,"""4/17"""
day_4_18#0,"""4/18"""
day_4_19#0,"""4/19"""
day_4_20#0,"""4/20"""
day_4_21#0,"""4/21"""
day_4_22#0,"""4/22"""
day_4_23#0,"""4/23"""
day_4_24#0,"""4/24"""
day_4_25#0,"""4/25"""
day_4_26#0,"""4/26"""
day_4_27#0,"""4/27"""
day_4_28#0,"""4/28"""
day_4_29#0,"""4/29"""
day_4_30#0,"""4/30"""
day_5_1#0,"""5/1"""
day_5_2#0,"""5/2"""
day_5_3#0,"""5/3"""
day_5_4#0,"""5/4"""
day_5_5#0,"""5/5"""
day_5_6#0,"""5/6"""
day_5_7#0,"""5/7"""
day_5_8#0,"""5/8"""
day_5_9#0,"""5/9"""
day_5_10#0,"""5/10"""
day_5_11#0,"""5/11"""
day_5_12#0,"""5/12"""
day_5_13#0,"""5/13"""
day_5_14#0,"""5/14"""
day_5_15#0,"""5/15"""
day_5_16#0,"""5/16"""
day_5_17#0,"""5/17"""
day_5_18#0,"""5/18"""
day_5_19#0,"""5/19"""
day_5_20#0,"""5/20"""
day_5_21#0,"""5/21"""
day_5_22#0,"""5/22"""
day_5_23#0,"""5/23"""
day_5_24#0,"""5/24"""
day_5_25#0,"""5/25"""
day_5_26#0,"""5/26"""
day_5_27#0,"""5/27"""
day_5_28#0,"""5/28"""
day_5_29#0,"""5/29"""
day_5_30#0,"""5/30"""
day_6_1#0,"""6/1"""
day_6_2#0,"""6/2"""
day_6_3#0,"""6/3"""
day_6_4#0,"""6/4"""
day_6_5#0,"""6/5"""
day_6_6#0,"""6/6"""
day_6_7#0,"""6/7"""
day_6_8#0,"""6/8"""
day_6_9#0,"""6/9"""
day_6_10#0,"""6/10"""
day_6_11#0,"""6/11"""
day_6_12#0,"""6/12"""
day_6_13#0,"""6/13"""
day_6_14#0,"""6/14"""
day_6_15#0,"""6/15"""
day_6_16#0,"""6/16"""
day_6_17#0,"""6/17"""
day_6_18#0,"""6/18"""
day_6_19#0,"""6/19"""
day_6_20#0,"""6/20"""
day_6_21#0,"""6/21"""
day_6_22#0,"""6/22"""
day_6_23#0,"""6/23"""
day_6_24#0,"""6/24"""
day_6_25#0,"""6/25"""
day_6_26#0,"""6/26"""
day_6_27#0,"""6/27"""
day_6_28#0,"""6/28"""
day_6_29#0,"""6/29"""
day_6_30#0,"""6/30"""
day_7_1#0,"""7/1"""
day_7_2#0,"""7/2"""
day_7_3#0,"""7/3"""
day_7_4#0,"""7/4"""
day_7_5#0,"""7/5"""
day_7_6#0,"""7/6"""
day_7_7#0,"""7/7"""
day_7_8#0,"""7/8"""
day_7_9#0,"""7/9"""
day_7_10#0,"""7/10"""
day_7_11#0,"""7/11"""
day_7_12#0,"""7/12"""
day_7_13#0,"""7/13"""
day_7_14#0,"""7/14"""
day_7_15#0,"""7/15"""
day_7_16#0,"""7/16"""
day_7_17#0,"""7/17"""
day_7_18#0,"""7/18"""
day_7_19#0,"""7/19"""
day_7_20#0,"""7/20"""
day_7_21#0,"""7/21"""
day_7_22#0,"""7/22"""
day_7_23#0,"""7/23"""
day_7_24#0,"""7/24"""
day_7_25#0,"""7/25"""
day_7_26#0,"""7/26"""
day_7_27#0,"""7/27"""
day_7_28#0,"""7/28"""
day_7_29#0,"""7/29"""
day_7_30#0,"""7/30"""
day_8_1#0,"""8/1"""
day_8_2#0,"""8/2"""
day_8_3#0,"""8/3"""
day_8_4#0,"""8/4"""
day_8_5#0,"""8/5"""
day_8_6#0,"""8/6"""
day_8_7#0,"""8/7"""
day_8_8#0,"""8/8"""
day_8_9#0,"""8/9"""
day_8_10#0,"""8/10"""
day_8_11#0,"""8/11"""
day_8_12#0,"""8/12"""
day_8_13#0,"""8/13"""
day_8_14#0,"""8/14"""
day_8_15#0,"""8/15"""
day_8_16#0,"""8/16"""
day_8_17#0,"""8/17"""
day_8_18#0,"""8/18"""
day_8_19#0,"""8/19"""
day_8_20#0,"""8/20"""
day_8_21#0,"""8/21"""
day_8_22#0,"""8/22"""
day_8_23#0,"""8/23"""
day_8_24#0,"""8/24"""
day_8_25#0,"""8/25"""
day_8_26#0,"""8/26"""
day_8_27#0,"""8/27"""
day_8_28#0,"""8/28"""
day_8_29#0,"""8/29"""
day_8_30#0,"""8/30"""
day_8_31#0,"""8/31"""
day_?_?#0,"""?/?"""
time_8_00#0,"""8:00"""
time_8_10#0,"""8:10"""
time_8_20#0,"""8:20"""
time_8_30#0,"""8:30"""
time_8_40#0,"""8:40"""
time_8_50#0,"""8:50"""
time_9_00#0,"""9:00"""
time_9_10#0,"""9:10"""
time_9_20#0,"""9:20"""
time_9_30#0,"""9:30"""
time_9_40#0,"""9:40"""
time_9_50#0,"""9:50"""
time_10_00#0,"""10:00"""
time_10_10#0,"""10:10"""
time_10_20#0,"""10:20"""
time_10_30#0,"""10:30"""
time_10_40#0,"""10:40"""
time_10_50#0,"""10:50"""
time_10_55#0,"""10:55"""
time_11_00#0,"""11:00"""
time_11_10#0,"""11:10"""
time_11_20#0,"""11:20"""
time_11_30#0,"""11:30"""
time_11_40#0,"""11:40"""
time_11_50#0,"""11:50"""
time_12_00#0,"""12:00"""
time_12_10#0,"""12:10"""
time_12_20#0,"""12:20"""
time_12_30#0,"""12:30"""
time_12_40#0,"""12:40"""
time_12_50#0,"""12:50"""
time_13_00#0,"""13:00"""
time_13_10#0,"""13:10"""
time_13_20#0,"""13:20"""
time_13_30#0,"""13:30"""
time_13_40#0,"""13:40"""
time_13_50#0,"""13:50"""
time_14_00#0,"""14:00"""
time_14_10#0,"""14:10"""
time_14_20#0,"""14:20"""
time_14_30#0,"""14:30"""
time_14_40#0,"""14:40"""
time_14_50#0,"""14:50"""
time_15_00#0,"""15:00"""
time_15_10#0,"""15:10"""
time_15_20#0,"""15:20"""
time_15_30#0,"""15:30"""
time_15_40#0,"""15:40"""
time_15_50#0,"""15:50"""
time_16_00#0,"""16:00"""
time_16_10#0,"""16:10"""
time_16_20#0,"""16:20"""
time_16_30#0,"""16:30"""
time_16_40#0,"""16:40"""
time_16_50#0,"""16:50"""
time_17_00#0,"""17:00"""
time_17_10#0,"""17:10"""
time_17_20#0,"""17:20"""
time_17_30#0,"""17:30"""
time_17_40#0,"""17:40"""
time_17_50#0,"""17:50"""
time_18_00#0,"""18:00"""
time_18_10#0,"""18:10"""
time_18_20#0,"""18:20"""
time_18_30#0,"""18:30"""
time_18_40#0,"""18:40"""
time_18_50#0,"""18:50"""
time_19_00#0,"""19:00"""
time_19_10#0,"""19:10"""
time_19_20#0,"""19:20"""
time_19_30#0,"""19:30"""
time_19_40#0,"""19:40"""
time_19_50#0,"""19:50"""
time_20_00#0,"""20:00"""
time_20_10#0,"""20:10"""
time_20_20#0,"""20:20"""
time_20_30#0,"""20:30"""
time_20_40#0,"""20:40"""
time_20_50#0,"""20:50"""
time_21_00#0,"""21:00"""
time_21_10#0,"""21:10"""
time_21_20#0,"""21:20"""
time_21_30#0,"""21:30"""
time_21_40#0,"""21:40"""
time_21_50#0,"""21:50"""
time_22_00#0,"""22:00"""
time_22_10#0,"""22:10"""
time_22_20#0,"""22:20"""
time_22_30#0,"""22:30"""
time_22_40#0,"""22:40"""
time_22_50#0,"""22:50"""
time_23_00#0,"""23:00"""
time_23_10#0,"""23:10"""
time_23_20#0,"""23:20"""
time_23_30#0,"""23:30"""
time_23_40#0,"""23:40"""
time_23_50#0,"""23:50"""
time_??_??#0,"""??:??"""
ep_1#0,"""Episode 1"""
ep_2#0,"""Episode 2"""
ch_0#0,"""Intwo"""
ch_1#0,"""CH 1"""
ch_2#0,"""CH 2"""
ch_3#0,"""CH 3"""
ch_4#0,"""CH 4"""
ch_5#0,"""CH 5"""
ch_6#0,"""CH 6"""
ch_7#0,"""CH 7"""
ch_8#0,"""CH 8"""
ch_9#0,"""CH 9"""
ch_10#0,"""CH 10"""
ch_11#0,"""CH 11"""
ch_12#0,"""CH 12"""
ch_ex#0,"""CH EX"""
st_010030_title#0,"""Wet's Go Ovew The Basics"""
st_010030_date#0,"""A.P.238/2/20/10:30"""
st_010040_title#0,"""Battwe With A Native"""
st_010040_date#0,"""A.P.238/2/20/11:00"""
st_010060_title#0,"""Just Befowe Dawkews Appeaw"""
st_010060_date#0,"""A.P.238/2/20/11:30"""
st_010070_title#0,"""Meeting Zeno"""
st_010070_date#0,"""A.P.238/2/20/12:00"""
st_010080_title#0,"""Wwapping Up"""
st_010080_date#0,"""A.P.238/2/20/12:30"""
st_010090_title#0,"""Mission Compwete"""
st_010090_date#0,"""A.P.238/2/20/13:00"""
st_010100_title#0,"""Wet's Wepowt In"""
st_010100_date#0,"""A.P.238/2/20"""
st_010120_title#0,"""Fiwst Mattew Boawd"""
st_010120_date#0,"""A.P.238/2/20/14:00"""
ra_010010_title#0,"""As If I Saw A Figuwe..."""
ra_010010_date#0,"""A.P.238/2/21"""
ra_010020_title#0,"""Dawkews Suddenwy Appeawed"""
ra_010020_date#0,"""A.P.238/2/21"""
un_011050_title#0,"""Somehow, It's the AWKS"""
un_011050_date#0,"""A.P.238/2/21"""
un_011120_title#0,"""Bittew Disappointment!"""
un_011120_date#0,"""A.P.238/2/21"""
ra_010030_title#0,"""Fiwst Cwient Owdew"""
ra_010030_date#0,"""A.P.238/2/22"""
ra_010680_title#0,"""Meddwing Instwuctow"""
ra_010680_date#0,"""A.P.238/2/22"""
ra_010040_title#0,"""Cwose AWKS Sistews"""
ra_010040_date#0,"""A.P.238/2/22"""
st_010130_title#0,"""Wequest fwom Xion"""
st_010130_date#0,"""A.P.238/2/27/14:00"""
st_010140_title#0,"""Notice of Event Change"""
st_010140_date#0,"""A.P.238/2/20/10:00"""
st_010150_title#0,"""Heawing A Mystewious Voice"""
st_010150_date#0,"""A.P.238/2/20/10:30"""
st_010160_title#0,"""Just As I Wecawwed, Dawkews"""
st_010160_date#0,"""A.P.238/2/20/11:00"""
st_010170_title#0,"""Shewtew Fow Cowwapsed Matoi"""
st_010170_date#0,"""A.P.238/2/20/12:00"""
st_010180_title#0,"""Contact Fwom the Medicaw Centew"""
st_010180_date#0,"""A.P.238/2/20/15:00"""
st_010210_title#0,"""A Distuwbing Voice"""
st_010210_date#0,"""A.P.238/2/20/11:30"""
st_010220_title#0,"""Encountew With The Mask"""
st_010220_date#0,"""A.P.238/2/20/12:00"""
st_010190_title#0,"""ＥＰ１－２枚目の受け渡し"""
st_010190_date#0,"""A.P.238/2/28/14:00"""
ra_010070_title#0,"""A Distuwbing Figuwe"""
ra_010070_date#0,"""A.P.238/2/20"""
ra_010230_title#0,"""Good AWKS? Bad AWKS?"""
ra_010230_date#0,"""A.P.238/2/21"""
ra_010570_title#0,"""The Geowogy of Nabewius"""
ra_010570_date#0,"""A.P.238/2/21"""
ra_010580_title#0,"""Something A Wittwe Stwange"""
ra_010580_date#0,"""A.P.238/2/22"""
ra_010060_title#0,"""Stwongew Dawkews?"""
ra_010060_date#0,"""A.P.238/2/23"""
un_011060_title#0,"""Onwy Because of That"""
un_011060_date#0,"""A.P.238/2/24"""
un_011130_title#0,"""How to Use Photons"""
un_011130_date#0,"""A.P.238/2/24"""
ra_010690_title#0,"""Zeno and Echo"""
ra_010690_date#0,"""A.P.238/2/28"""
ra_010710_title#0,"""Wike My Teachew"""
ra_010710_date#0,"""A.P.238/3/3"""
st_010230_title#0,"""ＥＰ１－３枚目の受け渡し"""
st_010230_date#0,"""A.P.238/3/1/14:00"""
ra_010720_title#0,"""Pwimawiwy a Wangew"""
ra_010720_date#0,"""A.P.238/2/26"""
ra_010080_title#0,"""A Weaponsmith Who Wost His Passion"""
ra_010080_date#0,"""A.P.238/2/28"""
ra_010170_title#0,"""What the Dawkews Seek?"""
ra_010170_date#0,"""A.P.238/2/28"""
ra_010090_title#0,"""We Need That Weaponsmith!"""
ra_010090_date#0,"""A.P.238/2/28"""
ra_010180_title#0,"""Woitewew in the Tundwa"""
ra_010180_date#0,"""A.P.238/2/28"""
ra_010110_title#0,"""Wecwaiming My Detewmination..."""
ra_010110_date#0,"""A.P.238/3/1"""
ra_010590_title#0,"""Tundwa Beyond the Fowest"""
ra_010590_date#0,"""A.P.238/3/1"""
ra_010100_title#0,"""Gwowious Genesis Machine"""
ra_010100_date#0,"""A.P.238/3/1"""
un_011070_title#0,"""I Hope You've Got What It Takes"""
un_011070_date#0,"""A.P.238/3/1"""
un_011140_title#0,"""Wife Outside AWKS"""
un_011140_date#0,"""A.P.238/3/1"""
st_010240_title#0,"""純粋な探求者"""
st_010240_date#0,"""A.P.238/3/2/9:00"""
st_010250_title#0,"""アークスを無視するダーカー"""
st_010250_date#0,"""A.P.238/3/2/10:00"""
st_010255_title#0,"""目的地に到達"""
st_010255_date#0,"""A.P.238/3/2/10:30"""
st_010280_title#0,"""A Wingewing Figuwe"""
st_010280_date#0,"""A.P.238/3/2/10:30"""
st_010260_title#0,"""何も起こらず、何も見えず"""
st_010260_date#0,"""A.P.238/3/2/11:00"""
st_010290_title#0,"""The Bwoken Genesis"""
st_010290_date#0,"""A.P.238/3/2/11:00"""
st_010300_title#0,"""Undewneath the Mask"""
st_010300_date#0,"""A.P.238/3/2/11:30"""
ra_010600_title#0,"""A Quandawy On Nabewius"""
ra_010600_date#0,"""A.P.238/3/3"""
ra_010310_title#0,"""Wumows of Smaww, Stwange Shadows!"""
ra_010310_date#0,"""A.P.238/3/5"""
ra_010460_title#0,"""Cave Dwagonkin Awe Awesome!"""
ra_010460_date#0,"""A.P.238/3/6"""
st_010310_title#0,"""ＥＰ１－４枚目の受け渡し"""
st_010310_date#0,"""A.P.238/3/3/14:00"""
ra_010120_title#0,"""Passion Wevived"""
ra_010120_date#0,"""A.P.238/3/2"""
ra_010320_title#0,"""Saved by a Tiny Figuwe"""
ra_010320_date#0,"""A.P.238/3/4"""
ra_010240_title#0,"""Whewe's that Masked Jewk?"""
ra_010240_date#0,"""A.P.238/3/4"""
ra_010330_title#0,"""Twaces of Existence"""
ra_010330_date#0,"""A.P.238/3/6"""
ra_010380_title#0,"""The Benefactow's Wost Item"""
ra_010380_date#0,"""A.P.238/3/6"""
un_011080_title#0,"""A Thowough Scowding"""
un_011080_date#0,"""A.P.238/3/6"""
un_011150_title#0,"""Motivation and Tawent """
un_011150_date#0,"""A.P.238/3/7"""
ra_010390_title#0,"""I Want To Meet My Benefactow"""
ra_010390_date#0,"""A.P.238/3/8"""
ra_010400_title#0,"""We've Met, But Not Yet"""
ra_010400_date#0,"""A.P.238/3/9"""
ra_010410_title#0,"""The Cowawd's Diwemma"""
ra_010410_date#0,"""A.P.238/3/10"""
ra_010420_title#0,"""A Weason to Be Afwaid"""
ra_010420_date#0,"""A.P.238/3/10"""
ra_010340_title#0,"""I Wondew Who's at Fauwt?"""
ra_010340_date#0,"""A.P.238/3/11"""
st_010320_title#0,"""一緒に調査"""
st_010320_date#0,"""A.P.238/3/12"""
st_010330_title#0,"""探索開始は……"""
st_010330_date#0,"""A.P.238/3/12"""
st_010360_title#0,"""彼らの考え方"""
st_010360_date#0,"""A.P.238/3/12/9:00"""
st_010370_title#0,"""Nevew Fowgetting My Gwatitude"""
st_010370_date#0,"""A.P.238/3/12/10:00"""
st_010335_title#0,"""痕跡はあるけれど"""
st_010335_date#0,"""A.P.238/3/12/11:30"""
st_010340_title#0,"""きみが心を見せるまで"""
st_010340_date#0,"""A.P.238/3/12/12:00"""
st_010375_title#0,"""ＥＰ１－５枚目の受け渡し"""
st_010375_date#0,"""A.P.238/3/21/14:00"""
ra_010250_title#0,"""A Pwofound Destiny"""
ra_010250_date#0,"""A.P.238/3/3"""
ra_010280_title#0,"""Unwowthy Outsidews"""
ra_010280_date#0,"""A.P.238/3/5"""
ra_010470_title#0,"""The Teachew is Missing!"""
ra_010470_date#0,"""A.P.238/3/8"""
ra_010480_title#0,"""Seekew of Twuth"""
ra_010480_date#0,"""A.P.238/3/8"""
ra_010490_title#0,"""代理の情報収集"""
ra_010490_date#0,"""A.P.238/3/9"""
ra_010500_title#0,"""The Ovewwhewming Dwagonkin"""
ra_010500_date#0,"""A.P.238/3/11"""
ra_010510_title#0,"""おかしなパラメーター"""
ra_010510_date#0,"""A.P.238/3/11"""
ra_010130_title#0,"""One is Nevew Enough"""
ra_010130_date#0,"""A.P.238/3/13"""
un_011090_title#0,"""Pwetending to Fight"""
un_011090_date#0,"""A.P.238/3/13"""
un_011160_title#0,"""落ちこぼれは落ちこぼれ？"""
un_011160_date#0,"""A.P.238/3/13"""
ra_010200_title#0,"""他のパーツは一体何所に？"""
ra_010200_date#0,"""A.P.238/3/14"""
ra_010520_title#0,"""やはり自分で見なければ"""
ra_010520_date#0,"""A.P.238/3/18"""
ra_010610_title#0,"""Thewe's No Way This Can Be"""
ra_010610_date#0,"""A.P.238/3/18"""
st_010380_title#0,"""Stawting to Suwvey the Dwagons"""
st_010380_date#0,"""A.P.238/3/19/12:00"""
st_010395_title#0,"""排他的な龍族"""
st_010395_date#0,"""A.P.238/3/19/12:20"""
st_010430_title#0,"""狂化する龍族"""
st_010430_date#0,"""A.P.238/3/19/12:20"""
st_010400_title#0,"""A Wegion of Dawkews"""
st_010400_date#0,"""A.P.238/3/19/12:40"""
st_010440_title#0,"""The Dwagon's Wemains"""
st_010440_date#0,"""A.P.238/3/19/12:40"""
st_010410_title#0,"""狂った龍族"""
st_010410_date#0,"""A.P.238/3/19/13:00"""
st_010450_title#0,"""The Dwagon's Waw"""
st_010450_date#0,"""A.P.238/3/19/13:00"""
st_010420_title#0,"""生まれる誤解"""
st_010420_date#0,"""A.P.238/3/19/13:30"""
st_010460_title#0,"""The Stawt of Tawks"""
st_010460_date#0,"""A.P.238/3/19/13:30"""
st_010470_title#0,"""ＥＰ１－６枚目の受け渡し"""
st_010470_date#0,"""A.P.238/3/21/14:00"""
un_011100_title#0,"""Don't Ovewdo It..."""
un_011100_date#0,"""A.P.238/3/16"""
ra_010430_title#0,"""A Smaww Step Fowwawd"""
ra_010430_date#0,"""A.P.238/3/20"""
ra_010740_title#0,"""The Finaw Wegwet"""
ra_010740_date#0,"""A.P.238/3/21"""
st_010555_title#0,"""ＥＰ１－７枚目の受け渡し"""
st_010555_date#0,"""A.P.238/3/21/14:00"""
ra_010440_title#0,"""If You Obey"""
ra_010440_date#0,"""A.P.238/3/21"""
ra_010210_title#0,"""Seawching the Tunnews, a Masked Figuwe"""
ra_010210_date#0,"""A.P.238/3/22"""
ra_010450_title#0,"""Somehow, We'we Fine"""
ra_010450_date#0,"""A.P.238/3/22"""
ra_010290_title#0,"""Gettemhawt's Past..."""
ra_010290_date#0,"""A.P.238/3/22"""
st_010480_title#0,"""The Seawch fow Weapon Fwagments"""
st_010480_date#0,"""A.P.238/3/24/10:00"""
st_010490_title#0,"""The Puzzwing Mawkings"""
st_010490_date#0,"""A.P.238/3/24/10:30"""
st_010500_title#0,"""存在証明"""
st_010500_date#0,"""A.P.238/3/24/11:00"""
st_010580_title#0,"""彼らの言葉とは"""
st_010580_date#0,"""A.P.238/3/24/11:00"""
st_010510_title#0,"""空振り調査"""
st_010510_date#0,"""A.P.238/3/24/11:30"""
st_010590_title#0,"""Guidance Fwom the Inside"""
st_010590_date#0,"""A.P.238/3/24/11:30"""
st_010600_title#0,"""The Second Spwitting of Cwawissa"""
st_010600_date#0,"""A.P.238/3/24/12:00"""
ra_010140_title#0,"""This... is the Headpiece!"""
ra_010140_date#0,"""A.P.238/3/24"""
st_010470_title#1,"""ＥＰ１－６枚目の受け渡し"""
st_010470_date#1,"""A.P.238/3/21/14:00"""
ra_010530_title#0,"""A Time-Sensitive Issue"""
ra_010530_date#0,"""A.P.238/3/21"""
ra_010540_title#0,"""Hi En's Hope"""
ra_010540_date#0,"""A.P.238/3/22"""
ra_010800_title#0,"""Wesigned Bad Guy"""
ra_010800_date#0,"""A.P.238/3/22"""
st_010555_title#1,"""ＥＰ１－７枚目の受け渡し"""
st_010555_date#1,"""A.P.238/3/21/14:00"""
ra_010220_title#0,"""Seawching the Skyscape, a Masked Figuwe"""
ra_010220_date#0,"""A.P.238/3/23"""
ra_010550_title#0,"""Bawancing Pwide and Wife"""
ra_010550_date#0,"""A.P.238/3/23"""
ra_010560_title#0,"""The Existence of Sawvation"""
ra_010560_date#0,"""A.P.238/3/24"""
st_010520_title#0,"""A Weckwess Investigation"""
st_010520_date#0,"""A.P.238/3/25/10:00"""
st_010530_title#0,"""ヒ・エンとの再会"""
st_010530_date#0,"""A.P.238/3/25/10:30"""
st_010620_title#0,"""The Chosen Few"""
st_010620_date#0,"""A.P.238/3/25/10:30"""
st_010540_title#0,"""アークスがダーカーを招く"""
st_010540_date#0,"""A.P.238/3/25/11:00"""
st_010630_title#0,"""A New Ewa"""
st_010630_date#0,"""A.P.238/3/25/11:00"""
st_010545_title#0,"""龍族の拒絶"""
st_010545_date#0,"""A.P.238/3/25/11:30"""
st_010635_title#0,"""The Ewdew Dwagon's Pewmission"""
st_010635_date#0,"""A.P.238/3/25/11:30"""
st_010550_title#0,"""答えは空の中"""
st_010550_date#0,"""A.P.238/3/25/12:00"""
st_010640_title#0,"""Things Entwusted to Dwagons"""
st_010640_date#0,"""A.P.238/3/25/12:00"""
ra_010150_title#0,"""This... is the Cowe!"""
ra_010150_date#0,"""A.P.238/3/25"""
un_011110_title#0,"""Finawwy Tuwning Back"""
un_011110_date#0,"""A.P.238/3/29"""
un_011170_title#0,"""Effowt Awways Beaws Fwuit!"""
un_011170_date#0,"""A.P.238/3/28"""
st_010642_title#0,"""Emewgency"""
st_010642_date#0,"""A.P.238/3/31/12:00"""
st_010643_title#0,"""The Duty of AWKS"""
st_010643_date#0,"""A.P.238/3/31/12:30"""
st_010644_title#0,"""An Unexpected Fight"""
st_010644_date#0,"""A.P.238/3/31/12:40"""
st_010646_title#0,"""Things Hunted and Hunted"""
st_010646_date#0,"""A.P.238/3/31/13:00"""
st_010648_title#0,"""The Wast Time"""
st_010648_date#0,"""A.P.238/3/31/13:30"""
st_010649_title#0,"""Tempowawy Siwence"""
st_010649_date#0,"""A.P.238/3/31/14:00"""
ra_010620_title#0,"""Pewmission Gwanted"""
ra_010620_date#0,"""A.P.238/3/25"""
ra_010630_title#0,"""Teachew MIA!"""
ra_010630_date#0,"""A.P.238/3/27"""
st_010560_title#0,"""ＥＰ１－８枚目の受け渡し"""
st_010560_date#0,"""A.P.238/3/28/14:00"""
ra_010820_title#0,"""Wost and Found"""
ra_010820_date#0,"""A.P.238/3/28"""
ra_010830_title#0,"""隠された真実は"""
ra_010830_date#0,"""A.P.238/3/28"""
ra_010640_title#0,"""The Giww's Invitation"""
ra_010640_date#0,"""A.P.238/3/29"""
ra_010650_title#0,"""The Assassination Attempt and Its Cause"""
ra_010650_date#0,"""A.P.238/3/29"""
ra_010660_title#0,"""The Cowossus Stiww Wives"""
ra_010660_date#0,"""A.P.238/3/30"""
ra_010670_title#0,"""Wojio's Hypothesis"""
ra_010670_date#0,"""A.P.238/3/31"""
ra_010730_title#0,"""Tense Atmosphewe"""
ra_010730_date#0,"""A.P.238/3/30"""
ra_010300_title#0,"""Becoming Awawe of the Wwithing Dawkness"""
ra_010300_date#0,"""A.P.238/3/30"""
ra_010160_title#0,"""クラリッサの盗難"""
ra_010160_date#0,"""A.P.238/3/31"""
st_010660_title#0,"""The Duty of AWKS"""
st_010660_date#0,"""A.P.238/3/31/10:30"""
st_010690_title#0,"""What's Hiding"""
st_010690_date#0,"""A.P.238/3/31/10:30"""
st_010670_title#0,"""The Smaww Mouthy One"""
st_010670_date#0,"""A.P.238/3/31/11:00"""
st_010700_title#0,"""A Gentwe Wie"""
st_010700_date#0,"""A.P.238/3/31/11:00"""
st_010680_title#0,"""不適なゲッテムハルト"""
st_010680_date#0,"""A.P.238/3/31/11:30"""
st_010710_title#0,"""Zeno's Pwemonition"""
st_010710_date#0,"""A.P.238/4/1/10:00"""
st_010720_title#0,"""Wumbwing Infwuence"""
st_010720_date#0,"""A.P.238/4/1/10:30"""
st_010730_title#0,"""The Sins of the Past"""
st_010730_date#0,"""A.P.238/4/1/11:00"""
st_010740_title#0,"""The Powew of Futuwe's Stwuggwe"""
st_010740_date#0,"""A.P.238/4/1/11:20"""
st_010750_title#0,"""Ewdew's Awakening"""
st_010750_date#0,"""A.P.238/4/1/11:40"""
st_010760_title#0,"""He'ww Be Back"""
st_010760_date#0,"""A.P.238/4/1/12:00"""
mv_010080_title#0,"""The Wesuwwection of Dawk Fawz Ewdew"""
mv_010080_date#0,"""A.P.238/4/1"""
st_010770_title#0,"""Hopewess Beginning"""
st_010770_date#0,"""A.P.238/4/1/13:00"""
mv_010090_title#0,"""The Downfaww of Dawk Fawz Ewdew"""
mv_010090_date#0,"""A.P.238/4/1"""
ra_012000_title#0,"""End Cwustew"""
ra_012000_date#0,"""A.P.238/4/1"""
un_012000_title#0,"""Shadow Seawchew"""
un_012000_date#0,"""A.P.238/2/23"""
un_012010_title#0,"""Shadow Sewvant"""
un_012010_date#0,"""A.P.238/2/25"""
un_012020_title#0,"""Siwent Hunt"""
un_012020_date#0,"""A.P.238/2/27"""
un_012030_title#0,"""Hidden Pwesence"""
un_012030_date#0,"""A.P.238/3/1"""
un_012040_title#0,"""Too Pewceptive"""
un_012040_date#0,"""A.P.238/3/7"""
un_012250_title#0,"""Chance Meeting"""
un_012250_date#0,"""A.P.238/3/8"""
un_012050_title#0,"""Whewe is That Dwagon?"""
un_012050_date#0,"""A.P.238/3/15"""
un_012060_title#0,"""I Have to Take Cawe of Him"""
un_012060_date#0,"""A.P.238/3/26"""
un_012260_title#0,"""Nostawgia"""
un_012260_date#0,"""A.P.238/3/26"""
un_012080_title#0,"""If the Dawkew Pwesence is Stwong"""
un_012080_date#0,"""A.P.238/3/30"""
ra_012010_title#0,"""A Gain and a Woss"""
ra_012010_date#0,"""A.P.238/4/2"""
un_012170_title#0,"""Occupation: Idow"""
un_012170_date#0,"""A.P.238/4/2"""
un_012180_title#0,"""アイドルと交流"""
un_012180_date#0,"""A.P.238/4/2"""
un_012190_title#0,"""Idow's Chawwenge"""
un_012190_date#0,"""A.P.238/4/3"""
un_012470_title#0,"""Update on Zeno"""
un_012470_date#0,"""A.P.238/4/3"""
un_012200_title#0,"""アイドルの悩み"""
un_012200_date#0,"""A.P.238/4/4"""
un_012210_title#0,"""Idow's Impossibwe Chawwenge"""
un_012210_date#0,"""A.P.238/4/5"""
un_012070_title#0,"""Watching Ovew ow Just Watching?"""
un_012070_date#0,"""A.P.238/4/5"""
un_012090_title#0,"""Because I Heawd a Twaitow"""
un_012090_date#0,"""A.P.238/4/8"""
un_012360_title#0,"""I'ww Ewadicate Them"""
un_012360_date#0,"""A.P.238/4/8"""
un_012100_title#0,"""She and Hadwed"""
un_012100_date#0,"""A.P.238/4/10"""
un_012110_title#0,"""The Fwont and Back"""
un_012110_date#0,"""A.P.238/4/10"""
un_012160_title#0,"""Hadwed's Thoughts"""
un_012160_date#0,"""A.P.238/4/14"""
st_012010_title#0,"""The Sake of Cweaning Up"""
st_012010_date#0,"""A.P.238/4/15/10:00"""
st_012020_title#0,"""Mystewious Behaviouw"""
st_012020_date#0,"""A.P.238/4/15/10:30"""
st_012030_title#0,"""Weasons fow Wunning Away"""
st_012030_date#0,"""A.P.238/4/15/11:00"""
st_012035_title#0,"""姉思いの弟"""
st_012035_date#0,"""A.P.238/4/15/11:00"""
st_012040_title#0,"""答えぬハドレッド"""
st_012040_date#0,"""A.P.238/4/15/11:30"""
st_012045_title#0,"""悲痛なシュプレヒコール"""
st_012045_date#0,"""A.P.238/4/15/11:20"""
st_012050_title#0,"""真実のありかを求めて"""
st_012050_date#0,"""A.P.238/4/15/12:00"""
st_012055_title#0,"""Vanishing fwom the Void"""
st_012055_date#0,"""A.P.238/4/15/12:00"""
un_012270_title#0,"""Wuwwaby"""
un_012270_date#0,"""A.P.238/4/14"""
ra_012020_title#0,"""Twagedy ow Fweedom"""
ra_012020_date#0,"""A.P.238/4/16"""
un_012130_title#0,"""Fowwowing Owdews"""
un_012130_date#0,"""A.P.238/4/16"""
un_012220_date#0,"""A.P.238/4/16"""
un_012140_title#0,"""Diwemma of the Stwong"""
un_012140_date#0,"""A.P.238/4/17"""
un_012230_title#0,"""I Enjoy Singing"""
un_012230_date#0,"""A.P.238/4/17"""
un_012120_title#0,"""役割の演じ方"""
un_012120_date#0,"""A.P.238/4/18"""
un_012150_title#0,"""Ouw Wewationship"""
un_012150_date#0,"""A.P.238/4/19"""
un_012155_title#0,"""Executing the Executionew"""
un_012155_date#0,"""A.P.238/4/20"""
un_012350_title#0,"""To Tewioto's Owigin"""
un_012350_date#0,"""A.P.238/4/21"""
un_012240_title#0,"""The Finaw Goodbye"""
un_012240_date#0,"""A.P.238/4/22"""
st_012090_title#0,"""遠くて近い距離"""
st_012090_date#0,"""A.P.238/4/23/13:30"""
st_012100_title#0,"""The Fiwst Quawwew Between Sibwings"""
st_012100_date#0,"""A.P.238/4/23/14:00"""
st_012110_title#0,"""最期のアンコール"""
st_012110_date#0,"""A.P.238/4/23/14:30"""
st_012120_title#0,"""I Wiww Nevew Fowget"""
st_012120_date#0,"""A.P.238/4/25/10:00"""
ra_013000_title#0,"""To Fowwow Bwanching Paths"""
ra_013000_date#0,"""A.P.238/4/2"""
ra_013030_title#0,"""The Being Named 'Dawk Fawz'"""
ra_013030_date#0,"""A.P.238/4/2"""
un_013000_title#0,"""Announcement! Ouw Festivaw!"""
un_013000_date#0,"""A.P.238/4/4"""
un_013010_title#0,"""Zeno Wouwd Go Fow It..."""
un_013010_date#0,"""A.P.238/4/5"""
un_013020_title#0,"""Why Did She..."""
un_013020_date#0,"""A.P.238/4/7"""
un_013210_title#0,"""A Baww of Cuwiosity"""
un_013210_date#0,"""A.P.238/4/8"""
un_013150_title#0,"""The Battwe Championship is Dwawing Neaw..."""
un_013150_date#0,"""A.P.238/4/8"""
un_013160_title#0,"""The Battwe Championship is Cwose, but..."""
un_013160_date#0,"""A.P.238/4/8"""
un_013170_title#0,"""Wet's Pawty!"""
un_013170_date#0,"""A.P.238/4/8"""
un_013190_title#0,"""Sometimes I Want to Be the Centew of Attention"""
un_013190_date#0,"""A.P.238/4/8"""
st_013000_title#0,"""Who To Go With"""
st_013000_date#0,"""A.P.238/4/9/10:50"""
st_013100_title#0,"""Wet's Do Ouw Best Togethew"""
st_013100_date#0,"""A.P.238/4/9/10:55"""
st_013200_title#0,"""Wet Us Do Ouw Best Togethew"""
st_013200_date#0,"""A.P.238/4/9/10:55"""
st_013300_title#0,"""So Much To Do"""
st_013300_date#0,"""A.P.238/4/9/10:55"""
st_013500_title#0,"""Show Off The Sistews' Bond!"""
st_013500_date#0,"""A.P.238/4/9/10:55"""
st_013010_title#0,"""Battwe Championship, Begin!"""
st_013010_date#0,"""A.P.238/4/9/11:00"""
st_013120_title#0,"""Swiftwy Becoming Wewiabwe"""
st_013120_date#0,"""A.P.238/4/9/11:30"""
st_013220_title#0,"""Wapidwy Becoming Wewiabwe"""
st_013220_date#0,"""A.P.238/4/9/11:30"""
st_013320_title#0,"""Chaos Has A Discewning Eye"""
st_013320_date#0,"""A.P.238/4/9/11:30"""
st_013520_title#0,"""Thewe's No Doubt In My Mind!"""
st_013520_date#0,"""A.P.238/4/9/11:30"""
st_013130_title#0,"""Fighting Togethew Is Wowthwhiwe"""
st_013130_date#0,"""A.P.238/4/9/12:00"""
st_013230_title#0,"""Fighting Togethew Has Meaning"""
st_013230_date#0,"""A.P.238/4/9/12:00"""
st_013330_title#0,"""It's Intewesting Because I Don't Undewstand"""
st_013330_date#0,"""A.P.238/4/9/12:00"""
st_013530_title#0,"""I've Got A Hunch! The End Is Ahead!"""
st_013530_date#0,"""A.P.238/4/9/12:00"""
st_013040_title#0,"""Wightwy Embawwassing Wesuwts!"""
st_013040_date#0,"""A.P.238/4/9/12:30"""
st_013050_title#0,"""The Battwe Championship Ends Hewe!"""
st_013050_date#0,"""A.P.238/4/9/13:00"""
st_013051_title#0,"""The Battwe Championship Ends Hewe! (Defeat)"""
st_013051_date#0,"""A.P.238/4/9/13:00"""
st_013160_title#0,"""Thanks Fow Inviting Me"""
st_013160_date#0,"""A.P.238/4/9/13:10"""
st_013260_title#0,"""Thank You Fow Inviting Me"""
st_013260_date#0,"""A.P.238/4/9/13:10"""
st_013360_title#0,"""I'm Totawwy Satisfied"""
st_013360_date#0,"""A.P.238/4/9/13:10"""
st_013560_title#0,"""Infowmation Deawews Giving It Aww Away"""
st_013560_date#0,"""A.P.238/4/9/13:10"""
st_013070_title#0,"""Waughing Dawkness"""
st_013070_date#0,"""A.P.238/4/9/13:30"""
st_013080_title#0,"""Youw Weview"""
st_013080_date#0,"""A.P.238/4/9/15:00"""
un_013200_title#0,"""Wemembew the Wuwes Exactwy"""
un_013200_date#0,"""A.P.238/4/8"""
un_013180_title#0,"""Thewe's Something I'm Wowwied About, But..."""
un_013180_date#0,"""A.P.238/4/8"""
st_013600_title#0,"""I'ww Go With You Since It Can't Be Hewped"""
st_013600_date#0,"""A.P.238/4/9/10:55"""
st_013400_title#0,"""Togethew With Pawtnew?"""
st_013400_date#0,"""A.P.238/4/9/10:55"""
st_013620_title#0,"""Gwowth Beyond Imagination"""
st_013620_date#0,"""A.P.238/4/9/11:30"""
st_013420_title#0,"""Sweeping Away The Uneasy Feewing"""
st_013420_date#0,"""A.P.238/4/9/11:30"""
st_013630_title#0,"""Wevewation of Meddwing"""
st_013630_date#0,"""A.P.238/4/9/12:00"""
st_013430_title#0,"""A Feewing In The Aiw"""
st_013430_date#0,"""A.P.238/4/9/12:00"""
st_013640_title#0,"""Stowm's Wesuwts!"""
st_013640_date#0,"""A.P.238/4/9/12:30"""
st_013440_title#0,"""Enough Waiting"""
st_013440_date#0,"""A.P.238/4/9/12:30"""
st_013650_title#0,"""Deeds of Justice"""
st_013650_date#0,"""A.P.238/4/9/13:00"""
st_013651_title#0,"""Deeds of Justice (Defeat)"""
st_013651_date#0,"""A.P.238/4/9/13:00"""
un_010010_title#0,"""Zeno on the Case"""
un_010010_a_title#0,"""Zeno on the Case (A)"""
un_010010_b_title#0,"""Zeno on the Case (B)"""
un_010020_title#0,"""Go With Teammates"""
un_010030_title#0,"""I Think I've Seen That Befowe..."""
un_010040_title#0,"""The Weason fow Meddwing"""
un_010050_title#0,"""A Gwaduaw Peace"""
un_011470_title#0,"""Gweat Hope Fow the Futuwe"""
un_010060_title#0,"""An Insepawabwe Wewationship"""
un_010070_title#0,"""The AWKS Motive"""
un_010080_title#0,"""Significance of Buwden"""
un_010090_title#0,"""Who Is Annoying?"""
un_010100_title#0,"""The Dawkews Awe Muwtipwying"""
un_010110_title#0,"""Pwogwess and Insanity"""
un_010120_title#0,"""In My Time of Need"""
un_010130_a_title#0,"""In My Time of Need (A)"""
un_010130_b_title#0,"""In My Time of Need (B)"""
un_010140_title#0,"""To Be Honest, I'm Newvous."""
un_010150_title#0,"""The Scawiest Thing"""
un_010160_title#0,"""A Detewwence"""
un_010170_title#0,"""Feewing Hewpwess"""
un_012480_title#0,"""Whiwe He's Gone"""
un_010320_title#0,"""Afin On Duty"""
un_010340_title#0,"""What Awe the Dawkews?"""
un_010350_title#0,"""Who Awe the AWKS?"""
un_010330_title#0,"""Muv Awone Whenevew Possibwe"""
un_010360_title#0,"""How Awe You So Adaptabwe?"""
un_011490_title#0,"""What Afin Seeks..."""
un_010390_title#0,"""Angew Towawd the Dawkews"""
un_011510_title#0,"""The Wiwwipans Awe Seawching fow Something"""
un_011480_title#0,"""What Afin Seeks"""
un_010380_title#0,"""The Dwagonkin Awe Awesome!"""
un_010370_title#0,"""An Impowtant Seawch"""
un_012600_title#0,"""I'd Be Wying if I Said I Was Fine"""
un_013030_title#0,"""What's the Souwce of this Incident?"""
un_013040_title#0,"""An Uneasy Feewing"""
un_011230_title#0,"""What Shouwd I Tawk About"""
un_011240_title#0,"""無理はしないでね"""
un_011250_title#0,"""Twying to Undewstand Events"""
un_011260_title#0,"""I Don't Tawk With Othews"""
un_011330_title#0,"""火山洞窟って、暑そう"""
un_011380_title#0,"""いろんなひとがいるんだね"""
un_011270_title#0,"""他の人とはこんな感じ"""
un_011280_title#0,"""Coming Acwoss a Showt Headache"""
un_011310_title#0,"""砂漠ってどんなところ？"""
un_011390_title#0,"""Pwentifuw Wecent Events"""
un_011320_title#0,"""坑道ってどんなところ？"""
un_011400_title#0,"""アークスシップはおおきいの？"""
un_011340_title#0,"""Not Afwaid of the Skyscape?"""
un_011290_title#0,"""Wesonance: My Head Huwts"""
un_011370_title#0,"""I Wondew What Is Peace?"""
un_011300_title#0,"""Wesonance: My Head Huwts"""
un_012380_title#0,"""I Wondew What That Wampaging Dwagon's Goaw Is."""
un_012390_title#0,"""Feewings in Song"""
un_013220_title#0,"""活気があるのはいいこと"""
un_013230_title#0,"""なにかがおきているんだね"""
un_010180_title#0,"""A Sudden Encountew"""
un_010190_title#0,"""Weakwings Awe Wowthwess"""
un_010200_title#0,"""Eithew Bait Ow A Fuww Meaw"""
un_010210_title#0,"""Kiww Aww of the Dawkews"""
un_010220_title#0,"""How to Fight Wisewy"""
un_010230_title#0,"""Expwession of Hatwed"""
un_010240_title#0,"""Gettemhawt and Mewphonsina"""
un_010250_title#0,"""Othews Awe Onwy Pawns"""
un_010260_title#0,"""Gettemhawt and Zeno"""
un_010270_title#0,"""You and Zeno"""
un_010280_title#0,"""Deathwish"""
un_010290_title#0,"""Because I'm Unhappy"""
un_010300_title#0,"""Siwent Chiwd"""
un_011440_title#0,"""A Misundewstood Wewationship"""
un_010310_title#0,"""No One Wiww Come to Hewp"""
un_012490_title#0,"""Without You"""
un_012500_title#0,"""Don't Get in My Way"""
un_011520_title#0,"""About the Wiwwipan Wanguage"""
un_010870_title#0,"""Not Vewy Intewested"""
un_010880_title#0,"""Now Is Not the Time to Tawk"""
un_010900_title#0,"""Amduscia's Awwuwe"""
un_010910_title#0,"""West Is Impowtant, You Know?"""
un_010920_title#0,"""Aww Things Gweat and Smaww"""
un_012320_title#0,"""The Wumowed Wampaging Dwagon"""
un_012340_title#0,"""An Unnatuwaw Wife"""
un_012330_title#0,"""Cwoss-Cuwtuwaw Communication"""
un_010640_title#0,"""Undew Investigation!"""
un_010650_title#0,"""Do You Know About the Counciw of Six?"""
un_010660_title#0,"""Do You Know About the Thwee Hewoes?"""
un_010670_title#0,"""The Wondewfuw Powew of Photons!"""
un_010680_title#0,"""Cwass and Photon Connection?"""
un_010690_title#0,"""Gathewing Infowmation!"""
un_010700_title#0,"""The Natuwe of Dawkews"""
un_010710_title#0,"""The AWKS of Wong Ago"""
un_010720_title#0,"""Dawkews Awe Weawwy Dangewous!"""
un_010730_title#0,"""Wosing Sight of the How and Why"""
un_012280_title#0,"""A Majow Accident at the Weseawch Wab!"""
un_012290_title#0,"""Executionews Awe Weawwy Tewwifying!"""
un_012300_title#0,"""Weave the Investigating to Us!"""
un_012310_title#0,"""We Have Infowmation fow You!"""
un_013120_title#0,"""Festivaw! Wewaxation! Chaos!"""
un_012650_title#0,"""We'ww Do Ouw Best to Hewp Ouw Hewo!"""
un_011420_title#0,"""Being Dwawn Towawd Something?"""
un_011500_title#0,"""Dwagonkin Customs"""
un_010860_title#0,"""I Have Nothing To Do With It"""
un_011530_title#0,"""Wawning About Nabewius"""
un_012550_title#0,"""Thewe's No Weason to Be Upset"""
un_012560_title#0,"""あなたにとってアークスは..."""
un_013110_title#0,"""I Wondew if It'ww Be Wowdy"""
un_011210_title#0,"""マトイについて"""
un_011220_title#0,"""Is It Good to Fowget?"""
un_010780_title#0,"""The Dawkews awe Dangewous."""
un_010790_title#0,"""The Dawkews Awe Muwtipwying."""
un_011410_title#0,"""The Annihiwation of the Famous Team"""
un_010820_title#0,"""I Hate Hot Pwaces"""
un_010830_title#0,"""I Hate Cowd Pwaces"""
un_010800_title#0,"""The Owigin of Change?"""
un_010810_title#0,"""Awe We Being Pawanoid?"""
un_012370_title#0,"""Just Who Do We Wowk Fow?"""
un_013050_title#0,"""Optimism, Pessimism, and In Between"""
un_013060_title#0,"""The Secwet of the Owganization"""
un_013070_title#0,"""The Man With the Secwet to the Secwet"""
un_010400_title#0,"""The AWKS Awe Hewe"""
un_010410_title#0,"""Pwincipwes of Huntew Supwemacy"""
un_010420_title#0,"""I Weawwy Hate Fowces"""
un_010430_title#0,"""It's Difficuwt Being a Huntew"""
un_010440_title#0,"""What Makes a Weww-Bawanced Pawty"""
un_010450_title#0,"""Fowces Awe Unwewiabwe"""
un_010460_title#0,"""Naked Animosity"""
un_012580_title#0,"""The Hidden Weason"""
un_012630_title#0,"""Fighting fwom Hewe On"""
un_013080_title#0,"""Not Just a Weguwaw Festivaw"""
un_010470_title#0,"""We Awe AWKS"""
un_010480_title#0,"""Pwincipwes of Fowce Supwemacy"""
un_010490_title#0,"""I Hate Huntews"""
un_010500_title#0,"""It's Difficuwt Being a Fowce"""
un_010510_title#0,"""A Weww-Bawanced Pawty"""
un_010520_title#0,"""Tiwed of Teaming With Huntews"""
un_010530_title#0,"""Wouwdn't That Be Absuwd?"""
un_012570_title#0,"""The Weason fow Secwecy"""
un_012620_title#0,"""Fighting fwom Now On"""
un_013090_title#0,"""It Won't Be Just a Weguwaw Festivaw"""
un_010930_title#0,"""Knowwedge As AWKS"""
un_010940_title#0,"""Watch Out Fow the Dawkews"""
un_010950_title#0,"""Wiwwfuwwy Nostawgic"""
un_010960_title#0,"""An Iwweguwaw Pwesence"""
un_010740_title#0,"""Gossip? Befowe Us?"""
un_010760_title#0,"""What A Shady Guy?"""
un_010770_title#0,"""Those Skiwws Awe Amazing!"""
un_010750_title#0,"""Awe You One of Those Amazing AWKS?"""
un_010540_title#0,"""Wisa the Snipew"""
un_010550_title#0,"""Awen't Guns the Best?"""
un_010560_title#0,"""How Peopwe Weact"""
un_010570_title#0,"""If I Don't Towtuwe Them Aww"""
un_010590_title#0,"""Do You Want to Die, Too?"""
un_010600_title#0,"""What I Hate Mowe Than Peopwe"""
un_010610_title#0,"""Siwence Speaks Vowumes"""
un_010620_title#0,"""Don't Wook Away"""
un_010630_title#0,"""Why Did the Defiwew Attack?"""
un_012590_title#0,"""Scapegoat"""
un_012640_title#0,"""Anxiety Amidst Pweasuwe"""
un_013100_title#0,"""The Foow Who Shoots a Dancing Foow"""
un_010840_title#0,"""Counciw of Six Awe Show-offs"""
un_010850_title#0,"""The Counciw Discuss Theiw Pwobwems"""
un_011610_title#0,"""Wost Chiwdwen of the Counciw of Six"""
un_011620_title#0,"""Independent Counciw of Six"""
un_011630_title#0,"""The Sowitawy Counciw of Six"""
un_011640_title#0,"""The Counciw of Six Won't Wift a Fingew"""
un_011650_title#0,"""Fuww Powew, Fuww Thwottwe Counciw of Six"""
un_012400_title#0,"""The Counciw of Six Awe on Awewt"""
un_012410_title#0,"""Outwageous Counciw of Six"""
un_013140_title#0,"""Fwustwated Counciw of Six"""
un_011540_title#0,"""Famous AWKS on a Manhunt"""
un_012440_title#0,"""We Push Ouw Membews to Succeed"""
un_012450_title#0,"""It's Twoubwesome to Have to Cwean Up Someone Ewse's Mess"""
un_012460_title#0,"""I've Been Heawing a Wot About You"""
un_011550_title#0,"""My Name Is Huey!"""
un_011560_title#0,"""What Do the Counciw of Six Do?"""
un_011570_title#0,"""A Stunning Voice!"""
un_011580_title#0,"""Is Evewything Fate?"""
un_011600_title#0,"""Obviouswy a Bad Infwuence"""
un_011590_title#0,"""Angwy at Wegius"""
un_012420_title#0,"""I Have My Suspicions!"""
un_012430_title#0,"""Bewieve in Youw Own Sense of Justice!"""
un_013130_title#0,"""Have Bwavado and Vigow!"""
un_012510_title#0,"""Wet's Go, Bwight and Intense!"""
un_012520_title#0,"""楽しんでいってねっ！"""
un_011180_title#0,"""A Weason to Descend"""
un_011190_title#0,"""Teach Me About Heawth"""
un_011200_title#0,"""Piwwaw of Pwestige"""
ra_020010_title#0,"""ＥＰ２－１枚目の受け渡し"""
ra_020010_date#0,"""A.P.238/5/1"""
ra_020060_title#0,"""To Take Zeno's Pwace"""
ra_020060_date#0,"""A.P.238/5/2"""
ra_020090_title#0,"""Wandewing Theodowe"""
ra_020090_date#0,"""A.P.238/5/6"""
ra_020070_title#0,"""Disgusting Natives"""
ra_020070_date#0,"""A.P.238/5/7"""
ra_020075_title#0,"""Casuaw Concewn"""
ra_020075_date#0,"""A.P.238/5/8"""
ra_020080_title#0,"""We'we Just Twying to Undewstand Each Othew"""
ra_020080_date#0,"""A.P.238/5/9"""
ra_020095_title#0,"""A Stwange Sign"""
ra_020095_date#0,"""A.P.238/5/9"""
st_020010_title#0,"""Seawching fow Someone"""
st_020010_date#0,"""A.P.238/5/10/13:00"""
st_020020_title#0,"""よく似たおせっかい"""
st_020020_date#0,"""A.P.238/5/10/14:00"""
st_020050_title#0,"""Wet's Destwoy Aww of the Dawkews"""
st_020050_date#0,"""A.P.238/5/10/14:00"""
st_020030_title#0,"""お互いへの信頼"""
st_020030_date#0,"""A.P.238/5/10/15:00"""
st_020040_title#0,"""やらねばならないとき"""
st_020040_date#0,"""A.P.238/5/10/16:00"""
st_020045_title#0,"""素直じゃない感謝"""
st_020045_date#0,"""A.P.238/5/10/17:00"""
st_020060_title#0,"""Why Can't I See Hew"""
st_020060_date#0,"""A.P.238/5/10/18:00"""
st_020070_title#0,"""アークスの使命だから"""
st_020070_date#0,"""A.P.238/5/10/19:00"""
st_020080_title#0,"""彼女の笑顔を想う"""
st_020080_date#0,"""A.P.238/5/10/20:00"""
ra_020020_title#0,"""ＥＰ２－２枚目の受け渡し"""
ra_020020_date#0,"""A.P.238/5/11"""
ra_020100_title#0,"""Keeping Busy"""
ra_020100_date#0,"""A.P.238/5/13"""
ra_020110_title#0,"""Aki Awone"""
ra_020110_date#0,"""A.P.238/5/15"""
ra_020120_title#0,"""Death of the Body, Ciwcuwation of the Souw"""
ra_020120_date#0,"""A.P.238/5/17"""
ra_020130_title#0,"""A New Souw!"""
ra_020130_date#0,"""A.P.238/5/19"""
ra_020140_title#0,"""A One-Sided Wequest"""
ra_020140_date#0,"""A.P.238/5/19"""
ra_020150_title#0,"""Come With Me to the Dwagon Sanctum"""
ra_020150_date#0,"""A.P.238/5/22"""
st_020105_title#0,"""あいまいな感覚"""
st_020105_date#0,"""A.P.238/5/25"""
st_020170_title#0,"""Sawa's Guide"""
st_020170_date#0,"""A.P.238/5/25/10:00"""
st_020180_title#0,"""The Twue Cowows of the Expecting Pewson"""
st_020180_date#0,"""A.P.238/5/25/10:30"""
st_020190_title#0,"""Sawa's Mischief"""
st_020190_date#0,"""A.P.238/5/25/11:00"""
st_020110_title#0,"""レラの要請"""
st_020110_date#0,"""A.P.238/5/25/11:30"""
st_020195_title#0,"""Xiao"""
st_020195_date#0,"""A.P.238/5/25/11:30"""
st_020120_title#0,"""アキとクーナの関係"""
st_020120_date#0,"""A.P.238/5/25/12:00"""
st_020130_title#0,"""贖罪にもならない"""
st_020130_date#0,"""A.P.238/5/25/12:30"""
st_020140_title#0,"""目を逸らすな！"""
st_020140_date#0,"""A.P.238/5/25/13:00"""
st_020150_title#0,"""輪廻の中心"""
st_020150_date#0,"""A.P.238/5/25/13:30"""
st_020160_title#0,"""笑って生きろ"""
st_020160_date#0,"""A.P.238/5/25/14:00"""
st_020198_title#0,"""Wet's Commence the Twansfowmation"""
st_020198_date#0,"""A.P.238/4/1"""
st_020200_title#0,"""Coming to Change Histowy"""
st_020200_date#0,"""A.P.238/4/1/12:10"""
st_020210_title#0,"""Puwpose of Owdew"""
st_020210_date#0,"""A.P.238/4/1/12:20"""
st_020220_title#0,"""４０年ぶりの殺意"""
st_020220_date#0,"""A.P.238/4/1/12:30"""
st_020230_title#0,"""【巨躯】の減衰"""
st_020230_date#0,"""A.P.238/4/1/12:50"""
st_020240_title#0,"""ゼノとの約束"""
st_020240_date#0,"""A.P.238/4/1/13:10"""
ra_020030_title#0,"""ＥＰ２－３枚目の受け渡し"""
ra_020030_date#0,"""A.P.238/5/27"""
ra_020300_title#0,"""Wiwwipan Den"""
ra_020300_date#0,"""A.P.238/6/1"""
ra_020310_title#0,"""Mawia On Patwow"""
ra_020310_date#0,"""A.P.238/6/2"""
ra_020340_title#0,"""The Pewfect Sampwe"""
ra_020340_date#0,"""A.P.238/6/3"""
ra_020340_a_title#0,"""正しさの見本として（A）"""
ra_020340_a_date#0,"""A.P.238/6/3"""
ra_020340_b_title#0,"""正しさの見本として（B）"""
ra_020340_b_date#0,"""A.P.238/6/3"""
ra_020350_title#0,"""おかしいと思うから..."""
ra_020350_date#0,"""A.P.238/6/3"""
ra_020320_title#0,"""An Invitation Fwom Fouwiew"""
ra_020320_date#0,"""A.P.238/6/4"""
ra_020330_title#0,"""Afin's Wowwies"""
ra_020330_date#0,"""A.P.238/6/5"""
st_020300_title#0,"""先行く人影"""
st_020300_date#0,"""A.P.238/6/10"""
st_020310_title#0,"""フーリエとの警ら"""
st_020310_date#0,"""A.P.238/6/10/10:00"""
st_020360_title#0,"""Twaiwing Afin"""
st_020360_date#0,"""A.P.238/6/10/10:10"""
st_020320_title#0,"""旅は道連れ"""
st_020320_date#0,"""A.P.238/6/10/10:20"""
st_020330_title#0,"""マリアの予感"""
st_020330_date#0,"""A.P.238/6/10/10:40"""
st_020370_title#0,"""誰も覚えていない"""
st_020370_date#0,"""A.P.238/6/10/10:40"""
st_020340_title#0,"""わかりあえるはずはない"""
st_020340_date#0,"""A.P.238/6/10/11:00"""
st_020380_title#0,"""Afin and the Appwentice"""
st_020380_date#0,"""A.P.238/6/10/11:10"""
st_020350_title#0,"""自分のことを決めるのは自分"""
st_020350_date#0,"""A.P.238/6/10/11:30"""
st_020390_title#0,"""Nevew Giving Up"""
st_020390_date#0,"""A.P.238/6/10/11:30"""
st_020250_title#0,"""Mewphonsina Wooks Suspicious"""
st_020250_date#0,"""A.P.238/6/13/10:00"""
st_020260_title#0,"""My Own Destwuction"""
st_020260_date#0,"""A.P.238/6/13/10:30"""
st_020270_title#0,"""That Young Woman"""
st_020270_date#0,"""A.P.238/6/13/11:00"""
st_020280_title#0,"""My Weaw Name"""
st_020280_date#0,"""A.P.238/6/13/11:30"""
st_020290_title#0,"""あの人を返せ！"""
st_020290_date#0,"""A.P.238/6/13/12:00"""
st_020293_title#0,"""Take Him Back by Fowce"""
st_020293_date#0,"""A.P.238/6/13/12:30"""
st_020296_title#0,"""My Name Is..."""
st_020296_date#0,"""A.P.238/6/13/12:40"""
ra_020040_title#0,"""ＥＰ２－４枚目の受け渡し"""
ra_020040_date#0,"""A.P.238/6/12"""
ra_020400_title#0,"""It Comes to Fighting"""
ra_020400_date#0,"""A.P.238/6/15"""
ra_020440_title#0,"""Is This Cwassified?"""
ra_020440_date#0,"""A.P.238/6/20"""
ra_020420_title#0,"""Thinking of Him"""
ra_020420_date#0,"""A.P.238/6/23"""
ra_020410_title#0,"""Can't Undewstand This Pwace"""
ra_020410_date#0,"""A.P.238/6/24"""
ra_020430_title#0,"""The Motive and the Officiaw Stance"""
ra_020430_date#0,"""A.P.238/6/26"""
st_020400_title#0,"""どちらと合流するか"""
st_020400_date#0,"""A.P.238/6/28"""
st_020450_title#0,"""貴方はお人好し"""
st_020450_date#0,"""A.P.238/6/28/9:30"""
st_020460_title#0,"""Stawtwed Sawa"""
st_020460_date#0,"""A.P.238/6/28/10:00"""
st_020470_title#0,"""Poow Communication?"""
st_020470_date#0,"""A.P.238/6/28/10:30"""
st_020480_title#0,"""理解不能の研究"""
st_020480_date#0,"""A.P.238/6/28/11:00"""
st_020490_title#0,"""タッチの差"""
st_020490_date#0,"""A.P.238/6/28/11:30"""
st_020410_title#0,"""カブラカンの道案内"""
st_020410_date#0,"""A.P.238/6/28/11:30"""
st_020420_title#0,"""無責任な記憶"""
st_020420_date#0,"""A.P.238/6/28/12:00"""
st_020430_title#0,"""言わんこっちゃない"""
st_020430_date#0,"""A.P.238/6/28/12:30"""
st_020440_title#0,"""止まらない震え"""
st_020440_date#0,"""A.P.238/6/28/13:00"""
ra_020050_title#0,"""ＥＰ２－５枚目の受け渡し"""
ra_020050_date#0,"""A.P.238/6/29"""
ra_020500_title#0,"""Unobtainabwe Info"""
ra_020500_date#0,"""A.P.238/7/1"""
ra_020510_title#0,"""情報封鎖の経緯"""
ra_020510_date#0,"""A.P.238/7/2"""
ra_020520_title#0,"""言えることと言えないこと"""
ra_020520_date#0,"""A.P.238/7/3"""
st_020510_title#0,"""自覚的な歴史改変"""
st_020510_date#0,"""A.P.238/3/31/12:40"""
st_020520_title#0,"""ダーカーのせいにする"""
st_020520_date#0,"""A.P.238/3/31/13:00"""
st_020530_title#0,"""帰還してはならない"""
st_020530_date#0,"""A.P.238/3/31/13:30"""
st_020540_title#0,"""人はすごい"""
st_020540_date#0,"""A.P.238/3/31/14:00"""
ra_020530_title#0,"""何があっても"""
ra_020530_date#0,"""A.P.238/7/6"""
ra_020540_title#0,"""清算"""
ra_020540_date#0,"""A.P.238/7/7"""
st_020600_title#0,"""The Shifting Situation"""
st_020600_date#0,"""A.P.238/7/7/8:30"""
st_020610_title#0,"""反逆者を抹殺せよ"""
st_020610_date#0,"""A.P.238/7/7/9:00"""
st_020620_title#0,"""絶対令"""
st_020620_date#0,"""A.P.238/7/7/9:20"""
st_020630_title#0,"""そんな命令は、おかしい"""
st_020630_date#0,"""A.P.238/7/7/9:40"""
st_020640_title#0,"""偶数番の役目"""
st_020640_date#0,"""A.P.238/7/7/10:00"""
st_020650_title#0,"""立ちはだかる三英雄"""
st_020650_date#0,"""A.P.238/7/7/10:20"""
st_020660_title#0,"""これより六芒は均衡する"""
st_020660_date#0,"""A.P.238/7/7/11:00"""
st_020670_title#0,"""本当の敵は、誰なのか"""
st_020670_date#0,"""A.P.238/7/7/11:30"""
st_020700_title#0,"""決断の時"""
st_020700_date#0,"""A.P.238/7/7"""
st_020710_title#0,"""終わりへの誘い"""
st_020710_date#0,"""A.P.238/7/7/12:00"""
st_020720_title#0,"""シオンのはじまり"""
st_020720_date#0,"""A.P.238/7/7/12:20"""
st_020740_title#0,"""壊れた小さなテオドール"""
st_020740_date#0,"""A.P.238/7/7/13:00"""
st_020750_title#0,"""まやかしでない再会"""
st_020750_date#0,"""A.P.238/7/7/13:30"""
st_020760_title#0,"""たったひとつのやりかた"""
st_020760_date#0,"""A.P.238/7/7/14:00"""
st_020770_title#0,"""敗者への挽歌"""
st_020770_date#0,"""A.P.238/7/7/15:00"""
st_020780_title#0,"""ぼくたちは、やりとげた"""
st_020780_date#0,"""A.P.238/7/7/15:00"""
st_020790_title#0,"""狂える霊長類の長への賛歌"""
st_020790_date#0,"""A.P.238/7/7/15:10"""
st_020800_title#0,"""シオンのおわり"""
st_020800_date#0,"""A.P.238/7/7/15:30"""
st_020801_title#0,"""The Depawtuwe of Woss"""
st_020801_date#0,"""A.P.238/7/7"""
st_020990_title#0,"""An End to Absowute Dominance"""
st_020990_date#0,"""A.P.238/7/7"""
ra_025010_title#0,"""シャオの要請"""
ra_025010_date#0,"""A.P.238"""
ra_025020_title#0,"""消えた記録の欠片"""
ra_025020_date#0,"""A.P.238/7/10"""
ra_025030_title#0,"""Wost Memowies"""
ra_025030_date#0,"""A.P.238/7/11"""
un_025085_title#0,"""Haven't We Met Befowe?"""
un_025085_date#0,"""A.P.228/7/9"""
un_025090_title#0,"""The Teachew and Student"""
un_025090_date#0,"""A.P.228/7/11"""
ra_025100_title#0,"""Ten Yeaws Ago, I"""
ra_025100_date#0,"""A.P.228/7/13"""
ra_025110_title#0,"""The Giww Who's Awways Awone"""
ra_025110_date#0,"""A.P.228/7/16"""
ra_025120_title#0,"""A Pwomise of Annihiwation"""
ra_025120_date#0,"""A.P.228/7/19"""
un_025100_title#0,"""A Teachew's Instwuction"""
un_025100_date#0,"""A.P.228/7/19"""
ra_025130_title#0,"""That Is My Enemy"""
ra_025130_date#0,"""A.P.228/7/24"""
ra_025140_title#0,"""Tewwibwe, Stwong, and Scawy"""
ra_025140_date#0,"""A.P.228/7/25"""
un_025130_title#0,"""Fow Whom the Teachew Swings"""
un_025130_date#0,"""A.P.228/7/28"""
ra_025150_title#0,"""A Chiwd of Sowitude"""
ra_025150_date#0,"""A.P.228/8/1"""
ra_025160_title#0,"""A Nowmaw Giww"""
ra_025160_date#0,"""A.P.228/8/4"""
un_025140_title#0,"""A Faweweww to the Teachew"""
un_025140_date#0,"""A.P.228/8/7"""
ra_025170_title#0,"""Finishing A Favow"""
ra_025170_date#0,"""A.P.228/8/7/9:00"""
st_025010_title#0,"""私が生まれたその理由"""
st_025010_date#0,"""A.P.228/8/7/12:00"""
st_025020_title#0,"""勇敢で愚かだったあのころ"""
st_025020_date#0,"""A.P.228/8/7/12:20"""
st_025030_title#0,"""ダーカーを滅ぼし、アークスを守るもの"""
st_025030_date#0,"""A.P.228/8/7/12:40"""
st_025040_title#0,"""世界にひとりぼっち"""
st_025040_date#0,"""A.P.228/8/7/13:00"""
st_025050_title#0,"""彼女を救うために"""
st_025050_date#0,"""A.P.228/8/7/13:10"""
st_025060_title#0,"""[Pewsona]"""
st_025060_date#0,"""A.P.228/8/7/13:20"""
st_025070_title#0,"""わたしが終わるまでのすべて"""
st_025070_date#0,"""A.P.228/8/7/13:30"""
st_025080_title#0,"""原初の後悔"""
st_025080_date#0,"""A.P.228/8/7/"""
st_025090_title#0,"""それでも彼女は微笑む"""
st_025090_date#0,"""A.P.238/8/7/14:00"""
st_025100_title#0,"""Yucweta"""
st_025100_date#0,"""A.P.228/8/7/14:00"""
un_020360_title#0,"""特訓中のゼノ"""
un_025060_title#0,"""The Suffewings of a Bwockhead"""
un_020340_title#0,"""A Huntew's Feaws"""
un_020350_title#0,"""ゼノの足跡を……"""
un_020410_title#0,"""I Know It's Not Hew, but..."""
un_020670_title#0,"""Ghost Town Seawch"""
un_020470_title#0,"""海岸って気持ちよさそう"""
un_020480_title#0,"""調子のいい身体"""
un_020490_title#0,"""Usefuw Techniques"""
un_020500_title#0,"""きゅうくつな武器"""
un_025010_title#0,"""わたし、アークスになります！"""
un_020210_title#0,"""クラリッサの行方"""
un_020220_title#0,"""Wight's Gwief"""
un_020230_title#0,"""I've Pwayed My Pawt"""
un_020240_title#0,"""Teachew Is Wowwied"""
un_020570_title#0,"""The Teachew's Goaw"""
un_020250_title#0,"""研究者とその助手"""
un_020180_title#0,"""Cwawissa's Past"""
un_020400_title#0,"""閻斧ラビュリス"""
un_020620_title#0,"""Wopaw is Weiwd!"""
un_020100_title#0,"""It's Cawwed Void!"""
un_020640_title#0,"""The Dwagon Sanctum is Sacwed!"""
un_020110_title#0,"""A Fwood of New Info!"""
un_020660_title#0,"""Unconvincing Messages!"""
un_020190_title#0,"""Cwawissa's Secwet?"""
un_020200_title#0,"""The Twue Yonohate is...!"""
un_020700_title#0,"""No Watew On the Seabed!"""
un_020730_title#0,"""Weaking Infowmation!"""
un_020390_a_title#0,"""戦技大会にいた理由(A)"""
un_020390_b_title#0,"""戦技大会にいた理由(B)"""
un_020320_title#0,"""Stywish? Change of Pace?"""
un_020330_title#0,"""地獄の特訓"""
un_025080_title#0,"""二心同体"""
un_020260_title#0,"""I Ask of Thee, What is Justice?"""
un_020270_title#0,"""I Ask of Thee, What is Eviw?"""
un_020370_title#0,"""About Bwavews"""
un_020600_title#0,"""A Pwanet With a Nice Ambiance"""
un_020080_title#0,"""Fighting With Fwiends"""
un_020430_title#0,"""Ohza and Azanami"""
un_020450_title#0,"""That Awoof Guy"""
un_020380_title#0,"""Bwavews..."""
un_020610_title#0,"""A Peacefuw Pwanet"""
un_020090_title#0,"""Fighting Fewwow AWKS"""
un_020440_title#0,"""Mawwu Saw It"""
un_020460_title#0,"""Necessawiwy Unnatuwaw"""
un_020650_title#0,"""Cweating the Bwavew"""
un_020050_title#0,"""Afwaid of Impostews"""
un_020680_title#0,"""Wegawding Vigiwance"""
un_020030_title#0,"""Pewfect Tawget"""
un_020020_title#0,"""Siwent Companion"""
un_020510_title#0,"""Wisa and Ohza"""
un_020520_title#0,"""Wisa and Mawwu"""
un_020530_title#0,"""Wisa and Fouwiew"""
un_020010_title#0,"""Twoubwed Society"""
un_020040_title#0,"""An Intewesting Wanguage"""
un_020740_title#0,"""Stinging, Thwobbing, Envy"""
un_025020_title#0,"""Thwee Peopwe, Two Viewpoints"""
un_025120_title#0,"""A Wong Time Ago, Thewe Was Wisa"""
un_025110_title#0,"""The Distance Between Him and Hew"""
un_025000_title#0,"""Taking Wesponsibiwity"""
un_025030_title#0,"""I Took This Position"""
un_025040_title#0,"""You Awe You"""
un_020280_title#0,"""The Case fow the Thwee Hewoes"""
un_020580_title#0,"""絶対令とは"""
un_020290_title#0,"""三英雄の役割分担"""
un_020310_title#0,"""A Pawn"""
un_020300_title#0,"""みんなが忘れないように"""
un_020710_title#0,"""A Wawning fwom Kuna"""
un_025050_title#0,"""Weasons Why You'we Awive"""
un_020160_title#0,"""I'm a Bwavew, Nice to Meet You!"""
un_020140_title#0,"""The Secwet of the Katana"""
un_020150_title#0,"""Undewstanding the Buwwet Bow"""
un_020630_title#0,"""Something He Wanted Me to Do"""
un_020170_title#0,"""Whewe Justice Is Hiding"""
un_020420_title#0,"""負けない戦い方"""
un_020540_title#0,"""Dewman Subowdinate"""
un_020550_title#0,"""You've Got Quite a Weputation"""
un_020560_title#0,"""Dewman Owigins"""
un_020590_title#0,"""She is a Giww, Aftew Aww"""
un_020690_title#0,"""I Can Onwy Mastew One"""
un_020720_title#0,"""A Change In Mood"""
un_025150_title#0,"""すべての根源"""
un_025160_title#0,"""アークスのこれから"""
un_025170_title#0,"""自然の神秘"""
un_025070_title#0,"""いたずらっ子の心理"""
st_030100_title#0,"""無垢なる接近"""
st_030100_date#0,"""A.P.239/1/7/10:00"""
ra_031010_title#0,"""Uncewtain Weasons of Faith"""
ra_031010_date#0,"""A.P.239/1/8"""
ra_031020_title#0,"""Thanking the Pwecuwsows"""
ra_031020_date#0,"""A.P.239/1/8"""
ra_031030_title#0,"""Guawdian Kotoshiwo"""
ra_031030_date#0,"""A.P.239/1/13"""
un_031010_title#0,"""The Miko's Pwotection"""
un_031010_date#0,"""A.P.239/1/13"""
ra_031050_title#0,"""A Piece Of Advice"""
ra_031050_date#0,"""A.P.239/1/15"""
ra_031040_title#0,"""The Shiwonians and Kuwonites"""
ra_031040_date#0,"""A.P.239/1/21"""
st_031010_title#0,"""Kuwonite's Assauwt"""
st_031010_date#0,"""A.P.239/1/22/10:00"""
st_031020_title#0,"""Siwent Angew, Fwom Within"""
st_031020_date#0,"""A.P.239/1/22/10:30"""
st_031030_title#0,"""守人たるもの"""
st_031030_date#0,"""A.P.239/1/22/11:00"""
st_031040_title#0,"""其処に灰は舞う"""
st_031040_date#0,"""A.P.239/1/22/11:30"""
ra_032010_title#0,"""サラは過保護？"""
ra_032010_date#0,"""A.P.239/1/23"""
un_032050_title#0,"""The Most Impowtant Thing"""
un_032050_date#0,"""A.P.239/1/24"""
ra_032020_title#0,"""ゼノとエコーとカブラカン"""
ra_032020_date#0,"""A.P.239/1/25"""
ra_032030_title#0,"""Ovewpwotective Teachew and Student"""
ra_032030_date#0,"""A.P.239/1/26"""
ra_032040_title#0,"""Sawa's Past"""
ra_032040_date#0,"""A.P.239/1/28"""
ra_032050_title#0,"""Sawa and Cwawis Cwaes"""
ra_032050_date#0,"""A.P.239/1/29"""
ra_032060_title#0,"""A Pwan to Fowce a Fwiendship!"""
ra_032060_date#0,"""A.P.239/1/30"""
ra_032070_title#0,"""Ewosion"""
ra_032070_date#0,"""A.P.239/1/30"""
st_032010_title#0,"""An Odd Spot fow a Meeting"""
st_032010_date#0,"""A.P.239/1/31/13:00"""
st_032020_title#0,"""It's wike a Fight Between Sibwings"""
st_032020_date#0,"""A.P.239/1/31/14:00"""
st_032030_title#0,"""Can't Ignowe the Twuth"""
st_032030_date#0,"""A.P.239/1/31/15:00"""
st_032040_title#0,"""私は私、貴様は貴様"""
st_032040_date#0,"""A.P.239/1/31/16:00"""
st_032050_title#0,"""ちゃんと話がしたい"""
st_032050_date#0,"""A.P.239/1/31/17:00"""
ra_033010_title#0,"""Fwiends of the Miko"""
ra_033010_date#0,"""A.P.239/2/4"""
un_033020_title#0,"""Pwotecting Ouw Own"""
un_033020_date#0,"""A.P.239/2/5"""
ra_033020_title#0,"""Foowish Peopwe of Hawkotan"""
ra_033020_date#0,"""A.P.239/2/9"""
ra_033030_title#0,"""The Ashen Wegend"""
ra_033030_date#0,"""A.P.239/2/10"""
un_033030_title#0,"""The Miko's Bantew"""
un_033030_date#0,"""A.P.239/2/11"""
ra_033040_title#0,"""The Miko's Compwaints"""
ra_033040_date#0,"""A.P.239/2/13"""
ra_033050_title#0,"""The Omen"""
ra_033050_date#0,"""A.P.239/2/14"""
st_033010_title#0,"""Weinfowcing the Seaw"""
st_033010_date#0,"""A.P.239/2/18/11:00"""
st_033020_date#0,"""A.P.239/2/18/11:30"""
st_033030_title#0,"""守るべき場"""
st_033030_date#0,"""A.P.239/2/18/12:00"""
st_033040_title#0,"""結灰陣、発動"""
st_033040_date#0,"""A.P.239/2/18/12:30"""
ra_034010_title#0,"""不可解な状況"""
ra_034010_date#0,"""A.P.239/2/22"""
ra_034020_title#0,"""The Objective of the [Appwentice]"""
ra_034020_date#0,"""A.P.239/2/24"""
ra_034030_title#0,"""Wefusaw to Intewvene"""
ra_034030_date#0,"""A.P.239/2/25"""
ra_034040_title#0,"""Memowies of Ten Yeaws Ago"""
ra_034040_date#0,"""A.P.239/2/27"""
ra_034050_title#0,"""Dawk Fawz of Ten Yeaws Ago"""
ra_034050_date#0,"""A.P.239/2/28"""
ra_034060_title#0,"""Two of the [Appwentice]"""
ra_034060_date#0,"""A.P.239/3/1"""
st_034010_title#0,"""Even Though I Don't Know What I Can Do"""
st_034010_date#0,"""A.P.239/3/3/12:00"""
st_034020_title#0,"""Wandewing [Appwentice]"""
st_034020_date#0,"""A.P.239/3/3/12:30"""
st_034030_title#0,"""Wandewing Yucweta"""
st_034030_date#0,"""A.P.239/3/3/13:00"""
st_034040_title#0,"""Fawse Memowy"""
st_034040_date#0,"""A.P.239/3/3/13:30"""
st_034050_title#0,"""Seek the Futuwe That Way"""
st_034050_date#0,"""A.P.239/3/3/14:00"""
st_034060_title#0,"""I Undewstand What I Shouwd Do"""
st_034060_date#0,"""A.P.239/3/4/10:00"""
ra_035010_title#0,"""【双子】の行方、そして……"""
ra_035010_date#0,"""A.P.239/3/7"""
ra_035030_title#0,"""The Two Kings"""
ra_035030_date#0,"""A.P.239/3/8"""
ra_035040_title#0,"""The Expected Wepwy"""
ra_035040_date#0,"""A.P.239/3/10"""
ra_035050_title#0,"""I Want to Pwotect Them"""
ra_035050_date#0,"""A.P.239/3/15"""
un_035020_title#0,"""Afin and [Appwentice], Pawt 1"""
un_035020_date#0,"""A.P.239/3/9"""
un_035030_title#0,"""Continuing to Wive, Thwough the Futuwe"""
un_035030_date#0,"""A.P.239/3/7"""
un_035040_title#0,"""姉は折れるもの"""
un_035040_date#0,"""A.P.239/3/9"""
un_035090_title#0,"""武器は大切に"""
un_035090_date#0,"""A.P.239/3/10"""
st_035010_title#0,"""見捨てぬ理由、守る理由"""
st_035010_date#0,"""A.P.239/3/11/11:00"""
st_035020_title#0,"""ただ愉しげに、喰らうのみ"""
st_035020_date#0,"""A.P.239/3/11/11:30"""
st_035030_title#0,"""内的宇宙にありてなお"""
st_035030_date#0,"""A.P.???/?/?/??:??"""
st_035040_title#0,"""シオンは何故"""
st_035040_date#0,"""A.P.???/?/?/??:??"""
st_035050_title#0,"""破滅へのカウントダウン"""
st_035050_date#0,"""A.P.???/?/?/??:??"""
st_035060_title#0,"""『出来損ない』"""
st_035060_date#0,"""A.P.???/?/?/??:??"""
st_035070_title#0,"""突然の帰還"""
st_035070_date#0,"""A.P.239/3/13/12:00"""
ra_036010_title#0,"""Unusuaw Abnowmaw Numbews"""
ra_036010_date#0,"""A.P.239/3/17"""
ra_036020_title#0,"""What Wuwks Inside"""
ra_036020_date#0,"""A.P.239/3/18"""
ra_036030_title#0,"""You Can't Do It Awone"""
ra_036030_date#0,"""A.P.239/3/20"""
ra_036040_title#0,"""As Youw Administwatow and Fwiend"""
ra_036040_date#0,"""A.P.239/3/21"""
ra_036050_title#0,"""Concwusion"""
ra_036050_date#0,"""A.P.239/3/18"""
un_036010_title#0,"""Afin and [Appwentice] - Pawt 2"""
un_036010_date#0,"""A.P.239/3/17"""
un_036020_title#0,"""あなたはどちらなんですか？"""
un_036020_date#0,"""A.P.239/3/18"""
un_036070_date#0,"""A.P.239/3/20"""
un_036080_title#0,"""Afin and Yucweta"""
un_036080_date#0,"""A.P.239/3/19"""
st_036010_title#0,"""Fowwowing Sukuna-hime"""
st_036010_date#0,"""A.P.239/3/21/11:00"""
st_036020_title#0,"""Evewything Is fow Hew"""
st_036020_date#0,"""A.P.239/3/21/11:30"""
st_036030_title#0,"""バケモノ同士の殺し合い"""
st_036030_date#0,"""A.P.239/3/21/12:00"""
st_036040_title#0,"""おかえりなさい\u3000さようなら"""
st_036040_date#0,"""A.P.239/3/21/13:00"""
st_036050_title#0,"""離別"""
st_036050_date#0,"""A.P.239/3/23/10:00"""
ra_037010_title#0,"""What Can You Do"""
ra_037010_date#0,"""A.P.239/3/24"""
ra_037020_title#0,"""What Can You Do"""
ra_037020_date#0,"""A.P.239/3/24"""
ra_037100_title#0,"""Unquawified Administwatow"""
ra_037100_date#0,"""A.P.239/3/25"""
ra_037110_title#0,"""Uncewtain Futuwe"""
ra_037110_date#0,"""A.P.239/3/31"""
un_037050_title#0,"""What Can A Pewson Do"""
un_037050_date#0,"""A.P.239/3/29"""
un_037090_title#0,"""Why I Wemain Hewe"""
un_037090_date#0,"""A.P.239/3/28"""
un_037100_title#0,"""Onwy Sadness Wemains"""
un_037100_date#0,"""A.P.239/3/26"""
un_037120_title#0,"""Wesowute Eyes"""
un_037120_date#0,"""A.P.239/3/30"""
st_037010_title#0,"""Judgment Day"""
st_037010_date#0,"""A.P.239/3/24/12:00"""
st_037020_title#0,"""彼女の救済"""
st_037020_date#0,"""A.P.239/3/27/12:00"""
st_037030_title#0,"""笑っていて欲しい"""
st_037030_date#0,"""A.P.239/3/27/13:00"""
st_037040_title#0,"""此処には、二人いる"""
st_037040_date#0,"""A.P.239/3/24/13:00"""
st_037100_title#0,"""ぼくらを信じて、進め"""
st_037100_date#0,"""A.P.239/3/31/12:00"""
st_037110_title#0,"""三英雄の戦い"""
st_037110_date#0,"""A.P.239/3/31/12:30"""
st_037120_title#0,"""寂しさの理由"""
st_037120_date#0,"""A.P.239/3/31/13:30"""
st_037128_title#0,"""皆が切り拓いた未来"""
st_037128_date#0,"""A.P.239/3/31/14:00"""
st_037150_title#0,"""『応え』"""
st_037150_date#0,"""A.P.239/3/31/14:30"""
st_037160_title#0,"""新たな未来へ歩き出す"""
st_037160_date#0,"""A.P.239/3/31/15:00"""
st_037200_title#0,"""The Wesuwwection of the Pwofound Dawkness"""
st_037200_date#0,"""A.P.239/3/31"""
mv_010290_title#0,"""The Downfaww of the Pwofound Dawkness"""
st_037990_title#0,"""A Seaw that Twanscends Time"""
st_037990_date#0,"""A.P.239/4/1/14:00"""
ra_039010_title#0,"""Fow the Futuwe"""
ra_039010_date#0,"""A.P.239/5/1"""
ra_039020_title#0,"""The Owiginaw One"""
ra_039020_date#0,"""A.P.239/5/1"""
ra_039030_title#0,"""とにもかくにもきみ頼り"""
ra_039030_date#0,"""A.P.239/5/1"""
ra_039040_title#0,"""The Beginning of Dawkness"""
ra_039040_date#0,"""A.P.239/5/4"""
ra_039050_title#0,"""The Deeds of the Photonews"""
ra_039050_date#0,"""A.P.239/5/6"""
ra_039060_title#0,"""轍は踏ませない"""
ra_039060_date#0,"""A.P.239/5/8"""
un_039110_title#0,"""先代へのプレゼントは"""
un_039110_date#0,"""A.P.239/5/3"""
un_039120_title#0,"""マトイへのプレゼントは"""
un_039120_date#0,"""A.P.239/5/3"""
un_039130_title#0,"""姉妹の目的"""
un_039130_date#0,"""A.P.239/5/4"""
un_039140_title#0,"""さながら三姉妹"""
un_039140_date#0,"""A.P.239/5/5"""
st_039010_title#0,"""削りきれぬ器"""
st_039010_date#0,"""A.P.239/5/10/10:00"""
st_039020_title#0,"""責任は、そこにある"""
st_039020_date#0,"""A.P.239/5/10/10:30"""
st_039030_title#0,"""どうしてこんなことに……"""
st_039030_date#0,"""A.P.239/5/10/11:00"""
st_039040_title#0,"""煌き舞うは美の女神"""
st_039040_date#0,"""A.P.239/5/10/11:30"""
st_039050_title#0,"""【若人】の胎動"""
st_039050_date#0,"""A.P.239/5/10/12:00"""
st_039100_title#0,"""A Pwace To Wetuwn To"""
st_039100_date#0,"""A.P.239/5/15/14:00"""
un_037020_title#0,"""We Have Youw Back"""
un_034020_title#0,"""I Can't Be Defeated"""
un_031090_title#0,"""ロジオの帰還"""
un_034080_title#0,"""What the Wiwwipans Sense"""
un_034090_title#0,"""どれだけ怖くても"""
un_032100_title#0,"""Dowmant Cwawissa"""
un_033070_title#0,"""対等の関係"""
un_031070_title#0,"""Hewwo Hawkotan!"""
un_032030_title#0,"""The Wowwd is the Photonew's Pwaygwound?"""
un_033090_title#0,"""むりやり新メンバー！"""
un_034030_title#0,"""Info Deawews, Stawt Ovew"""
un_035060_title#0,"""The Coming and Goings of Patty 'n Tea！"""
un_036040_title#0,"""Watest Info Wegawding [Doubwe]!"""
un_037110_title#0,"""AWKS' No.1 Info Deawews"""
un_032110_title#0,"""The Weason Fow Hew Sowwow"""
un_034050_title#0,"""Fwiwting with Death"""
un_032080_title#0,"""寂しくなんかないんだから"""
un_031020_title#0,"""Might Be Too Wate"""
un_032010_title#0,"""Connected Feewings"""
un_032010_date#0,"""A.P.239/1/29"""
un_033010_title#0,"""Undewstanding Each Othew"""
un_037010_title#0,"""You'we Not Awone"""
un_031030_title#0,"""Is It Too Wate?"""
un_032010_title#1,"""Connected Feewings"""
un_032010_date#1,"""A.P.239/1/29"""
un_033010_title#1,"""Undewstanding Each Othew"""
un_037010_title#1,"""You'we Not Awone"""
un_031100_title#0,"""カジノマジやべーって！"""
un_035070_title#0,"""ダーカーと勘違い？"""
un_031120_title#0,"""困って困って困ったひとたち"""
un_033060_title#0,"""すごくて不思議でおかしな場所"""
un_036060_title#0,"""冗談ですまない冗談"""
un_031080_title#0,"""彼女はいつもやりたい放題"""
un_032070_title#0,"""A Wowe Invowving Him and Hew"""
un_033080_title#0,"""Theo's Feewings, Uwc's Feewings"""
un_034060_title#0,"""憎まれ役も喜んで"""
un_037040_title#0,"""Sake of Evewyone's Smiwes"""
un_032040_title#0,"""私がやるべきこと"""
un_032060_title#0,"""Quna's Futuwe"""
un_033100_title#0,"""鎮魂の歌唱"""
un_034040_title#0,"""カプリッチオ・アフター\u3000イオの場合"""
un_035080_title#0,"""カプリッチオ・アフター\u3000アフィンの場合"""
un_037030_title#0,"""Ouw Wowes To Pway"""
un_032090_title#0,"""負けじと広報宣伝！"""
un_033110_title#0,"""戦うための選択肢"""
un_037060_title#0,"""We Must Not Wose Hew"""
un_031110_title#0,"""I Finawwy Can Say Thanks"""
un_035050_title#0,"""久しぶりのふたりきり"""
un_036030_title#0,"""Evewyone's Weiwd"""
un_037070_title#0,"""I Don't Wike It"""
un_031050_title#0,"""The Chawm of Duaw Bwades"""
un_031060_title#0,"""The Quawity of Jetboots"""
un_032020_title#0,"""Twaining, Twaining and Twaining"""
un_033040_title#0,"""競争中！\u3000カトリの場合"""
un_033050_title#0,"""競争中！\u3000サガの場合"""
un_034010_title#0,"""競争の結果"""
un_035010_title#0,"""Twicking and Deceiving Katowi"""
un_036050_title#0,"""Wetuwning fwom Twaining"""
un_037080_title#0,"""Actions Wead to Possibiwities"""
un_045050_title#0,"""A Visitow Fwom Subspace"""
un_045060_title#0,"""Vivienne's Motives"""
un_045090_title#0,"""Vivienne's Intuition"""
un_045100_title#0,"""Gwatitude Fwom Two"""
mv_010030_title#0,"""Twavewing to Nabewius"""
mv_010030_date#0,"""<space>"""
mv_010040_title#0,"""Pwanetawy Twavew - Wiwwipa"""
mv_010040_date#0,"""<space>"""
mv_010050_title#0,"""Pwanetawy Twansfew - Amduscia"""
mv_010050_date#0,"""<space>"""
mv_010070_title#0,"""惑星移動・ダークファルス【巨躯】決戦"""
mv_010070_date#0,"""<space>"""
mv_010230_title#0,"""Episode 1 Opening Movie"""
mv_010230_date#0,"""<space>"""
mv_010240_title#0,"""PS Vita 版 オープニングムービー"""
mv_010240_date#0,"""<space>"""
mv_010110_title#0,"""Twavewing to Wopaw"""
mv_010110_date#0,"""<space>"""
mv_010120_title#0,"""惑星移動・ダーカーの巣窟"""
mv_010120_date#0,"""<space>"""
mv_010160_title#0,"""惑星移動・マザーシップ：通常"""
mv_010160_date#0,"""<space>"""
mv_010170_title#0,"""惑星移動・マザーシップ：侵食"""
mv_010170_date#0,"""<space>"""
mv_010250_title#0,"""Episode 2 Opening Movie"""
mv_010250_date#0,"""<space>"""
mv_010200_title#0,"""惑星移動・ハルコタン"""
mv_010200_date#0,"""<space>"""
mv_010220_title#0,"""Magatsu's Descent"""
mv_010220_date#0,"""<space>"""
mv_010270_title#0,"""The [Pwofound Dawkness] Attacks"""
mv_010270_date#0,"""<space>"""
mv_010290_title#1,"""The Downfaww of the Pwofound Dawkness"""
mv_010290_date#0,"""<space>"""
mv_010280_title#0,"""ダークファルス【若人】復活"""
mv_010280_date#0,"""<space>"""
mv_010260_title#0,"""Episode 3 Opening Movie"""
mv_010260_date#0,"""<space>"""
un_039010_title#0,"""カジノへようこそ！"""
un_039010_date#0,"""<space>"""
ra_033980_title#0,"""壊世区域ナベリウス"""
ra_033980_date#0,"""<space>"""
ra_033970_title#0,"""『禍津』の侵攻"""
ra_033970_date#0,"""<space>"""
ra_033960_title#0,"""新たなる「挑戦」"""
ra_033960_date#0,"""<space>"""
ra_033950_title#0,"""壊世区域リリーパ"""
ra_033950_date#0,"""<space>"""
pr_037010_title#0,"""君なら大丈夫"""
pr_037010_date#0,"""<space>"""
pr_039010_title#0,"""煌き舞う絶対防衛戦"""
pr_039010_date#0,"""<space>"""
pr_043071_title#0,"""Wewcome to Fwanka's Cafe!"""
pr_043071_date#0,"""<space>"""
pr_043070_title#0,"""Wewcome to Fwanka's Cafe! 2"""
pr_043070_date#0,"""<space>"""
pr_043072_title#0,"""Wewcome to Fwanka's Cafe! 3"""
pr_043072_date#0,"""<space>"""
pr_043073_title#0,"""Wewcome to Fwanka's Cafe! 4"""
pr_043073_date#0,"""<space>"""
pr_043074_title#0,"""Wewcome to Fwanka's Cafe! 5"""
pr_043074_date#0,"""<space>"""
pr_043080_title#0,"""任務への窓口"""
pr_043080_date#0,"""<space>"""
pr_043090_title#0,"""訓練しましょう！"""
pr_043090_date#0,"""<space>"""
pr_044010_date#0,"""<space>"""
pr_045010_title#0,"""Cowwupted Awea: Amduscia"""
pr_045010_date#0,"""<space>"""
pr_047900_title#0,"""The Phantoms of Mothew"""
pr_047900_date#0,"""<space>"""
pr_048010_title#0,"""VW Twaining [Battwe Awena]"""
pr_048010_date#0,"""<space>"""
pr_049010_title#0,"""The Phantom Continent"""
pr_049010_date#0,"""<space>"""
mv_020030_title#0,"""Episode 4 Opening Movie"""
mv_020030_date#0,"""<space>"""
mv_020040_title#0,"""An Avataw of an Undying Battweship"""
mv_020040_date#0,"""<space>"""
mv_020050_title#0,"""Pwanetawy Twavew: Moon - Nowmaw"""
mv_020050_date#0,"""<space>"""
mv_020060_title#0,"""Pwanetawy Twavew: Moon - Defiwed"""
mv_020060_date#0,"""<space>"""
mv_020100_title#0,"""Pwanetawy Twavew: Phantom Continent"""
mv_020100_date#0,"""<space>"""
mv_020070_title#0,"""Vanishing Phantom Piwwaw"""
mv_020070_date#0,"""<space>"""
mv_020120_title#0,"""Destwoying the Phantom God"""
mv_020120_date#0,"""<space>"""
mv_030030_title#0,"""ＥＰＩＳＯＤＥ５オープニングムービー"""
mv_030030_date#0,"""<space>"""
un_045045_title#0,"""My Name Is Emiwia"""
un_045045_date#0,"""<space>"""
un_045050_title#1,"""A Visitow Fwom Subspace"""
un_045050_date#0,"""<space>"""
un_045060_title#1,"""Vivienne's Motives"""
un_045060_date#0,"""<space>"""
un_045070_title#0,"""Emiwia's Motives"""
un_045070_date#0,"""<space>"""
un_045080_title#0,"""Emiwia's Wesouwcefuwness"""
un_045080_date#0,"""<space>"""
un_045090_title#1,"""Vivienne's Intuition"""
un_045090_date#0,"""<space>"""
un_045100_title#1,"""Gwatitude Fwom Two"""
un_045100_date#0,"""<space>"""
