Gat_TitleStatus#0,"""Gathewing Status"""
Gat_TitleAbleList#0,"""Obtainabwe Gathewing Achievements"""
ResultNum#0,"""$(0)/$(1)"""
ResultNum_2#0,"""$(0)/"""
ResultNumTitle#0,"""<yellow>Progress: $(0)/$(1)<c>"""
RewardNum#0,"""$(0) x$(1)"""
FeverTime_Add#0,"""+$(0) seconds"""
C_Level#0,"""Hawvest Lv."""
F_Level#0,"""Fishing Lv."""
NextLevel#0,"""$(0) Achievement(s) to Next Wevew"""
Percent#0,"""$(0)%"""
Percent2#0,"""+$(0).$(1)%"""
ComboBonus#0,"""$(0)～$(1)"""
NumAchieve#0,"""$(0) Achievem."""
Time_3#0,"""$(0):$(1)"""
Time_2#0,"""$(0) minutes"""
Time_2Add#0,"""($(1) wecuvwy in $(0))"""
Time_3Add#0,"""$(0)"""
No_Achievable#0,"""No achievements avaiwabwe."""
NoItemMsg#0,"""No achievements."""
RareF_Rate#0,"""Wawe Fishing Wate Up $(0).$(1)%"""
RareC_Rate#0,"""Wawe Hawvest Wate Up $(0).$(1)%"""
AddF_Rate#0,"""Add. Fishing Wate Up $(0).$(1)%"""
AddC_Rate#0,"""Add. Hawvest Wate Up $(0).$(1)%"""
Name_C0000#0,"""Hawvesting 1"""
Name_C0001#0,"""Hawvesting 2"""
Name_C0002#0,"""Hawvesting 3"""
Name_C0003#0,"""Hawvesting 4"""
Name_C0004#0,"""Hawvesting 5"""
Name_C0005#0,"""Hawvesting 6"""
Name_C0006#0,"""Additionaw Hawvest 1"""
Name_C0007#0,"""Additionaw Hawvest 2"""
Name_C0008#0,"""Additionaw Hawvest 3"""
Name_C0009#0,"""Additionaw Hawvest 4"""
Name_C0010#0,"""Wawe Hawvest 1"""
Name_C0011#0,"""Wawe Hawvest 2"""
Name_C0012#0,"""Wawe Hawvest 3"""
Name_C0013#0,"""Wawe Hawvest 4"""
Name_C0014#0,"""Vegetabwe Hawvesting 1"""
Name_C0015#0,"""Fwuit Hawvesting 1"""
Name_C0016#0,"""Gwain Hawvesting 1"""
Name_C0017#0,"""Minewaw Hawvesting 1"""
Name_C0018#0,"""Hawvesting 7"""
Name_C0019#0,"""Hawvesting 8"""
Name_C0020#0,"""Hawvesting 9"""
Name_C0021#0,"""Hawvesting 10"""
Name_C0022#0,"""Hawvesting 11"""
Name_C0023#0,"""Additionaw Hawvest 5"""
Name_C0024#0,"""Additionaw Hawvest 6"""
Name_C0025#0,"""Additionaw Hawvest 7"""
Name_C0026#0,"""Additionaw Hawvest 8"""
Name_C0027#0,"""Additionaw Hawvest 9"""
Name_C0028#0,"""Wawe Hawvest 5"""
Name_C0029#0,"""Wawe Hawvest 6"""
Name_C0030#0,"""Wawe Hawvest 7"""
Name_C0031#0,"""Wawe Hawvest 8"""
Name_C0032#0,"""Wawe Hawvest 9"""
Name_C0033#0,"""Vegetabwe Hawvesting 2"""
Name_C0034#0,"""Fwuit Hawvesting 2"""
Name_C0035#0,"""Gwain Hawvesting 2"""
Name_C0036#0,"""Minewaw Hawvesting 2"""
Name_C0037#0,"""Jewew Hawvesting 1"""
Name_C0038#0,"""Fowest Hawvesting 1"""
Name_C0039#0,"""Fowest Hawvesting 2"""
Name_C0040#0,"""Fowest Hawvesting 3"""
Name_C0041#0,"""Fowest Tomato Hawvesting 1"""
Name_C0042#0,"""Fowest Tomato Hawvesting 2"""
Name_C0043#0,"""Fowest Wice Hawvesting 1"""
Name_C0044#0,"""Fowest Wice Hawvesting 2"""
Name_C0045#0,"""Nabewius Shwoom Hawvesting 1"""
Name_C0046#0,"""Fowest Emewawd Hawvesting 1"""
Name_C0047#0,"""Wuins Hawvesting 1"""
Name_C0048#0,"""Wuins Hawvesting 2"""
Name_C0049#0,"""Wuins Hawvesting 3"""
Name_C0050#0,"""Wuins Gwape Hawvesting 1"""
Name_C0051#0,"""Wuins Gwape Hawvesting 2"""
Name_C0052#0,"""Wuins Onion Hawvesting 1"""
Name_C0053#0,"""Wuins Onion Hawvesting 2"""
Name_C0054#0,"""Nabewius Shwoom Hawvesting 1"""
Name_C0055#0,"""Wuins Amethyst Hawvesting 1"""
Name_C0056#0,"""Coast Hawvesting 1"""
Name_C0057#0,"""Coast Hawvesting 2"""
Name_C0058#0,"""Coast Hawvesting 3"""
Name_C0059#0,"""Coast Sawt Hawvesting 1"""
Name_C0060#0,"""Coast Sawt Hawvesting 2"""
Name_C0061#0,"""Coast Owive Hawvesting 1"""
Name_C0062#0,"""Coast Owive Hawvesting 2"""
Name_C0063#0,"""Wopaw Sheww Hawvesting 1"""
Name_C0064#0,"""Coast Sapphiwe Hawvesting 1"""
Name_C0065#0,"""Tokyo Hawvesting 1"""
Name_C0066#0,"""Tokyo Hawvesting 2"""
Name_C0067#0,"""Tokyo Hawvesting 3"""
Name_C0068#0,"""Tokyo Soybean Hawvesting 1"""
Name_C0069#0,"""Tokyo Soybean Hawvesting 2"""
Name_C0070#0,"""Eawth Wock Hawvesting 1"""
Name_C0071#0,"""Eawth Wock Hawvesting 2"""
Name_C0072#0,"""Empty Bottwe Hawvesting １"""
Name_C0073#0,"""Tokyo Opaw Hawvesting 1"""
Name_C0074#0,"""Desewt Hawvesting 1"""
Name_C0075#0,"""Desewt Hawvesting 2"""
Name_C0076#0,"""Desewt Hawvesting 3"""
Name_C0077#0,"""Desewt Peppew Hawvesting 1"""
Name_C0078#0,"""Desewt Peppew Hawvesting 2"""
Name_C0079#0,"""Desewt Mango Hawvesting 1"""
Name_C0080#0,"""Desewt Mango Hawvesting 2"""
Name_C0081#0,"""Wiwwipa Vest Hawvesting 1"""
Name_C0082#0,"""Desewt Topaz Hawvesting 1"""
Name_C0083#0,"""Quawwy Hawvesting 1"""
Name_C0084#0,"""Quawwy Hawvesting 2"""
Name_C0085#0,"""Quawwy Hawvesting 3"""
Name_C0086#0,"""Quawwy Potato Hawvesting 1"""
Name_C0087#0,"""Quawwy Potato Hawvesting 2"""
Name_C0088#0,"""Quawwy Peppew Hawvesting 1"""
Name_C0089#0,"""Quawwy Peppew Hawvesting 2"""
Name_C0090#0,"""Wiwwipa Vest Hawvesting 1"""
Name_C0091#0,"""Quawwy Wapis Wazuwi Hawvesting 1"""
Name_C0092#0,"""Faciwity Hawvesting 1"""
Name_C0093#0,"""Faciwity Hawvesting 2"""
Name_C0094#0,"""Faciwity Hawvesting 3"""
Name_C0095#0,"""Faciwity Mint Hawvesting 1"""
Name_C0096#0,"""Faciwity Mint Hawvesting 2"""
Name_C0097#0,"""Faciwity Tuwnip Hawvesting 1"""
Name_C0098#0,"""Faciwity Tuwnip Hawvesting 2"""
Name_C0099#0,"""Wopaw Sheww Hawvesting 1"""
Name_C0100#0,"""Faciwity Touwmawine Hawvesting 1"""
Name_C0101#0,"""Was Vegas Hawvesting 1"""
Name_C0102#0,"""Was Vegas Hawvesting 2"""
Name_C0103#0,"""Was Vegas Hawvesting 3"""
Name_C0104#0,"""Was Vegas Wettuce Hawvesting 1"""
Name_C0105#0,"""Was Vegas Wettuce Hawvesting 2"""
Name_C0106#0,"""Was Vegas Cown Hawvesting 1"""
Name_C0107#0,"""Was Vegas Cown Hawvesting 2"""
Name_C0108#0,"""Empty Bottwe Hawvesting １"""
Name_C0109#0,"""Was Vegas Diamond Hawvesting 1"""
Name_C0110#0,"""Caves Hawvesting 1"""
Name_C0111#0,"""Caves Hawvesting 2"""
Name_C0112#0,"""Caves Hawvesting 3"""
Name_C0113#0,"""Caves Pumpkin Hawvesting 1"""
Name_C0114#0,"""Caves Pumpkin Hawvesting 2"""
Name_C0115#0,"""Caves Pineappwe Hawvesting 1"""
Name_C0116#0,"""Caves Pineappwe Hawvesting 2"""
Name_C0117#0,"""Amduscia Dwagon Scawe Hawvesting 1"""
Name_C0118#0,"""Caves Gawnet Hawvesting 1"""
Name_C0119#0,"""Tundwa Hawvesting 1"""
Name_C0120#0,"""Tundwa Hawvesting 2"""
Name_C0121#0,"""Tundwa Hawvesting 3"""
Name_C0122#0,"""Tundwa Gween Onion Hawvesting 1"""
Name_C0123#0,"""Tundwa Gween Onion Hawvesting 2"""
Name_C0124#0,"""Tundwa Gween Appwe Hawvesting 1"""
Name_C0125#0,"""Tundwa Gween Appwe Hawvesting 2"""
Name_C0126#0,"""Nabewius Shwoom Hawvesting 1"""
Name_C0127#0,"""Tundwa Hawvesting 1"""
Name_C0128#0,"""Tunnews Hawvesting 1"""
Name_C0129#0,"""Tunnews Hawvesting 2"""
Name_C0130#0,"""Tunnews Hawvesting 3"""
Name_C0131#0,"""Tunnews Mushwoom Hawvesting 1"""
Name_C0132#0,"""Tunnews Mushwoom Hawvesting 2"""
Name_C0133#0,"""Tunnews Gingew Hawvesting 1"""
Name_C0134#0,"""Tunnews Gingew Hawvesting 2"""
Name_C0135#0,"""Wiwwipa Vest Hawvesting 1"""
Name_C0136#0,"""Tunnews Pewidot Hawvesting 1"""
Name_C0137#0,"""Shiwonia Hawvesting 1"""
Name_C0138#0,"""Shiwonia Hawvesting 2"""
Name_C0139#0,"""Shiwonia Hawvesting 3"""
Name_C0140#0,"""Shiwonia Bean Spwouts Hawvesting 1"""
Name_C0141#0,"""Shiwonia Bean Spwouts Hawvesting 2"""
Name_C0142#0,"""Shiwonia Eggpwant Hawvesting 1"""
Name_C0143#0,"""Shiwonia Eggpwant Hawvesting 2"""
Name_C0144#0,"""Hawkotan Debwis Hawvesting 1"""
Name_C0145#0,"""Shiwonia Moonstone Hawvesting 1"""
Name_C0146#0,"""Skyscape Hawvesting 1"""
Name_C0147#0,"""Skyscape Hawvesting 2"""
Name_C0148#0,"""Skyscape Hawvesting 3"""
Name_C0149#0,"""Skyscape Bean Hawvesting 1"""
Name_C0150#0,"""Skyscape Bean Hawvesting 2"""
Name_C0151#0,"""Skyscape Chestnut Hawvesting 1"""
Name_C0152#0,"""Skyscape Chestnut Hawvesting 2"""
Name_C0153#0,"""Amduscia Dwagon Scawe Hawvesting 1"""
Name_C0154#0,"""Skyscape Fwuowite Hawvesting 1"""
Name_C0155#0,"""Seabed Hawvesting 1"""
Name_C0156#0,"""Seabed Hawvesting 2"""
Name_C0157#0,"""Seabed Hawvesting 3"""
Name_C0158#0,"""Seabed Shawwot Hawvesting 1"""
Name_C0159#0,"""Seabed Shawwot Hawvesting 2"""
Name_C0160#0,"""Seabed Wemon Hawvesting 1"""
Name_C0161#0,"""Seabed Wemon Hawvesting 2"""
Name_C0162#0,"""Wopaw Sheww Hawvesting 1"""
Name_C0163#0,"""Seabed Tanzanite Hawvesting 1"""
Name_C0164#0,"""Sanctum Hawvesting 1"""
Name_C0165#0,"""Sanctum Hawvesting 2"""
Name_C0166#0,"""Sanctum Hawvesting 3"""
Name_C0167#0,"""Sanctum Wadish Hawvesting 1"""
Name_C0168#0,"""Sanctum Wadish Hawvesting 2"""
Name_C0169#0,"""Sanctum Spinach Hawvesting 1"""
Name_C0170#0,"""Sanctum Spinach Hawvesting 2"""
Name_C0171#0,"""Amduscia Dwagon Scawe Hawvesting 1"""
Name_C0172#0,"""Sanctum Ziwcon Hawvesting 1"""
Name_C0173#0,"""Kuwon Hawvesting 1"""
Name_C0174#0,"""Kuwon Hawvesting 2"""
Name_C0175#0,"""Kuwon Hawvesting 3"""
Name_C0176#0,"""Kuwon Wotus Woot Hawvesting 1"""
Name_C0177#0,"""Kuwon Wotus Woot Hawvesting 2"""
Name_C0178#0,"""Kuwon Buwdock Hawvesting 1"""
Name_C0179#0,"""Kuwon Buwdock Hawvesting 2"""
Name_C0180#0,"""Hawkotan Debwis Hawvesting 1"""
Name_C0181#0,"""Kuwon Hematite Hawvesting 1"""
Explain_C0000#0,"""<yellow>Harvest 1 time!<c><br> ※Area: Unspecified<br> ※Category: All"""
Explain_C0001#0,"""<yellow>Harvest 8 times!<c><br> ※Area: Unspecified<br> ※Category: All"""
Explain_C0002#0,"""<yellow>Harvest 20 times!<c><br> ※Area: Unspecified<br> ※Category: All"""
Explain_C0003#0,"""<yellow>Harvest 30 times!<c><br> ※Area: Unspecified<br> ※Category: All"""
Explain_C0004#0,"""<yellow>Harvest 40 times!<c><br> ※Area: Unspecified<br> ※Category: All"""
Explain_C0005#0,"""<yellow>Harvest 50 times!<c><br> ※Area: Unspecified<br> ※Category: All"""
Explain_C0006#0,"""<yellow>Get 5 additional harvests!<c><br> ※Area: Unspecified<br> ※Category: All<br><c 73d882> ※Raise odds of additional harvests<br>  by eating Seafood Soup.<c>"""
Explain_C0007#0,"""<yellow>Get 10 additional harvests!<c><br> ※Area: Unspecified<br> ※Category: All<br><c 73d882> ※Raise odds of additional harvests<br>  by eating Seafood Soup.<c>"""
Explain_C0008#0,"""<yellow>Get 20 additional harvests!<c><br> ※Area: Unspecified<br> ※Category: All<br><c 73d882> ※Raise odds of additional harvests<br>  by eating Seafood Soup.<c>"""
Explain_C0009#0,"""<yellow>Get 30 additional harvests!<c><br> ※Area: Unspecified<br> ※Category: All<br><c 73d882> ※Raise odds of additional harvests<br>  by eating Seafood Soup.<c>"""
Explain_C0010#0,"""<yellow>Get 5 rare harvests!<c><br> ※Area: Unspecified<br> ※Category: All<br><c d468a0> ※Rare harvests occur at<br>  random while harvesting.<c>"""
Explain_C0011#0,"""<yellow>Get 10 rare harvests!<c><br> ※Area: Unspecified<br> ※Category: All<br><c d468a0> ※Rare harvests occur at<br>  random while harvesting.<c>"""
Explain_C0012#0,"""<yellow>Get 20 rare harvests!<c><br> ※Area: Unspecified<br> ※Category: All<br><c d468a0> ※Rare harvests occur at<br>  random while harvesting.<c>"""
Explain_C0013#0,"""<yellow>Get 30 rare harvests!<c><br> ※Area: Unspecified<br> ※Category: All<br><c d468a0> ※Rare harvests occur at<br>  random while harvesting.<c>"""
Explain_C0014#0,"""<yellow>Harvest 10 vegetables!<c><br> ※Area: Unspecified<br> ※Category: Vegetables<br><c 73d882> ※Raise odds of harvesting vegetables<br>  by eating Forest Tomato Salad.<c>"""
Explain_C0015#0,"""<yellow>Harvest 10 fruits!<c><br> ※Area: Unspecified<br> ※Category: Fruit<br><c 73d882> ※Raise odds of harvesting fruits<br>  by eating Grilled Coast Filefish.<c>"""
Explain_C0016#0,"""<yellow>Harvest 10 grains!<c><br> ※Area: Unspecified<br> ※Category: Grains<br><c 73d882> ※Raise odds of harvesting grains<br>  by eating Forest Tuna Carpaccio.<c>"""
Explain_C0017#0,"""<yellow>Harvest 10 minerals!<c><br> ※Area: Unspecified<br> ※Category: Minerals<br><c 73d882> ※Raise odds of harvesting minerals<br>  by eating Sashimi.<c>"""
Explain_C0018#0,"""<yellow>Harvest 100 times!<c><br> ※Area: Unspecified<br> ※Category: All"""
Explain_C0019#0,"""<yellow>Harvest 200 times!<c><br> ※Area: Unspecified<br> ※Category: All"""
Explain_C0020#0,"""<yellow>Harvest 300 times!<c><br> ※Area: Unspecified<br> ※Category: All"""
Explain_C0021#0,"""<yellow>Harvest 400 times!<c><br> ※Area: Unspecified<br> ※Category: All"""
Explain_C0022#0,"""<yellow>Harvest 500 times!<c><br> ※Area: Unspecified<br> ※Category: All"""
Explain_C0023#0,"""<yellow>Get 50 additional harvests!<c><br> ※Area: Unspecified<br> ※Category: All<br><c 73d882> ※Raise odds of additional harvests<br>  by eating Seafood Soup.<c>"""
Explain_C0024#0,"""<yellow>Get 75 additional harvests!<c><br> ※Area: Unspecified<br> ※Category: All<br><c 73d882> ※Raise odds of additional harvests<br>  by eating Seafood Soup.<c>"""
Explain_C0025#0,"""<yellow>Get 100 additional harvests!<c><br> ※Area: Unspecified<br> ※Category: All<br><c 73d882> ※Raise odds of additional harvests<br>  by eating Seafood Soup.<c>"""
Explain_C0026#0,"""<yellow>Get 125 additional harvests!<c><br> ※Area: Unspecified<br> ※Category: All<br><c 73d882> ※Raise odds of additional harvests<br>  by eating Seafood Soup.<c>"""
Explain_C0027#0,"""<yellow>Get 150 additional harvests!<c><br> ※Area: Unspecified<br> ※Category: All<br><c 73d882> ※Raise odds of additional harvests<br>  by eating Seafood Soup.<c>"""
Explain_C0028#0,"""<yellow>Get 50 rare harvests!<c><br> ※Area: Unspecified<br> ※Category: All<br><c d468a0> ※Rare harvests occur at<br>  random while harvesting.<c>"""
Explain_C0029#0,"""<yellow>Get 75 rare harvests!<c><br> ※Area: Unspecified<br> ※Category: All<br><c d468a0> ※Rare harvests occur at<br>  random while harvesting.<c>"""
Explain_C0030#0,"""<yellow>Get 100 rare harvests!<c><br> ※Area: Unspecified<br> ※Category: All<br><c d468a0> ※Rare harvests occur at<br>  random while harvesting.<c>"""
Explain_C0031#0,"""<yellow>Get 125 rare harvests!<c><br> ※Area: Unspecified<br> ※Category: All<br><c d468a0> ※Rare harvests occur at<br>  random while harvesting.<c>"""
Explain_C0032#0,"""<yellow>Get 150 rare harvests!<c><br> ※Area: Unspecified<br> ※Category: All<br><c d468a0> ※Rare harvests occur at<br>  random while harvesting.<c>"""
Explain_C0033#0,"""<yellow>Harvest 50 vegetables!<c><br> ※Area: Unspecified<br> ※Category: Vegetables<br><c 73d882> ※Raise odds of harvesting vegetables<br>  by eating Forest Tomato Salad.<c>"""
Explain_C0034#0,"""<yellow>Harvest 50 fruits!<c><br> ※Area: Unspecified<br> ※Category: Fruit<br><c 73d882> ※Raise odds of harvesting fruit<br>  by eating Grilled Coast Filefish.<c>"""
Explain_C0035#0,"""<yellow>Harvest 50 grains!<c><br> ※Area: Unspecified<br> ※Category: Grains<br><c 73d882> ※Raise odds of harvesting grain<br>  by eating Forest Tuna Carpaccio.<c>"""
Explain_C0036#0,"""<yellow>Harvest 50 minerals!<c><br> ※Area: Unspecified<br> ※Category: Minerals<br><c 73d882> ※Raise odds of harvesting minerals<br>  by eating Sashimi.<c>"""
Explain_C0037#0,"""<yellow>Harvest 10 gems!<c><br> ※Area: Unspecified<br> ※Category: Gem<br><c 73d882> ※Raise odds of harvesting gems<br>  by eating Quarry Shark Soup.<c>"""
Explain_C0038#0,"""<yellow>Harvest 10 times in the Forest!<c><br> ※Area: Forest<br> ※Category: Unspecified"""
Explain_C0039#0,"""<yellow>Harvest 20 times in the Forest!<c><br> ※Area: Forest<br> ※Category: Unspecified"""
Explain_C0040#0,"""<yellow>Harvest 30 times in the Forest!<c><br> ※Area: Forest<br> ※Category: Unspecified"""
Explain_C0041#0,"""<yellow>Harvest 3 Forest Tomato!<c><br> ※Area: Forest<br> ※Category: Vegetables<br><c 73d882> ※Raise odds of harvesting vegetables<br>  by eating Forest Tomato Salad.<c>"""
Explain_C0042#0,"""<yellow>Harvest 10 Forest Tomato!<c><br> ※Area: Forest<br> ※Category: Vegetables<br><c 73d882> ※Raise odds of harvesting vegetables<br>  by eating Forest Tomato Salad.<c>"""
Explain_C0043#0,"""<yellow>Harvest 3 Forest Rice!<c><br> ※Area: Forest<br> ※Category: Grains<br><c 73d882> ※Raise odds of harvesting grain<br>  by eating Forest Tuna Carpaccio.<c>"""
Explain_C0044#0,"""<yellow>Harvest 15 Forest Rice!<c><br> ※Area: Forest<br> ※Category: Grains<br><c 73d882> ※Raise odds of harvesting grain<br>  by eating Forest Tuna Carpaccio.<c>"""
Explain_C0045#0,"""<yellow>Harvest 3 Naberius Shroom!<c><br> ※Area: Forest<br> ※Category: Vegetables<br><c 73d882> ※Raise odds of harvesting vegetables<br>  by eating Forest Tomato Salad.<c>"""
Explain_C0046#0,"""<yellow>Harvest 3 Forest Emerald!<c><br> ※Area: Forest<br> ※Category: Gem<br><c 73d882> ※Raise odds of harvesting gems<br>  by eating Quarry Shark Soup.<c>"""
Explain_C0047#0,"""<yellow>Harvest 10 times in the Ruins!<c><br> ※Area: Ruins<br> ※Category: Unspecified"""
Explain_C0048#0,"""<yellow>Harvest 20 times in the Ruins!<c><br> ※Area: Ruins<br> ※Category: Unspecified"""
Explain_C0049#0,"""<yellow>Harvest 30 times in the Ruins!<c><br> ※Area: Ruins<br> ※Category: Unspecified"""
Explain_C0050#0,"""<yellow>Harvest 3 Ruins Grape!<c><br> ※Area: Ruins<br> ※Category: Fruit<br><c 73d882> ※Raise odds of harvesting fruit<br>  by eating Grilled Coast Filefish.<c>"""
Explain_C0051#0,"""<yellow>Harvest 15 Ruins Grape!<c><br> ※Area: Ruins<br> ※Category: Fruit<br><c 73d882> ※Raise odds of harvesting fruit<br>  by eating Grilled Coast Filefish.<c>"""
Explain_C0052#0,"""<yellow>Harvest 3 Ruins Onion!<c><br> ※Area: Ruins<br> ※Category: Vegetables<br><c 73d882> ※Raise odds of harvesting vegetables<br>  by eating Ruins Salmon in Fruit Sauce.<c>"""
Explain_C0053#0,"""<yellow>Harvest 15 Ruins Onion!<c><br> ※Area: Ruins<br> ※Category: Vegetables<br><c 73d882> ※Raise odds of harvesting vegetables<br>  by eating Ruins Salmon in Fruit Sauce.<c>"""
Explain_C0054#0,"""<yellow>Harvest 3 Naberius Shroom!<c><br> ※Area: Ruins<br> ※Category: Vegetables<br><c 73d882> ※Raise odds of harvesting vegetables<br>  by eating Ruins Salmon in Fruit Sauce.<c>"""
Explain_C0055#0,"""<yellow>Harvest 3 Ruins Amethyst!<c><br> ※Area: Ruins<br> ※Category: Gem<br><c 73d882> ※Raise odds of harvesting gems<br>  by eating Quarry Shark Soup.<c>"""
Explain_C0056#0,"""<yellow>Harvest 10 times in the Coast!<c><br> ※Area: Coast<br> ※Category: Unspecified"""
Explain_C0057#0,"""<yellow>Harvest 20 times in the Coast!<c><br> ※Area: Coast<br> ※Category: Unspecified"""
Explain_C0058#0,"""<yellow>Harvest 30 times in the Coast!<c><br> ※Area: Coast<br> ※Category: Unspecified"""
Explain_C0059#0,"""<yellow>Harvest 3 Coast Salt!<c><br> ※Area: Coast<br> ※Category: Minerals<br><c 73d882> ※Raise odds of harvesting minerals<br>  by eating Sashimi.<c>"""
Explain_C0060#0,"""<yellow>Harvest 15 Coast Salt!<c><br> ※Area: Coast<br> ※Category: Minerals<br><c 73d882> ※Raise odds of harvesting minerals<br>  by eating Sashimi.<c>"""
Explain_C0061#0,"""<yellow>Harvest 3 Coast Olive!<c><br> ※Area: Coast<br> ※Category: Fruit<br><c 73d882> ※Raise odds of harvesting fruit<br>  by eating Grilled Coast Filefish.<c>"""
Explain_C0062#0,"""<yellow>Harvest 15 Coast Olive!<c><br> ※Area: Coast<br> ※Category: Fruit<br><c 73d882> ※Raise odds of harvesting fruit<br>  by eating Grilled Coast Filefish.<c>"""
Explain_C0063#0,"""<yellow>Harvest 3 Wopal Shell!<c><br> ※Area: Coast<br> ※Category: Other<br><c 73d882> ※Raise odds of harvesting other materials<br>  by eating Tunnels Snail Salad.<c>"""
Explain_C0064#0,"""<yellow>Harvest 3 Coast Sapphire!<c><br> ※Area: Coast<br> ※Category: Gem<br><c 73d882> ※Raise odds of harvesting gems<br>  by eating Quarry Shark Soup.<c>"""
Explain_C0065#0,"""<yellow>Harvest 10 times in Tokyo!<c><br> ※Area: Tokyo<br> ※Category: Unspecified"""
Explain_C0066#0,"""<yellow>Harvest 20 times in Tokyo!<c><br> ※Area: Tokyo<br> ※Category: Unspecified"""
Explain_C0067#0,"""<yellow>Harvest 30 times in Tokyo!<c><br> ※Area: Tokyo<br> ※Category: Unspecified"""
Explain_C0068#0,"""<yellow>Harvest 3 Tokyo Soybean!<c><br> ※Area: Tokyo<br> ※Category: Grains<br><c 73d882> ※Raise odds of harvesting grain<br>  by eating Forest Tuna Carpaccio.<c>"""
Explain_C0069#0,"""<yellow>Harvest 15 Tokyo Soybean!<c><br> ※Area: Tokyo<br> ※Category: Grains<br><c 73d882> ※Raise odds of harvesting grain<br>  by eating Forest Tuna Carpaccio.<c>"""
Explain_C0070#0,"""<yellow>Harvest 3 Earth Rock!<c><br> ※Area: Tokyo<br> ※Category: Minerals<br><c 73d882> ※Raise odds of harvesting minerals<br>  by eating Tokyo Teriyaki Tai Fish.<c>"""
Explain_C0071#0,"""<yellow>Harvest 15 Earth Rock!<c><br> ※Area: Tokyo<br> ※Category: Minerals<br><c 73d882> ※Raise odds of harvesting minerals<br>  by eating Tokyo Teriyaki Tai Fish.<c>"""
Explain_C0072#0,"""<yellow>Harvest 3 Empty Bottle!<c><br> ※Area: Tokyo<br> ※Category: Other<br><c 73d882> ※Raise odds of harvesting other materials<br>  by eating Tunnels Snail Salad.<c>"""
Explain_C0073#0,"""<yellow>Harvest 3 Tokyo Opal!<c><br> ※Area: Tokyo<br> ※Category: Gem<br><c 73d882> ※Raise odds of harvesting gems<br>  by eating Quarry Shark Soup.<c>"""
Explain_C0074#0,"""<yellow>Harvest 10 times in the Desert!<c><br> ※Area: Desert<br> ※Category: All"""
Explain_C0075#0,"""<yellow>Harvest 20 times in the Desert!<c><br> ※Area: Desert<br> ※Category: All"""
Explain_C0076#0,"""<yellow>Harvest 30 times in the Desert!<c><br> ※Area: Desert<br> ※Category: All"""
Explain_C0077#0,"""<yellow>Harvest 3 Desert Pepper!<c><br> ※Area: Desert<br> ※Category: Vegetables<br><c 73d882> ※Raise odds of harvesting vegetables<br>  by eating Forest Tomato Salad.<c>"""
Explain_C0078#0,"""<yellow>Harvest 15 Desert Pepper!<c><br> ※Area: Desert<br> ※Category: Vegetables<br><c 73d882> ※Raise odds of harvesting vegetables<br>  by eating Forest Tomato Salad.<c>"""
Explain_C0079#0,"""<yellow>Harvest 3 Desert Mango!<c><br> ※Area: Desert<br> ※Category: Grains<br><c 73d882> ※Raise odds of harvesting grain<br>  by eating Desert Crab Croquette.<c>"""
Explain_C0080#0,"""<yellow>Harvest 15 Desert Mango!<c><br> ※Area: Desert<br> ※Category: Grains<br><c 73d882> ※Raise odds of harvesting grain<br>  by eating Desert Crab Croquette.<c>"""
Explain_C0081#0,"""<yellow>Harvest 3 Lillipa Vest!<c><br> ※Area: Desert<br> ※Category: Other<br><c 73d882> ※Raise odds of harvesting other materials<br>  by eating Tunnels Snail Salad.<c>"""
Explain_C0082#0,"""<yellow>Harvest 3 Desert Topaz!<c><br> ※Area: Desert<br> ※Category: Gems<br><c 73d882> ※Raise odds of harvesting gems<br>  by eating Quarry Eel Unadon.<c>"""
Explain_C0083#0,"""<yellow>Harvest 10 times in the Quarry!<c><br> ※Area: Quarry<br> ※Category: All"""
Explain_C0084#0,"""<yellow>Harvest 20 times in the Quarry!<c><br> ※Area: Quarry<br> ※Category: All"""
Explain_C0085#0,"""<yellow>Harvest 30 times in the Quarry!<c><br> ※Area: Quarry<br> ※Category: All"""
Explain_C0086#0,"""<yellow>Harvest 3 Quarry Potato!<c><br> ※Area: Quarry<br> ※Category: Vegetables<br><c 73d882> ※Raise odds of harvesting vegetables<br>  by eating Forest Tomato Salad.<c>"""
Explain_C0087#0,"""<yellow>Harvest 15 Quarry Potato!<c><br> ※Area: Quarry<br> ※Category: Vegetables<br><c 73d882> ※Raise odds of harvesting vegetables<br>  by eating Forest Tomato Salad.<c>"""
Explain_C0088#0,"""<yellow>Harvest 3 Quarry Pepper!<c><br> ※Area: Quarry<br> ※Category: Vegetables<br><c 73d882> ※Raise odds of harvesting vegetables<br>  by eating Forest Tomato Salad.<c>"""
Explain_C0089#0,"""<yellow>Harvest 15 Quarry Pepper!<c><br> ※Area: Quarry<br> ※Category: Vegetables<br><c 73d882> ※Raise odds of harvesting vegetables<br>  by eating Forest Tomato Salad.<c>"""
Explain_C0090#0,"""<yellow>Harvest 3 Lillipa Vest!<c><br> ※Area: Quarry<br> ※Category: Other<br><c 73d882> ※Raise odds of harvesting other materials<br>  by eating Tunnels Snail Salad.<c>"""
Explain_C0091#0,"""<yellow>Harvest 3 Quarry Lapis Lazuli!<c><br> ※Area: Quarry<br> ※Category: Gems<br><c 73d882> ※Raise odds of harvesting gems<br>  by eating Quarry Eel Unadon.<c>"""
Explain_C0092#0,"""<yellow>Harvest 10 times in the Facility!<c><br> ※Area: Facility<br> ※Category: Unspecified"""
Explain_C0093#0,"""<yellow>Harvest 20 times in the Facility!<c><br> ※Area: Facility<br> ※Category: Unspecified"""
Explain_C0094#0,"""<yellow>Harvest 30 times in the Facility!<c><br> ※Area: Facility<br> ※Category: Unspecified"""
Explain_C0095#0,"""<yellow>Harvest 3 Facility Mint!<c><br> ※Area: Facility<br> ※Category: Vegetables<br><c 73d882> ※Raise odds of harvesting vegetables<br>  by eating Forest Tomato Salad.<c>"""
Explain_C0096#0,"""<yellow>Harvest 15 Facility Mint!<c><br> ※Area: Facility<br> ※Category: Vegetables<br><c 73d882> ※Raise odds of harvesting vegetables<br>  by eating Forest Tomato Salad.<c>"""
Explain_C0097#0,"""<yellow>Harvest 3 Facility Turnip!<c><br> ※Area: Facility<br> ※Category: Vegetables<br><c 73d882> ※Raise odds of harvesting vegetables<br>  by eating Forest Tomato Salad.<c>"""
Explain_C0098#0,"""<yellow>Harvest 15 Facility Turnip!<c><br> ※Area: Facility<br> ※Category: Vegetables<br><c 73d882> ※Raise odds of harvesting vegetables<br>  by eating Forest Tomato Salad.<c>"""
Explain_C0099#0,"""<yellow>Harvest 3 Wopal Shell!<c><br> ※Area: Facility<br> ※Category: Other<br><c 73d882> ※Raise odds of harvesting other materials<br>  by eating Tunnels Snail Salad.<c>"""
Explain_C0100#0,"""<yellow>Harvest 3 Facility Tourmaline!<c><br> ※Area: Facility<br> ※Category: Gems<br><c 73d882> ※Raise odds of harvesting gems<br>  by eating Quarry Eel Unadon.<c>"""
Explain_C0101#0,"""<yellow>Harvest 10 times in Las Vegas!<c><br> ※Area: Las Vegas<br> ※Category: Unspecified"""
Explain_C0102#0,"""<yellow>Harvest 20 times in Las Vegas!<c><br> ※Area: Las Vegas<br> ※Category: Unspecified"""
Explain_C0103#0,"""<yellow>Harvest 30 times in Las Vegas!<c><br> ※Area: Las Vegas<br> ※Category: Unspecified"""
Explain_C0104#0,"""<yellow>Harvest 3 Vegas Lettuce!<c><br> ※Area: Las Vegas<br> ※Category: Vegetables<br><c 73d882> ※Raise odds of harvesting vegetables<br>  by eating Forest Tomato Salad.<c>"""
Explain_C0105#0,"""<yellow>Harvest 15 Vegas Lettuce!<c><br> ※Area: Las Vegas<br> ※Category: Vegetables<br><c 73d882> ※Raise odds of harvesting vegetables<br>  by eating Forest Tomato Salad.<c>"""
Explain_C0106#0,"""<yellow>Harvest 3 Vegas Corn!<c><br> ※Area: Las Vegas<br> ※Category: Grains<br><c 73d882> ※Raise odds of harvesting grains<br>  by eating Forest Tuna Carpaccio.<c>"""
Explain_C0107#0,"""<yellow>Harvest 15 Vegas Corn!<c><br> ※Area: Las Vegas<br> ※Category: Grains<br><c 73d882> ※Raise odds of harvesting grains<br>  by eating Forest Tuna Carpaccio.<c>"""
Explain_C0108#0,"""<yellow>Harvest 3 Empty Bottle!<c><br> ※Area: Las Vegas<br> ※Category: Other<br><c 73d882> ※Raise odds of harvesting other materials<br>  by eating Tunnels Snail Salad.<c>"""
Explain_C0109#0,"""<yellow>Harvest 3 Las Vegas Diamond!<c><br> ※Area: Las Vegas<br> ※Category: Gems<br><c 73d882> ※Raise odds of harvesting gems<br>  by eating Quarry Eel Unadon.<c>"""
Explain_C0110#0,"""<yellow>Harvest 10 times in the Caves!<c><br> ※Area: Caves<br> ※Category: All"""
Explain_C0111#0,"""<yellow>Harvest 20 times in the Caves!<c><br> ※Area: Caves<br> ※Category: All"""
Explain_C0112#0,"""<yellow>Harvest 30 times in the Caves!<c><br> ※Area: Caves<br> ※Category: All"""
Explain_C0113#0,"""<yellow>Harvest 3 Caves Pumpkin!<c><br> ※Area: Caves<br> ※Category: Vegetables<br><c 73d882> ※Raise odds of harvesting vegetables<br>  by eating Forest Tomato Salad.<c>"""
Explain_C0114#0,"""<yellow>Harvest 15 Caves Pumpkin!<c><br> ※Area: Caves<br> ※Category: Vegetables<br><c 73d882> ※Raise odds of harvesting vegetables<br>  by eating Forest Tomato Salad.<c>"""
Explain_C0115#0,"""<yellow>Harvest 3 Caves Pine!<c><br> ※Area: Caves<br> ※Category: Fruits<br><c 73d882> ※Raise odds of harvesting fruits<br>  by eating Desert Crab Croquette.<c>"""
Explain_C0116#0,"""<yellow>Harvest 15 Caves Pine!<c><br> ※Area: Caves<br> ※Category: Fruits<br><c 73d882> ※Raise odds of harvesting fruits<br>  by eating Desert Crab Croquette.<c>"""
Explain_C0117#0,"""<yellow>Harvest 3 Amduscia Dragon Scale!<c><br> ※Area: Caves<br> ※Category: Other<br><c 73d882> ※Raise odds of harvesting other materials<br>  by eating Tunnels Snail Salad.<c>"""
Explain_C0118#0,"""<yellow>Harvest 3 Caves Garnet!<c><br> ※Area: Caves<br> ※Category: Gems<br><c 73d882> ※Raise odds of harvesting gems<br>  by eating Quarry Eel Unadon.<c>"""
Explain_C0119#0,"""<yellow>Harvest 10 times in the Tundra!<c><br> ※Area: Tundra<br> ※Category: All"""
Explain_C0120#0,"""<yellow>Harvest 20 times in the Tundra!<c><br> ※Area: Tundra<br> ※Category: All"""
Explain_C0121#0,"""<yellow>Harvest 30 times in the Tundra!<c><br> ※Area: Tundra<br> ※Category: All"""
Explain_C0122#0,"""<yellow>Harvest 3 Tundra Green Onion!<c><br> ※Area: Tundra<br> ※Category: Vegetables<br><c 73d882> ※Raise odds of harvesting vegetables<br>  by eating Forest Tomato Salad.<c>"""
Explain_C0123#0,"""<yellow>Harvest 15 Tundra Green Onion!<c><br> ※Area: Tundra<br> ※Category: Vegetables<br><c 73d882> ※Raise odds of harvesting vegetables<br>  by eating Forest Tomato Salad.<c>"""
Explain_C0124#0,"""<yellow>Harvest 3 Tundra Green Apple!<c><br> ※Area: Tundra<br> ※Category: Fruits<br><c 73d882> ※Raise odds of harvesting fruits<br>  by eating Desert Crab Croquette.<c>"""
Explain_C0125#0,"""<yellow>Harvest 15 Tundra Green Apple!<c><br> ※Area: Tundra<br> ※Category: Fruits<br><c 73d882> ※Raise odds of harvesting fruits<br>  by eating Desert Crab Croquette.<c>"""
Explain_C0126#0,"""<yellow>Harvest 3 Naberius Shroom!<c><br> ※Area: Tundra<br> ※Category: Vegetables<br><c 73d882> ※Raise odds of harvesting vegetables<br>  by eating Forest Tomato Salad.<c>"""
Explain_C0127#0,"""<yellow>Harvest 3 Tundra Amber!<c><br> ※Area: Tundra<br> ※Category: Gems<br><c 73d882> ※Raise odds of harvesting gems<br>  by eating Quarry Eel Unadon.<c>"""
Explain_C0128#0,"""<yellow>Harvest 10 times in Tunnels!<c><br> ※Area: Tunnels<br> ※Category: All"""
Explain_C0129#0,"""<yellow>Harvest 20 times in Tunnels!<c><br> ※Area: Tunnels<br> ※Category: All"""
Explain_C0130#0,"""<yellow>Harvest 30 times in Tunnels!<c><br> ※Area: Tunnels<br> ※Category: All"""
Explain_C0131#0,"""<yellow>Harvest 3 Tunnels Mushroom!<c><br> ※Area: Tunnels<br> ※Category: Vegetables<br><c 73d882> ※Raise odds of harvesting Vegetables<br>  by eating Grilled Tunnels Mantis Shrimp.<c>"""
Explain_C0132#0,"""<yellow>Harvest 15 Tunnels Mushroom!<c><br> ※Area: Tunnels<br> ※Category: Vegetables<br><c 73d882> ※Raise odds of harvesting Vegetables<br>  by eating Grilled Tunnels Mantis Shrimp.<c>"""
Explain_C0133#0,"""<yellow>Harvest 3 Tunnels Ginger!<c><br> ※Area: Tunnels<br> ※Category: Vegetables<br><c 73d882> ※Raise odds of harvesting Vegetables<br>  by eating Grilled Tunnels Mantis Shrimp.<c>"""
Explain_C0134#0,"""<yellow>Harvest 15 Tunnels Ginger!<c><br> ※Area: Tunnels<br> ※Category: Vegetables<br><c 73d882> ※Raise odds of harvesting Vegetables<br>  by eating Grilled Tunnels Mantis Shrimp.<c>"""
Explain_C0135#0,"""<yellow>Harvest 3 Lillipa Vest!<c><br> ※Area: Tunnels<br> ※Category: Other<br><c 73d882> ※Raise odds of harvesting other objects<br>  by eating Tunnels Snail Salad.<c>"""
Explain_C0136#0,"""<yellow>Harvest 3 Tunnels Peridot!<c><br> ※Area: Tunnels<br> ※Category: Gems<br><c 73d882> ※Raise odds of harvesting Gems<br>  by eating Quarry Eel Unadon.<c>"""
Explain_C0137#0,"""<yellow>Harvest 10 times in Shironia!<c><br> ※Area: Shironia<br> ※Category: All"""
Explain_C0138#0,"""<yellow>Harvest 20 times in Shironia!<c><br> ※Area: Shironia<br> ※Category: All"""
Explain_C0139#0,"""<yellow>Harvest 30 times in Shironia!<c><br> ※Area: Shironia<br> ※Category: All"""
Explain_C0140#0,"""<yellow>Harvest 3 Shironia Bean Sprout!<c><br> ※Area: Shironia<br> ※Category: Vegetables<br><c 73d882> ※Raise odds of harvesting Vegetables<br>  by eating Grilled Tunnels Mantis Shrimp.<c>"""
Explain_C0141#0,"""<yellow>Harvest 15 Shironia Bean Sprout!<c><br> ※Area: Shironia<br> ※Category: Vegetables<br><c 73d882> ※Raise odds of harvesting Vegetables<br>  by eating Grilled Tunnels Mantis Shrimp.<c>"""
Explain_C0142#0,"""<yellow>Harvest 3 Shironia Eggplant!<c><br> ※Area: Shironia<br> ※Category: Vegetables<br><c 73d882> ※Raise odds of harvesting Vegetables<br>  by eating Grilled Tunnels Mantis Shrimp.<c>"""
Explain_C0143#0,"""<yellow>Harvest 15 Shironia Eggplant!<c><br> ※Area: Shironia<br> ※Category: Vegetables<br><c 73d882> ※Raise odds of harvesting Vegetables<br>  by eating Grilled Tunnels Mantis Shrimp.<c>"""
Explain_C0144#0,"""<yellow>Harvest 3 Harkotan Fragments!<c><br> ※Area: Shironia<br> ※Category: Other<br><c 73d882> ※Raise odds of harvesting other objects<br>  by eating Tunnels Snail Salad.<c>"""
Explain_C0145#0,"""<yellow>Harvest 3 Shironia Moonstones!<c><br> ※Area: Shironia<br> ※Category: Gems<br><c 73d882> ※Raise odds of harvesting Gems<br>  by eating Quarry Eel Unadon.<c>"""
Explain_C0146#0,"""<yellow>Harvest 10 times in the Skyscape!<c><br> ※Area: Skyscape<br> ※Category: All"""
Explain_C0147#0,"""<yellow>Harvest 20 times in the Skyscape!<c><br> ※Area: Skyscape<br> ※Category: All"""
Explain_C0148#0,"""<yellow>Harvest 30 times in the Skyscape!<c><br> ※Area: Skyscape<br> ※Category: All"""
Explain_C0149#0,"""<yellow>Harvest 3 Skyscape Bean!<c><br> ※Area: Skyscape<br> ※Category: Vegetable<br><c 73d882> ※Raise odds of harvesting vegetables<br>  by eating Grilled Tunnels Mantis Shrimp.<c>"""
Explain_C0150#0,"""<yellow>Harvest 15 Skyscape Bean!<c><br> ※Area: Skyscape<br> ※Category: Vegetables<br><c 73d882> ※Raise odds of harvesting vegetables<br>  by eating Grilled Tunnels Mantis Shrimp.<c>"""
Explain_C0151#0,"""<yellow>Harvest 3 Skyscape Chestnut!<c><br> ※Area: Skyscape<br> ※Category: Fruit<br><c 73d882> ※Raise odds of harvesting fruits<br>  by eating Seabed Octopus Fritter.<c>"""
Explain_C0152#0,"""<yellow>Harvest 15 Skyscape Chestnut!<c><br> ※Area: Skyscape<br> ※Category: Fruit<br><c 73d882> ※Raise odds of harvesting fruits<br>  by eating Seabed Octopus Fritter.<c>"""
Explain_C0153#0,"""<yellow>Harvest 3 Amduscia Dragon Scale!<c><br> ※Area: Skyscape<br> ※Category: Other<br><c 73d882> ※Raise odds of harvesting other objects<br>  by eating Tunnels Snail Salad.<c>"""
Explain_C0154#0,"""<yellow>Harvest 3 Skyscape Fluorite!<c><br> ※Area: Skyscape<br> ※Category: Gem<br><c 73d882> ※Raise odds of harvesting gems<br>  by eating Broiled Quarry Eel.<c>"""
Explain_C0155#0,"""<yellow>Harvest 10 times in the Seabed!<c><br> ※Area: Seabed<br> ※Category: All"""
Explain_C0156#0,"""<yellow>Harvest 20 times in the Seabed!<c><br> ※Area: Seabed<br> ※Category: All"""
Explain_C0157#0,"""<yellow>Harvest 30 times in the Seabed!<c><br> ※Area: Seabed<br> ※Category: All"""
Explain_C0158#0,"""<yellow>Harvest 3 Seabed Shallot!<c><br> ※Area: Seabed<br> ※Category: Vegetable<br><c 73d882> ※Raise odds of harvesting vegetables<br>  by eating Grilled Tunnels Mantis Shrimp.<c>"""
Explain_C0159#0,"""<yellow>Harvest 15 Seabed Shallot!<c><br> ※Area: Seabed<br> ※Category: Vegetable<br><c 73d882> ※Raise odds of harvesting vegetables<br>  by eating Grilled Tunnels Mantis Shrimp.<c>"""
Explain_C0160#0,"""<yellow>Harvest 3 Seabed Lemon!<c><br> ※Area: Seabed<br> ※Category: Fruit<br><c 73d882> ※Raise odds of harvesting fruits<br>  by eating Seabed Octopus Fritter.<c>"""
Explain_C0161#0,"""<yellow>Harvest 15 Seabed Lemon!<c><br> ※Area: Seabed<br> ※Category: Fruit<br><c 73d882> ※Raise odds of harvesting fruits<br>  by eating Seabed Octopus Fritter.<c>"""
Explain_C0162#0,"""<yellow>Harvest 3 Wopal Shell!<c><br> ※Area: Seabed<br> ※Category: Other<br><c 73d882> ※Raise odds of harvesting other objects<br>  by eating Tunnels Snail Salad.<c>"""
Explain_C0163#0,"""<yellow>Harvest 3 Seabed Tanzanite!<c><br> ※Area: Seabed<br> ※Category: Gem<br><c 73d882> ※Raise odds of harvesting gems<br>  by eating Broiled Quarry Eel.<c>"""
Explain_C0164#0,"""<yellow>Harvest 10 times in the Sanctum!<c><br> ※Area: Sanctum<br> ※Category: Unspecified"""
Explain_C0165#0,"""<yellow>Harvest 20 times in the Sanctum!<c><br> ※Area: Sanctum<br> ※Category: Unspecified"""
Explain_C0166#0,"""<yellow>Harvest 30 times in the Sanctum!<c><br> ※Area: Sanctum<br> ※Category: Unspecified"""
Explain_C0167#0,"""<yellow>Harvest 3 Sanctum Radish!<c><br> ※Area: Sanctum<br> ※Category: Vegetable<br><c 73d882> ※Raise odds of harvesting vegetables<br>  by eating Grilled Tunnels Mantis Shrimp.<c>"""
Explain_C0168#0,"""<yellow>Harvest 15 Sanctum Radish!<c><br> ※Area: Sanctum<br> ※Category: Vegetable<br><c 73d882> ※Raise odds of harvesting vegetables<br>  by eating Grilled Tunnels Mantis Shrimp.<c>"""
Explain_C0169#0,"""<yellow>Harvest 3 Sanctum Spinach!<c><br> ※Area: Sanctum<br> ※Category: Vegetable<br><c 73d882> ※Raise odds of harvesting vegetables<br>  by eating Grilled Tunnels Mantis Shrimp.<c>"""
Explain_C0170#0,"""<yellow>Harvest 15 Sanctum Spinach!<c><br> ※Area: Sanctum<br> ※Category: Vegetable<br><c 73d882> ※Raise odds of harvesting vegetables<br>  by eating Grilled Tunnels Mantis Shrimp.<c>"""
Explain_C0171#0,"""<yellow>Harvest 3 Amduscia Dragon Scale!<c><br> ※Area: Sanctum<br> ※Category: Other<br><c 73d882> ※Raise odds of harvesting other materials<br>  by eating Tunnels Snail Salad.<c>"""
Explain_C0172#0,"""<yellow>Harvest 3 Sanctum Zircon!<c><br> ※Area: Sanctum<br> ※Category: Gem<br><c 73d882> ※Raise odds of harvesting gems<br>  by eating Broiled Quarry Eel.<c>"""
Explain_C0173#0,"""<yellow>Harvest 10 times in Kuron!<c><br> ※Area: Kuron<br> ※Category: Unspecified"""
Explain_C0174#0,"""<yellow>Harvest 20 times in Kuron!<c><br> ※Area: Kuron<br> ※Category: Unspecified"""
Explain_C0175#0,"""<yellow>Harvest 30 times in Kuron!<c><br> ※Area: Kuron<br> ※Category: Unspecified"""
Explain_C0176#0,"""<yellow>Harvest 3 Kuron Lotus Root!<c><br> ※Area: Kuron<br> ※Category: Vegetable<br><c 73d882> ※Raise odds of harvesting vegetables<br>  by eating Grilled Tunnels Mantis Shrimp.<c>"""
Explain_C0177#0,"""<yellow>Harvest 15 Kuron Lotus Root!<c><br> ※Area: Kuron<br> ※Category: Vegetable<br><c 73d882> ※Raise odds of harvesting vegetables<br>  by eating Grilled Tunnels Mantis Shrimp.<c>"""
Explain_C0178#0,"""<yellow>Harvest 3 Kuron Burdock!<c><br> ※Area: Kuron<br> ※Category: Vegetable<br><c 73d882> ※Raise odds of harvesting vegetables<br>  by eating Grilled Tunnels Mantis Shrimp.<c>"""
Explain_C0179#0,"""<yellow>Harvest 15 Kuron Burdock!<c><br> ※Area: Kuron<br> ※Category: Vegetable<br><c 73d882> ※Raise odds of harvesting vegetables<br>  by eating Grilled Tunnels Mantis Shrimp.<c>"""
Explain_C0180#0,"""<yellow>Harvest 3 Harkotan Fragments!<c><br> ※Area: Kuron<br> ※Category: Other<br><c 73d882> ※Raise odds of harvesting other materials<br>  by eating Tunnels Snail Salad.<c>"""
Explain_C0181#0,"""<yellow>Harvest 3 Kuron Hematite!<c><br> ※Area: Kuron<br> ※Category: Gem<br><c 73d882> ※Raise odds of harvesting gems<br>  by eating Broiled Quarry Eel.<c>"""
SheetName_C0000#0,"""Hawvesting 1"""
SheetName_C0001#0,"""Hawvesting 2"""
SheetName_C0002#0,"""Fowest Hawvest 1"""
SheetName_C0003#0,"""Wuins Hawvest 1"""
SheetName_C0004#0,"""Coast Hawvest 1"""
SheetName_C0005#0,"""Tokyo Hawvest 1"""
SheetName_C0006#0,"""Desewt Hawvest 1"""
SheetName_C0007#0,"""Quawwy Hawvest 1"""
SheetName_C0008#0,"""Faciwity Hawvest 1"""
SheetName_C0009#0,"""Was Vegas Hawvest 1"""
SheetName_C0010#0,"""V. Caves Hawvest 1"""
SheetName_C0011#0,"""Tundwa Hawvest 1"""
SheetName_C0012#0,"""Tunnews Hawvest 1"""
SheetName_C0013#0,"""Shiwonia Hawvest 1"""
SheetName_C0014#0,"""Skyscape Hawvest 1"""
SheetName_C0015#0,"""Seabed Hawvest 1"""
SheetName_C0016#0,"""Sanctum Hawvest 1"""
SheetName_C0017#0,"""Kuwon Hawvest 1"""
Name_F0000#0,"""Fishing 1"""
Name_F0001#0,"""Fishing 2"""
Name_F0002#0,"""Fishing 3"""
Name_F0003#0,"""Fishing 4"""
Name_F0004#0,"""Fishing 5"""
Name_F0005#0,"""Fishing 6"""
Name_F0006#0,"""Additionaw Fishing 1"""
Name_F0007#0,"""Additionaw Fishing 2"""
Name_F0008#0,"""Additionaw Fishing 3"""
Name_F0009#0,"""Additionaw Fishing 4"""
Name_F0010#0,"""Wawe Fishing 1"""
Name_F0011#0,"""Wawe Fishing 2"""
Name_F0012#0,"""Wawe Fishing 3"""
Name_F0013#0,"""Wawe Fishing 4"""
Name_F0014#0,"""Fish Fishing 1"""
Name_F0015#0,"""Smaww Fishing 1"""
Name_F0016#0,"""Medium Fishing 1"""
Name_F0017#0,"""Big Fishing 1"""
Name_F0018#0,"""Fishing 7"""
Name_F0019#0,"""Fishing 8"""
Name_F0020#0,"""Fishing 9"""
Name_F0021#0,"""Fishing 10"""
Name_F0022#0,"""Fishing 11"""
Name_F0023#0,"""Additionaw Fishing 5"""
Name_F0024#0,"""Additionaw Fishing 6"""
Name_F0025#0,"""Additionaw Fishing 7"""
Name_F0026#0,"""Additionaw Fishing 8"""
Name_F0027#0,"""Additionaw Fishing 9"""
Name_F0028#0,"""Wawe Fishing 5"""
Name_F0029#0,"""Wawe Fishing 6"""
Name_F0030#0,"""Wawe Fishing 7"""
Name_F0031#0,"""Wawe Fishing 8"""
Name_F0032#0,"""Wawe Fishing 9"""
Name_F0033#0,"""Fish Fishing 2"""
Name_F0034#0,"""Shewwfish Fishing 1"""
Name_F0035#0,"""Cwustacean Fishing 1"""
Name_F0036#0,"""Othew Fishing 1"""
Name_F0037#0,"""Speciaw Fishing 1"""
Name_F0038#0,"""Fowest Fishing 1"""
Name_F0039#0,"""Fowest Fishing 2"""
Name_F0040#0,"""Fowest Fishing 3"""
Name_F0041#0,"""Fowest Sweetfish Fishing 1"""
Name_F0042#0,"""Fowest Sweetfish Fishing 2"""
Name_F0043#0,"""Fowest Tuna Fishing 1"""
Name_F0044#0,"""Fowest Tuna Fishing 2"""
Name_F0045#0,"""Nabewius Tuwtwe Fishing 1"""
Name_F0046#0,"""Medium Fowest Yewwowtaiw Fishing 1"""
Name_F0047#0,"""Wuins Fishing 1"""
Name_F0048#0,"""Wuins Fishing 2"""
Name_F0049#0,"""Wuins Fishing 3"""
Name_F0050#0,"""Wuins Shwimp Fishing 1"""
Name_F0051#0,"""Wuins Shwimp Fishing 2"""
Name_F0052#0,"""Wuins Awfonsino Fishing 1"""
Name_F0053#0,"""Wuins Awfonsino Fishing 2"""
Name_F0054#0,"""Nabewius Tuwtwe Fishing 1"""
Name_F0055#0,"""Wawge Wuins Sawmon Fishing 1"""
Name_F0056#0,"""Coast Fishing 1"""
Name_F0057#0,"""Coast Fishing 2"""
Name_F0058#0,"""Coast Fishing 3"""
Name_F0059#0,"""Coast Cwam Fishing 1"""
Name_F0060#0,"""Coast Cwam Fishing 2"""
Name_F0061#0,"""Coast Mussew Fishing 1"""
Name_F0062#0,"""Coast Mussew Fishing 2"""
Name_F0063#0,"""Wopaw Shawk Fishing 1"""
Name_F0064#0,"""Wawge Coast Fiwefish Fishing 1"""
Name_F0065#0,"""Tokyo Fishing 1"""
Name_F0066#0,"""Tokyo Fishing 2"""
Name_F0067#0,"""Tokyo Fishing 3"""
Name_F0068#0,"""Tokyo Tuna Fishing 1"""
Name_F0069#0,"""Tokyo Tuna Fishing 2"""
Name_F0070#0,"""Tokyo Shwimp Fishing 1"""
Name_F0071#0,"""Tokyo Shwimp Fishing 2"""
Name_F0072#0,"""Eawth Sheww Fishing 1"""
Name_F0073#0,"""Medium Tokyo Madai Fishing 1"""
Name_F0074#0,"""Desewt Fishing 1"""
Name_F0075#0,"""Desewt Fishing 2"""
Name_F0076#0,"""Desewt Fishing 3"""
Name_F0077#0,"""Desewt Fwoundew Fishing 1"""
Name_F0078#0,"""Desewt Fwoundew Fishing 2"""
Name_F0079#0,"""Desewt Cwab Fishing 1"""
Name_F0080#0,"""Desewt Cwab Fishing 2"""
Name_F0081#0,"""Wiwwipa Sheww Fishing 1"""
Name_F0082#0,"""Medium Desewt Eagwe Way Fishing 1"""
Name_F0083#0,"""Quawwy Fishing 1"""
Name_F0084#0,"""Quawwy Fishing 2"""
Name_F0085#0,"""Quawwy Fishing 3"""
Name_F0086#0,"""Quawwy Cutwass Fishing 1"""
Name_F0087#0,"""Quawwy Cutwass Fishing 2"""
Name_F0088#0,"""Quawwy Eew Fishing 1"""
Name_F0089#0,"""Quawwy Eew Fishing 2"""
Name_F0090#0,"""Wiwwipa Sheww Fishing 1"""
Name_F0091#0,"""Wawge Quawwy Shawk Fishing 1"""
Name_F0092#0,"""Faciwity Fishing 1"""
Name_F0093#0,"""Faciwity Fishing 2"""
Name_F0094#0,"""Faciwity Fishing 3"""
Name_F0095#0,"""Faciwity Squid Fishing 1"""
Name_F0096#0,"""Faciwity Squid Fishing 2"""
Name_F0097#0,"""Faciwity Sawdine Fishing 1"""
Name_F0098#0,"""Faciwity Sawdine Fishing 2"""
Name_F0099#0,"""Wopaw Shawk Fishing 1"""
Name_F0100#0,"""Smaww Faciwity Mantis Shwimp Fishing 1"""
Name_F0101#0,"""Was Vegas Fishing 1"""
Name_F0102#0,"""Was Vegas Fishing 2"""
Name_F0103#0,"""Was Vegas Fishing 3"""
Name_F0104#0,"""Was Vegas Wobstew Fishing 1"""
Name_F0105#0,"""Was Vegas Wobstew Fishing 2"""
Name_F0106#0,"""Was Vegas Stwiped Bass Fishing 1"""
Name_F0107#0,"""Was Vegas Stwiped Bass Fishing 2"""
Name_F0108#0,"""Eawth Sheww Fishing 1"""
Name_F0109#0,"""Medium Was Vegas Bass Fishing 1"""
Name_F0110#0,"""V. Cavewn Fishing 1"""
Name_F0111#0,"""V. Cavewn Fishing 2"""
Name_F0112#0,"""V. Cavewn Fishing 3"""
Name_F0113#0,"""V. Cavewn Mussew Fishing 1"""
Name_F0114#0,"""V. Cavewn Mussew Fishing 2"""
Name_F0115#0,"""V. Cavewn Shwimp Fishing 1"""
Name_F0116#0,"""V. Cavewn Shwimp Fishing 2"""
Name_F0117#0,"""Amduscia Cowaw Fishing 1"""
Name_F0118#0,"""Medium V. Cavewn Awowana Fishing 1"""
Name_F0119#0,"""Tundwa Fishing 1"""
Name_F0120#0,"""Tundwa Fishing 2"""
Name_F0121#0,"""Tundwa Fishing 3"""
Name_F0122#0,"""Tundwa Hewwing Fishing 1"""
Name_F0123#0,"""Tundwa Hewwing Fishing 2"""
Name_F0124#0,"""Tundwa Smewt Fishing 1"""
Name_F0125#0,"""Tundwa Smewt Fishing 2"""
Name_F0126#0,"""Nabewius Tuwtwe Fishing 1"""
Name_F0127#0,"""Wawge Tundwa Bonito Fishing 1"""
Name_F0128#0,"""Tunnews Fishing 1"""
Name_F0129#0,"""Tunnews Fishing 2"""
Name_F0130#0,"""Tunnews Fishing 3"""
Name_F0131#0,"""Tunnews Mantis Shwimp Fishing 1"""
Name_F0132#0,"""Tunnews Mantis Shwimp Fishing 2"""
Name_F0133#0,"""Tunnews Snaiw Fishing 1"""
Name_F0134#0,"""Tunnews Snaiw Fishing 2"""
Name_F0135#0,"""Wiwwipa Sheww Fishing 1"""
Name_F0136#0,"""Medium Tunnews Chawacin Fishing 1"""
Name_F0137#0,"""Shiwonia Fishing 1"""
Name_F0138#0,"""Shiwonia Fishing 2"""
Name_F0139#0,"""Shiwonia Fishing 3"""
Name_F0140#0,"""Shiwonia Cawp Fishing 1"""
Name_F0141#0,"""Shiwonia Cawp Fishing 2"""
Name_F0142#0,"""Shiwonia Spidew Cwab Fishing 1"""
Name_F0143#0,"""Shiwonia Spidew Cwab Fishing 2"""
Name_F0144#0,"""Wittwe Zakuwi Fishing 1"""
Name_F0145#0,"""Medium Shiwonia Mussew Fishing 1"""
Name_F0146#0,"""Skyscape Fishing 1"""
Name_F0147#0,"""Skyscape Fishing 2"""
Name_F0148#0,"""Skyscape Fishing 3"""
Name_F0149#0,"""Skyscape Kewp Fishing 1"""
Name_F0150#0,"""Skyscape Kewp Fishing 2"""
Name_F0151#0,"""Skyscape Tuna Fishing 1"""
Name_F0152#0,"""Skyscape Tuna Fishing 2"""
Name_F0153#0,"""Amduscia Cowaw Fishing 1"""
Name_F0154#0,"""Medium Skyscape Bwowfish Fishing 1"""
Name_F0155#0,"""Seabed Fishing 1"""
Name_F0156#0,"""Seabed Fishing 2"""
Name_F0157#0,"""Seabed Fishing 3"""
Name_F0158#0,"""Seabed Oystew Fishing 1"""
Name_F0159#0,"""Seabed Oystew Fishing 2"""
Name_F0160#0,"""Seabed Octopus Fishing 1"""
Name_F0161#0,"""Seabed Octopus Fishing 2"""
Name_F0162#0,"""Wopaw Shawk Fishing 1"""
Name_F0163#0,"""Medium Seabed Goosefish Fishing 1"""
Name_F0164#0,"""Sanctum Fishing 1"""
Name_F0165#0,"""Sanctum Fishing 2"""
Name_F0166#0,"""Sanctum Fishing 3"""
Name_F0167#0,"""Sanctum Fiddwew Cwab Fishing 1"""
Name_F0168#0,"""Sanctum Fiddwew Cwab Fishing 2"""
Name_F0169#0,"""Sanctum Snakehead Fishing 1"""
Name_F0170#0,"""Sanctum Snakehead Fishing 2"""
Name_F0171#0,"""Amduscia Cowaw Fishing 1"""
Name_F0172#0,"""Wawge Sanctum Mawwin Fishing 1"""
Name_F0173#0,"""Kuwon Fishing 1"""
Name_F0174#0,"""Kuwon Fishing 2"""
Name_F0175#0,"""Kuwon Fishing 3"""
Name_F0176#0,"""Kuwon Squid Fishing 1"""
Name_F0177#0,"""Kuwon Squid Fishing 2"""
Name_F0178#0,"""Kuwon Needwefish Fishing 1"""
Name_F0179#0,"""Kuwon Needwefish Fishing 2"""
Name_F0180#0,"""Wittwe Zakuwi Fishing 1"""
Name_F0181#0,"""Smaww Kuwon Abawone Fishing 1"""
Explain_F0000#0,"""<yellow>Go fishing once!<c><br> ※Area: Unspecified<br> ※Category: All"""
Explain_F0001#0,"""<yellow>Go fishing 8 times!<c><br> ※Area: Unspecified<br> ※Category: All"""
Explain_F0002#0,"""<yellow>Go fishing 20 times!<c><br> ※Area: Unspecified<br> ※Category: All"""
Explain_F0003#0,"""<yellow>Go fishing 30 times!<c><br> ※Area: Unspecified<br> ※Category: All"""
Explain_F0004#0,"""<yellow>Go fishing 40 times!<c><br> ※Area: Unspecified<br> ※Category: All"""
Explain_F0005#0,"""<yellow>Go fishing 50 times!<c><br> ※Area: Unspecified<br> ※Category: All"""
Explain_F0006#0,"""<yellow>Catch 5 additional fish!<c><br> ※Area: Unspecified<br> ※Category: All<br><c 73d882> ※Raise odds of additional fishing<br>  by eating Forest Yellowtail Broth.<c>"""
Explain_F0007#0,"""<yellow>Catch 10 additional fish!<c><br> ※Area: Unspecified<br> ※Category: All<br><c 73d882> ※Raise odds of additional fishing<br>  by eating Forest Yellowtail Broth.<c>"""
Explain_F0008#0,"""<yellow>Catch 20 additional fish!<c><br> ※Area: Unspecified<br> ※Category: All<br><c 73d882> ※Raise odds of additional fishing<br>  by eating Forest Yellowtail Broth.<c>"""
Explain_F0009#0,"""<yellow>Catch 30 additional fish!<c><br> ※Area: Unspecified<br> ※Category: All<br><c 73d882> ※Raise odds of additional fishing<br>  by eating Forest Yellowtail Broth.<c>"""
Explain_F0010#0,"""<yellow>Catch 5 rare fish!<c><br> ※Area: Unspecified<br> ※Category: All<br><c d468a0> ※Rare fish occur at<br>  random when fishing.<c>"""
Explain_F0011#0,"""<yellow>Catch 10 rare fish!<c><br> ※Area: Unspecified<br> ※Category: All<br><c d468a0> ※Rare fish occur at<br>  random when fishing.<c>"""
Explain_F0012#0,"""<yellow>Catch 20 rare fish!<c><br> ※Area: Unspecified<br> ※Category: All<br><c d468a0> ※Rare fish occur at<br>  random when fishing.<c>"""
Explain_F0013#0,"""<yellow>Catch 30 rare fish!<c><br> ※Area: Unspecified<br> ※Category: All<br><c d468a0> ※Rare fish occur at<br>  random when fishing.<c>"""
Explain_F0014#0,"""<yellow>Catch 10 fish!<c><br> ※Area: Unspecified<br> ※Category: Fish<br><c 73d882> ※Raise odds of catching fish<br>  by eating Grilled Fish.<c>"""
Explain_F0015#0,"""<yellow>Catch 10 small fish!<c><br> ※Area: Unspecified<br> ※Category: Small Fish<br><c 73d882> ※Raise odds of catching small fish<br>  by eating Coast Moule with Oil.<c>"""
Explain_F0016#0,"""<yellow>Catch 10 medium-sized fish!<c><br> ※Area: Unspecified<br> ※Category: Medium-Sized Fish<br><c 73d882> ※Raise odds of catching medium-sized fish<br>  by eating Ruins Shrimp Tempura.<c>"""
Explain_F0017#0,"""<yellow>Catch 10 large fish!<c><br> ※Area: Unspecified<br> ※Category: Large Fish<br><c 73d882> ※Raise odds of catching large fish<br>  by eating Fresh Tomato Stewed Sweetfish.<c>"""
Explain_F0018#0,"""<yellow>Go fishing 100 times!<c><br> ※Area: Unspecified<br> ※Category: All"""
Explain_F0019#0,"""<yellow>Go fishing 200 times!<c><br> ※Area: Unspecified<br> ※Category: All"""
Explain_F0020#0,"""<yellow>Go fishing 300 times!<c><br> ※Area: Unspecified<br> ※Category: All"""
Explain_F0021#0,"""<yellow>Go fishing 400 times!<c><br> ※Area: Unspecified<br> ※Category: All"""
Explain_F0022#0,"""<yellow>Go fishing 500 times!<c><br> ※Area: Unspecified<br> ※Category: All"""
Explain_F0023#0,"""<yellow>Catch 50 additional fish!<c><br> ※Area: Unspecified<br> ※Category: All<br><c 73d882> ※Raise odds of additional fishing<br>  by eating Forest Yellowtail Broth.<c>"""
Explain_F0024#0,"""<yellow>Catch 75 additional fish!<c><br> ※Area: Unspecified<br> ※Category: All<br><c 73d882> ※Raise odds of additional fishing<br>  by eating Forest Yellowtail Broth.<c>"""
Explain_F0025#0,"""<yellow>Catch 100 additional fish!<c><br> ※Area: Unspecified<br> ※Category: All<br><c 73d882> ※Raise odds of additional fishing<br>  by eating Forest Yellowtail Broth.<c>"""
Explain_F0026#0,"""<yellow>Catch 125 additional fish!<c><br> ※Area: Unspecified<br> ※Category: All<br><c 73d882> ※Raise odds of additional fishing<br>  by eating Forest Yellowtail Broth.<c>"""
Explain_F0027#0,"""<yellow>Catch 150 additional fish!<c><br> ※Area: Unspecified<br> ※Category: All<br><c 73d882> ※Raise odds of additional fishing<br>  by eating Forest Yellowtail Broth.<c>"""
Explain_F0028#0,"""<yellow>Catch 50 rare fish!<c><br> ※Area: Unspecified<br> ※Category: All<br><c d468a0> ※Rare fish occur at<br>  random when fishing.<c>"""
Explain_F0029#0,"""<yellow>Catch 75 rare fish!<c><br> ※Area: Unspecified<br> ※Category: All<br><c d468a0> ※Rare fish occur at<br>  random when fishing.<c>"""
Explain_F0030#0,"""<yellow>Catch 100 rare fish!<c><br> ※Area: Unspecified<br> ※Category: All<br><c d468a0> ※Rare fish occur at<br>  random when fishing.<c>"""
Explain_F0031#0,"""<yellow>Catch 125 rare fish!<c><br> ※Area: Unspecified<br> ※Category: All<br><c d468a0> ※Rare fish occur at<br>  random when fishing.<c>"""
Explain_F0032#0,"""<yellow>Catch 150 rare fish!<c><br> ※Area: Unspecified<br> ※Category: All<br><c d468a0> ※Rare fish occur at<br>  random when fishing.<c>"""
Explain_F0033#0,"""<yellow>Catch 50 fish!<c><br> ※Area: Unspecified<br> ※Category: Fish<br><c 73d882> ※Raise odds of catching fish<br>  by eating Grilled Fish.<c>"""
Explain_F0034#0,"""<yellow>Catch 50 shellfish!<c><br> ※Area: Unspecified<br> ※Category: Shellfish<br><c 73d882> ※Raise odds of catching shellfish<br>  by eating Desert Flounder Pasta.<c>"""
Explain_F0035#0,"""<yellow>Catch 50 crustaceans!<c><br> ※Area: Unspecified<br> ※Category: Crustaceans<br><c 73d882> ※Raise odds of catching crustaceans<br>  by eating Tokyo Tuna Sashimi.<c>"""
Explain_F0036#0,"""<yellow>Catch 50 other objects!<c><br> ※Area: Unspecified<br> ※Category: Other<br><c 73d882> ※Raise odds of catching other objects<br>  by eating Boiled Shironia Carp.<c>"""
Explain_F0037#0,"""<yellow>Catch 10 special objects!<c><br> ※Area: Unspecified<br> ※Category: Special<br><c 73d882> ※Raise odds of catching special objects<br>  by eating Roasted Seafood.<c>"""
Explain_F0038#0,"""<yellow>Fish 10 times in the Forest!<c><br> ※Area: Forest<br> ※Category: All"""
Explain_F0039#0,"""<yellow>Fish 20 times in the Forest!<c><br> ※Area: Forest<br> ※Category: All"""
Explain_F0040#0,"""<yellow>Fish 30 times in the Forest!<c><br> ※Area: Forest<br> ※Category: All"""
Explain_F0041#0,"""<yellow>Catch 3 Forest Sweetfish!<c><br> ※Area: Forest<br> ※Category: Fish<br><c 73d882> ※Raise odds of catching fish<br>  by eating Grilled Fish.<c>"""
Explain_F0042#0,"""<yellow>Catch 10 Forest Sweetfish!<c><br> ※Area: Forest<br> ※Category: Fish<br><c 73d882> ※Raise odds of catching fish<br>  by eating Grilled Fish.<c>"""
Explain_F0043#0,"""<yellow>Catch 3 Forest Tuna!<c><br> ※Area: Forest<br> ※Category: Fish<br><c 73d882> ※Raise odds of catching fish<br>  by eating Grilled Fish.<c>"""
Explain_F0044#0,"""<yellow>Catch 15 Forest Tuna!<c><br> ※Area: Forest<br> ※Category: Fish<br><c 73d882> ※Raise odds of catching fish<br>  by eating Grilled Fish.<c>"""
Explain_F0045#0,"""<yellow>Catch 3 Naberius Turtle!<c><br> ※Area: Forest<br> ※Category: Special<br><c 73d882> ※Raise odds of catching special objects<br>  by eating Roasted Seafood.<c>"""
Explain_F0046#0,"""<yellow>Catch 3 medium-size Forest Yellowtail!<c><br> ※Area: Forest<br> ※Category: Medium-Sized Fish<br><c 73d882> ※Raise odds of catching medium-sized fish<br>  by eating Ruins Shrimp Tempura.<c>"""
Explain_F0047#0,"""<yellow>Fish 10 times in the Ruins!<c><br> ※Area: Ruins<br> ※Category: All"""
Explain_F0048#0,"""<yellow>Fish 20 times in the Ruins!<c><br> ※Area: Ruins<br> ※Category: All"""
Explain_F0049#0,"""<yellow>Fish 30 times in the Ruins!<c><br> ※Area: Ruins<br> ※Category: All"""
Explain_F0050#0,"""<yellow>Catch 3 Ruins Shrimp!<c><br> ※Area: Ruins<br> ※Category: Crustaceans<br><c 73d882> ※Raise odds of catching crustaceans<br>  by eating Tokyo Tuna Sashimi.<c>"""
Explain_F0051#0,"""<yellow>Catch 15 Ruins Shrimp!<c><br> ※Area: Ruins<br> ※Category: Crustaceans<br><c 73d882> ※Raise odds of catching crustaceans<br>  by eating Tokyo Tuna Sashimi.<c>"""
Explain_F0052#0,"""<yellow>Catch 3 Ruins Alfonsino!<c><br> ※Area: Ruins<br> ※Category: Fish<br><c 73d882> ※Raise odds of catching fish<br>  by eating Grilled Fish.<c>"""
Explain_F0053#0,"""<yellow>Catch 15 Ruins Alfonsino!<c><br> ※Area: Ruins<br> ※Category: Fish<br><c 73d882> ※Raise odds of catching fish<br>  by eating Grilled Fish.<c>"""
Explain_F0054#0,"""<yellow>Catch 3 Naberius Turtle!<c><br> ※Area: Ruins<br> ※Category: Special<br><c 73d882> ※Raise odds of catching special objects<br>  by eating Roasted Seafood.<c>"""
Explain_F0055#0,"""<yellow>Catch 3 large Ruins Salmon!<c><br> ※Area: Ruins<br> ※Category: Large Fish<br><c 73d882> ※Raise odds of catching large fish<br>  by eating Fresh Tomato Stewed Sweetfish.<c>"""
Explain_F0056#0,"""<yellow>Fish 10 times in the Coast!<c><br> ※Area: Coast<br> ※Category: All"""
Explain_F0057#0,"""<yellow>Fish 20 times in the Coast!<c><br> ※Area: Coast<br> ※Category: All"""
Explain_F0058#0,"""<yellow>Fish 30 times in the Coast!<c><br> ※Area: Coast<br> ※Category: All"""
Explain_F0059#0,"""<yellow>Catch 3 Coast Clam!<c><br> ※Area: Coast<br> ※Category: Shellfish<br><c 73d882> ※Raise odds of catching shellfish<br>  by eating Desert Flounder Pasta.<c>"""
Explain_F0060#0,"""<yellow>Catch 15 Coast Clam!<c><br> ※Area: Coast<br> ※Category: Shellfish<br><c 73d882> ※Raise odds of catching shellfish<br>  by eating Desert Flounder Pasta.<c>"""
Explain_F0061#0,"""<yellow>Catch 3 Coast Mussel!<c><br> ※Area: Coast<br> ※Category: Shellfish<br><c 73d882> ※Raise odds of catching shellfish<br>  by eating Desert Flounder Pasta.<c>"""
Explain_F0062#0,"""<yellow>Catch 15 Coast Mussel!<c><br> ※Area: Coast<br> ※Category: Shellfish<br><c 73d882> ※Raise odds of catching shellfish<br>  by eating Desert Flounder Pasta.<c>"""
Explain_F0063#0,"""<yellow>Catch 3 Wopal Shark!<c><br> ※Area: Coast<br> ※Category: Large Fish<br><c 73d882> ※Raise odds of catching large fish<br>  by eating Facility Turnip Ravioli.<c>"""
Explain_F0064#0,"""<yellow>Catch 3 large Coast Filefish!<c><br> ※Area: Coast<br> ※Category: Large Fish<br><c 73d882> ※Raise odds of catching large fish<br>  by eating Fresh Tomato Stewed Sweetfish.<c>"""
Explain_F0065#0,"""<yellow>Fish 10 times in Tokyo!<c><br> ※Area: Tokyo<br> ※Category: All"""
Explain_F0066#0,"""<yellow>Fish 20 times in Tokyo!<c><br> ※Area: Tokyo<br> ※Category: All"""
Explain_F0067#0,"""<yellow>Fish 30 times in Tokyo!<c><br> ※Area: Tokyo<br> ※Category: All"""
Explain_F0068#0,"""<yellow>Catch 3 Tokyo Tuna!<c><br> ※Area: Tokyo<br> ※Category: Fish<br><c 73d882> ※Raise odds of catching fish<br>  by eating Grilled Fish.<c>"""
Explain_F0069#0,"""<yellow>Catch 15 Tokyo Tuna!<c><br> ※Area: Tokyo<br> ※Category: Fish<br><c 73d882> ※Raise odds of catching fish<br>  by eating Grilled Fish.<c>"""
Explain_F0070#0,"""<yellow>Catch 3 Tokyo Shrimp!<c><br> ※Area: Tokyo<br> ※Category: Crustaceans<br><c 73d882> ※Raise odds of catching crustaceans<br>  by eating Tokyo Tuna Sashimi.<c>"""
Explain_F0071#0,"""<yellow>Catch 15 Tokyo Shrimp!<c><br> ※Area: Tokyo<br> ※Category: Crustaceans<br><c 73d882> ※Raise odds of catching crustaceans<br>  by eating Tokyo Tuna Sashimi.<c>"""
Explain_F0072#0,"""<yellow>Catch 3 Earth Shell!<c><br> ※Area: Tokyo<br> ※Category: Shellfish<br><c 73d882> ※Raise odds of catching shellfish<br>  by eating Desert Flounder Pasta.<c>"""
Explain_F0073#0,"""<yellow>Catch 3 medium-size Tokyo Seabream!<c><br> ※Area: Tokyo<br> ※Category: Medium-Sized Fish<br><c 73d882> ※Raise odds of catching medium-sized fish<br>  by eating Ruins Shrimp Tempura.<c>"""
Explain_F0074#0,"""<yellow>Fish 10 times in the Desert!<c><br> ※Area: Desert<br> ※Category: All"""
Explain_F0075#0,"""<yellow>Fish 20 times in the Desert!<c><br> ※Area: Desert<br> ※Category: All"""
Explain_F0076#0,"""<yellow>Fish 30 times in the Desert!<c><br> ※Area: Desert<br> ※Category: All"""
Explain_F0077#0,"""<yellow>Catch 3 Desert Flounder!<c><br> ※Area: Desert<br> ※Category: Fish<br><c 73d882> ※Raise odds of catching fish<br>  by eating Quarry Fried Cutlass.<c>"""
Explain_F0078#0,"""<yellow>Catch 15 Desert Flounder!<c><br> ※Area: Desert<br> ※Category: Fish<br><c 73d882> ※Raise odds of catching fish<br>  by eating Quarry Fried Cutlass.<c>"""
Explain_F0079#0,"""<yellow>Catch 3 Desert Crab!<c><br> ※Area: Desert<br> ※Category: Crustaceans<br><c 73d882> ※Raise odds of catching crustaceans<br>  by eating Tokyo Tuna Sashimi.<c>"""
Explain_F0080#0,"""<yellow>Catch 15 Desert Crab!<c><br> ※Area: Desert<br> ※Category: Crustaceans<br><c 73d882> ※Raise odds of catching crustaceans<br>  by eating Tokyo Tuna Sashimi.<c>"""
Explain_F0081#0,"""<yellow>Catch 3 Lillipa Shell!<c><br> ※Area: Desert<br> ※Category: Shellfish<br><c 73d882> ※Raise odds of catching shellfish<br>  by eating Desert Flounder Pasta.<c>"""
Explain_F0082#0,"""<yellow>Catch 3 medium-size Desert Eagle Ray!<c><br> ※Area: Desert<br> ※Category: Medium-Sized Fish<br><c 73d882> ※Raise odds of catching medium-sized fish<br>  by eating Ruins Shrimp Tempura.<c>"""
Explain_F0083#0,"""<yellow>Fish 10 times in the Quarry!<c><br> ※Area: Quarry<br> ※Category: All"""
Explain_F0084#0,"""<yellow>Fish 20 times in the Quarry!<c><br> ※Area: Quarry<br> ※Category: All"""
Explain_F0085#0,"""<yellow>Fish 30 times in the Quarry!<c><br> ※Area: Quarry<br> ※Category: All"""
Explain_F0086#0,"""<yellow>Catch 3 Quarry Cutlass!<c><br> ※Area: Quarry<br> ※Category: Fish<br><c 73d882> ※Raise odds of catching fish<br>  by eating Quarry Fried Cutlass.<c>"""
Explain_F0087#0,"""<yellow>Catch 15 Quarry Cutlass!<c><br> ※Area: Quarry<br> ※Category: Fish<br><c 73d882> ※Raise odds of catching fish<br>  by eating Quarry Fried Cutlass.<c>"""
Explain_F0088#0,"""<yellow>Catch 3 Quarry Eel!<c><br> ※Area: Quarry<br> ※Category: Fish<br><c 73d882> ※Raise odds of catching fish<br>  by eating Quarry Fried Cutlass.<c>"""
Explain_F0089#0,"""<yellow>Catch 15 Quarry Eel!<c><br> ※Area: Quarry<br> ※Category: Fish<br><c 73d882> ※Raise odds of catching fish<br>  by eating Quarry Fried Cutlass.<c>"""
Explain_F0090#0,"""<yellow>Catch 3 Lillipa Shell!<c><br> ※Area: Quarry<br> ※Category: Shellfish<br><c 73d882> ※Raise odds of catching shellfish<br>  by eating Desert Flounder Pasta.<c>"""
Explain_F0091#0,"""<yellow>Catch 3 large Quarry Shark!<c><br> ※Area: Quarry<br> ※Category: Large Fish<br><c 73d882> ※Raise odds of catching large fish<br>  by eating Fresh Tomato Stewed Sweetfish.<c>"""
Explain_F0092#0,"""<yellow>Fish 10 times in the Facility!<c><br> ※Area: Facility<br> ※Category: All"""
Explain_F0093#0,"""<yellow>Fish 20 times in the Facility!<c><br> ※Area: Facility<br> ※Category: All"""
Explain_F0094#0,"""<yellow>Fish 30 times in the Facility!<c><br> ※Area: Facility<br> ※Category: All"""
Explain_F0095#0,"""<yellow>Catch 3 Facility Squid!<c><br> ※Area: Facility<br> ※Category: Mollusks<br><c 73d882> ※Raise odds of catching mollusks<br>  by eating Seafood Pumpkin Pie.<c>"""
Explain_F0096#0,"""<yellow>Catch 15 Facility Squid!<c><br> ※Area: Facility<br> ※Category: Mollusks<br><c 73d882> ※Raise odds of catching mollusks<br>  by eating Seafood Pumpkin Pie.<c>"""
Explain_F0097#0,"""<yellow>Catch 3 Facility Sardine!<c><br> ※Area: Facility<br> ※Category: Fish<br><c 73d882> ※Raise odds of catching fish<br>  by eating Quarry Fried Cutlass.<c>"""
Explain_F0098#0,"""<yellow>Catch 15 Facility Sardine!<c><br> ※Area: Facility<br> ※Category: Fish<br><c 73d882> ※Raise odds of catching fish<br>  by eating Quarry Fried Cutlass.<c>"""
Explain_F0099#0,"""<yellow>Catch 3 Wopal Shark!<c><br> ※Area: Facility<br> ※Category: Large Fish<br><c 73d882> ※Raise odds of catching large fish<br>  by eating Facility Turnip Ravioli.<c>"""
Explain_F0100#0,"""<yellow>Catch 3 small Facility Mantis Shrimp!<c><br> ※Area: Facility<br> ※Category: Small Fish<br><c 73d882> ※Raise odds of catching small fish<br>  by eating Oil-Preserved Coast Mussel.<c>"""
Explain_F0101#0,"""<yellow>Fish 10 times in Las Vegas!<c><br> ※Area: Las Vegas<br> ※Category: All"""
Explain_F0102#0,"""<yellow>Fish 20 times in Las Vegas!<c><br> ※Area: Las Vegas<br> ※Category: All"""
Explain_F0103#0,"""<yellow>Fish 30 times in Las Vegas!<c><br> ※Area: Las Vegas<br> ※Category: All"""
Explain_F0104#0,"""<yellow>Catch 3 Vegas Lobster!<c><br> ※Area: Las Vegas<br> ※Category: Crustaceans<br><c 73d882> ※Raise odds of catching crustaceans<br>  by eating Tokyo Tuna Sashimi.<c>"""
Explain_F0105#0,"""<yellow>Catch 15 Vegas Lobster!<c><br> ※Area: Las Vegas<br> ※Category: Crustaceans<br><c 73d882> ※Raise odds of catching crustaceans<br>  by eating Tokyo Tuna Sashimi.<c>"""
Explain_F0106#0,"""<yellow>Catch 3 Vegas Striped Bass!<c><br> ※Area: Las Vegas<br> ※Category: Fish<br><c 73d882> ※Raise odds of catching fish<br>  by eating Quarry Fried Cutlass.<c>"""
Explain_F0107#0,"""<yellow>Catch 15 Vegas Striped Bass!<c><br> ※Area: Las Vegas<br> ※Category: Fish<br><c 73d882> ※Raise odds of catching fish<br>  by eating Quarry Fried Cutlass.<c>"""
Explain_F0108#0,"""<yellow>Catch 3 Earth Shell!<c><br> ※Area: Las Vegas<br> ※Category: Shellfish<br><c 73d882> ※Raise odds of catching shellfish<br>  by eating Desert Flounder Pasta.<c>"""
Explain_F0109#0,"""<yellow>Catch 3 medium-size Vegas Bass!<c><br> ※Area: Las Vegas<br> ※Category: Medium-Sized Fish<br><c 73d882> ※Raise odds of catching medium-sized fish<br>  by eating Ruins Shrimp Tempura.<c>"""
Explain_F0110#0,"""<yellow>Fish 10 times in the Caves!<c><br> ※Area: Caves<br> ※Category: All"""
Explain_F0111#0,"""<yellow>Fish 20 times in the Caves!<c><br> ※Area: Caves<br> ※Category: All"""
Explain_F0112#0,"""<yellow>Fish 30 times in the Caves!<c><br> ※Area: Caves<br> ※Category: All"""
Explain_F0113#0,"""<yellow>Catch 3 Caves Mussel!<c><br> ※Area: Caves<br> ※Category: Shellfish<br><c 73d882> ※Raise odds of catching shellfish<br>  by eating Desert Flounder Pasta.<c>"""
Explain_F0114#0,"""<yellow>Catch 15 Caves Mussel!<c><br> ※Area: Caves<br> ※Category: Shellfish<br><c 73d882> ※Raise odds of catching shellfish<br>  by eating Desert Flounder Pasta.<c>"""
Explain_F0115#0,"""<yellow>Catch 3 Caves Shrimp!<c><br> ※Area: Caves<br> ※Category: Crustaceans<br><c 73d882> ※Raise odds of catching crustaceans<br>  by eating Tokyo Tuna Sashimi.<c>"""
Explain_F0116#0,"""<yellow>Catch 15 Caves Shrimp!<c><br> ※Area: Caves<br> ※Category: Crustaceans<br><c 73d882> ※Raise odds of catching crustaceans<br>  by eating Tokyo Tuna Sashimi.<c>"""
Explain_F0117#0,"""<yellow>Catch 3 Amduscia Coral!<c><br> ※Area: Caves<br> ※Category: Special<br><c 73d882> ※Raise odds of catching special objects<br>  by eating Roasted Seafood.<c>"""
Explain_F0118#0,"""<yellow>Catch 3 medium-size Caves Arowana!<c><br> ※Area: Caves<br> ※Category: Medium-Sized Fish<br><c 73d882> ※Raise odds of catching medium-sized fish<br>  by eating Ruins Shrimp Tempura.<c>"""
Explain_F0119#0,"""<yellow>Fish 10 times in the Tundra!<c><br> ※Area: Tundra<br> ※Category: All"""
Explain_F0120#0,"""<yellow>Fish 20 times in the Tundra!<c><br> ※Area: Tundra<br> ※Category: All"""
Explain_F0121#0,"""<yellow>Fish 30 times in the Tundra!<c><br> ※Area: Tundra<br> ※Category: All"""
Explain_F0122#0,"""<yellow>Catch 3 Tundra Herring!<c><br> ※Area: Tundra<br> ※Category: Fish<br><c 73d882> ※Raise odds of catching fish<br>  by eating Quarry Fried Cutlass.<c>"""
Explain_F0123#0,"""<yellow>Catch 15 Tundra Herring!<c><br> ※Area: Tundra<br> ※Category: Fish<br><c 73d882> ※Raise odds of catching fish<br>  by eating Quarry Fried Cutlass.<c>"""
Explain_F0124#0,"""<yellow>Catch 3 Tundra Smelt!<c><br> ※Area: Tundra<br> ※Category: Fish<br><c 73d882> ※Raise odds of catching fish<br>  by eating Quarry Fried Cutlass.<c>"""
Explain_F0125#0,"""<yellow>Catch 15 Tundra Smelt!<c><br> ※Area: Tundra<br> ※Category: Fish<br><c 73d882> ※Raise odds of catching fish<br>  by eating Quarry Fried Cutlass.<c>"""
Explain_F0126#0,"""<yellow>Catch 3 Naberius Turtle!<c><br> ※Area: Tundra<br> ※Category: Special<br><c 73d882> ※Raise odds of catching special objects<br>  by eating Roasted Seafood.<c>"""
Explain_F0127#0,"""<yellow>Catch 3 large Tundra Bonito!<c><br> ※Area: Tundra<br> ※Category: Large Fish<br><c 73d882> ※Raise odds of catching large fish<br>  by eating Fresh Tomato Stewed Sweetfish.<c>"""
Explain_F0128#0,"""<yellow>Fish 10 times in the Tunnels!<c><br> ※Area: Tunnels<br> ※Category: All"""
Explain_F0129#0,"""<yellow>Fish 20 times in the Tunnels!<c><br> ※Area: Tunnels<br> ※Category: All"""
Explain_F0130#0,"""<yellow>Fish 30 times in the Tunnels!<c><br> ※Area: Tunnels<br> ※Category: All"""
Explain_F0131#0,"""<yellow>Catch 3 Tunnels Mantis Shrimp!<c><br> ※Area: Tunnels<br> ※Category: Crustaceans<br><c 73d882> ※Raise odds of catching crustaceans<br>  by eating Tokyo Tuna Sashimi.<c>"""
Explain_F0132#0,"""<yellow>Catch 15 Tunnels Mantis Shrimp!<c><br> ※Area: Tunnels<br> ※Category: Crustaceans<br><c 73d882> ※Raise odds of catching crustaceans<br>  by eating Tokyo Tuna Sashimi.<c>"""
Explain_F0133#0,"""<yellow>Catch 3 Tunnels Sea Snail!<c><br> ※Area: Tunnels<br> ※Category: Shellfish<br><c 73d882> ※Raise odds of catching shellfish<br>  by eating Canh Chua with Tundra Herring.<c>"""
Explain_F0134#0,"""<yellow>Catch 15 Tunnels Sea Snail!<c><br> ※Area: Tunnels<br> ※Category: Shellfish<br><c 73d882> ※Raise odds of catching shellfish<br>  by eating Canh Chua with Tundra Herring.<c>"""
Explain_F0135#0,"""<yellow>Catch 3 Lillipa Shell!<c><br> ※Area: Tunnels<br> ※Category: Shellfish<br><c 73d882> ※Raise odds of catching shellfish<br>  by eating Canh Chua with Tundra Herring.<c>"""
Explain_F0136#0,"""<yellow>Catch 3 medium-size Tunnels Piranha!<c><br> ※Area: Tunnels<br> ※Category: Medium-sized Fish<br><c 73d882> ※Raise odds of catching medium-sized fish<br>  by eating Ruins Shrimp Tempura.<c>"""
Explain_F0137#0,"""<yellow>Fish 10 times in Shironia!<c><br> ※Area: Shironia<br> ※Category: All"""
Explain_F0138#0,"""<yellow>Fish 20 times in Shironia!<c><br> ※Area: Shironia<br> ※Category: All"""
Explain_F0139#0,"""<yellow>Fish 30 times in Shironia!<c><br> ※Area: Shironia<br> ※Category: All"""
Explain_F0140#0,"""<yellow>Catch 3 Shironian Carp!<c><br> ※Area: Shironia<br> ※Category: Fish<br><c 73d882> ※Raise odds of catching fish<br>  by eating Quarry Fried Cutlass.<c>"""
Explain_F0141#0,"""<yellow>Catch 15 Shironian Carp!<c><br> ※Area: Shironia<br> ※Category: Fish<br><c 73d882> ※Raise odds of catching fish<br>  by eating Quarry Fried Cutlass.<c>"""
Explain_F0142#0,"""<yellow>Catch 3 Shironian Spider Crab!<c><br> ※Area: Shironia<br> ※Category: Crustaceans<br><c 73d882> ※Raise odds of catching crustaceans<br>  by eating Tokyo Tuna Sashimi.<c>"""
Explain_F0143#0,"""<yellow>Catch 15 Shironian Spider Crab!<c><br> ※Area: Shironia<br> ※Category: Crustaceans<br><c 73d882> ※Raise odds of catching crustaceans<br>  by eating Tokyo Tuna Sashimi.<c>"""
Explain_F0144#0,"""<yellow>Catch 3 Little Zakuri!<c><br> ※Area: Shironia<br> ※Category: Other<br><c 73d882> ※Raise odds of catching other objects<br>  by eating Boiled Shironia Carp.<c>"""
Explain_F0145#0,"""<yellow>Catch 3 medium-size Shironian Mussel!<c><br> ※Area: Shironia<br> ※Category: Medium-sized Fish<br><c 73d882> ※Raise odds of catching medium-sized fish<br>  by eating Ruins Shrimp Tempura.<c>"""
Explain_F0146#0,"""<yellow>Fish 10 times in the Skyscape!<c><br> ※Area: Skyscape<br> ※Category: All"""
Explain_F0147#0,"""<yellow>Fish 20 times in the Skyscape!<c><br> ※Area: Skyscape<br> ※Category: All"""
Explain_F0148#0,"""<yellow>Fish 30 times in the Skyscape!<c><br> ※Area: Skyscape<br> ※Category: All"""
Explain_F0149#0,"""<yellow>Catch 3 Skyscape Kelp!<c><br> ※Area: Skyscape<br> ※Category: Medium-Sized Objects<br><c 73d882> ※Raise odds of catching Medium-Sized Objects<br>  by eating Tunnels Mushroom and Crab Omelet.<c>"""
Explain_F0150#0,"""<yellow>Catch 15 Skyscape Kelp!<c><br> ※Area: Skyscape<br> ※Category: Medium-Sized Objects<br><c 73d882> ※Raise odds of catching Medium-Sized Objects<br>  by eating Tunnels Mushroom and Crab Omelet.<c>"""
Explain_F0151#0,"""<yellow>Catch 3 Skyscape Tuna!<c><br> ※Area: Skyscape<br> ※Category: Fish<br><c 73d882> ※Raise odds of catching fish<br>  by eating Roasted Seabed Oysters.<c>"""
Explain_F0152#0,"""<yellow>Catch 15 Skyscape Tuna!<c><br> ※Area: Skyscape<br> ※Category: Fish<br><c 73d882> ※Raise odds of catching fish<br>  by eating Roasted Seabed Oysters.<c>"""
Explain_F0153#0,"""<yellow>Catch 3 Amduscia Coral!<c><br> ※Area: Skyscape<br> ※Category: Special<br><c 73d882> ※Raise odds of catching special objects<br>  by eating Roasted Seafood.<c>"""
Explain_F0154#0,"""<yellow>Catch 3 medium-size Skyscape Puffer!<c><br> ※Area: Skyscape<br> ※Category: Medium-Sized Fish<br><c 73d882> ※Raise odds of catching medium-sized fish<br>  by eating Ruins Shrimp Tempura.<c>"""
Explain_F0155#0,"""<yellow>Fish 10 times in the Seabed!<c><br> ※Area: Seabed<br> ※Category: All"""
Explain_F0156#0,"""<yellow>Fish 20 times in the Seabed!<c><br> ※Area: Seabed<br> ※Category: All"""
Explain_F0157#0,"""<yellow>Fish 30 times in the Seabed!<c><br> ※Area: Seabed<br> ※Category: All"""
Explain_F0158#0,"""<yellow>Catch 3 Seabed Oyster!<c><br> ※Area: Seabed<br> ※Category: Shellfish<br><c 73d882> ※Raise odds of catching shellfish<br>  by eating Tundra Herring Canh Chua.<c>"""
Explain_F0159#0,"""<yellow>Catch 15 Seabed Oyster!<c><br> ※Area: Seabed<br> ※Category: Shellfish<br><c 73d882> ※Raise odds of catching shellfish<br>  by eating Tundra Herring Canh Chua.<c>"""
Explain_F0160#0,"""<yellow>Catch 3 Seabed Octopus!<c><br> ※Area: Seabed<br> ※Category: Mollusk<br><c 73d882> ※Raise odds of catching mollusks<br>  by eating Seafood Pumpkin Pie.<c>"""
Explain_F0161#0,"""<yellow>Catch 15 Seabed Octopus!<c><br> ※Area: Seabed<br> ※Category: Mollusk<br><c 73d882> ※Raise odds of catching mollusks<br>  by eating Seafood Pumpkin Pie.<c>"""
Explain_F0162#0,"""<yellow>Catch 3 Wopal Shark!<c><br> ※Area: Seabed<br> ※Category: Large Fish<br><c 73d882> ※Raise odds of catching large fish<br>  by eating Facility Turnip Ravioli.<c>"""
Explain_F0163#0,"""<yellow>Catch 3 medium-size Seabed Goosefish!<c><br> ※Area: Seabed<br> ※Category: Medium-Sized Fish<br><c 73d882> ※Raise odds of catching medium-sized fish<br>  by eating Ruins Shrimp Tempura.<c>"""
Explain_F0164#0,"""<yellow>Fish 10 times in the Sanctum!<c><br> ※Area: Sanctum<br> ※Category: All"""
Explain_F0165#0,"""<yellow>Fish 20 times in the Sanctum!<c><br> ※Area: Sanctum<br> ※Category: All"""
Explain_F0166#0,"""<yellow>Fish 30 times in the Sanctum!<c><br> ※Area: Sanctum<br> ※Category: All"""
Explain_F0167#0,"""<yellow>Catch 3 Sanctum Fiddler Crab!<c><br> ※Area: Sanctum<br> ※Category: Crustaceans<br><c 73d882> ※Raise odds of catching crustaceans<br>  by eating Tokyo Tuna Sashimi.<c>"""
Explain_F0168#0,"""<yellow>Catch 15 Sanctum Fiddler Crab!<c><br> ※Area: Sanctum<br> ※Category: Crustaceans<br><c 73d882> ※Raise odds of catching crustaceans<br>  by eating Tokyo Tuna Sashimi.<c>"""
Explain_F0169#0,"""<yellow>Catch 3 Sanctum Snakehead!<c><br> ※Area: Sanctum<br> ※Category: Fish<br><c 73d882> ※Raise odds of catching fish<br>  by eating Roasted Seabed Oysters.<c>"""
Explain_F0170#0,"""<yellow>Catch 15 Sanctum Snakehead!<c><br> ※Area: Sanctum<br> ※Category: Fish<br><c 73d882> ※Raise odds of catching fish<br>  by eating Roasted Seabed Oysters.<c>"""
Explain_F0171#0,"""<yellow>Catch 3 Amduscia Coral!<c><br> ※Area: Sanctum<br> ※Category: Special<br><c 73d882> ※Raise odds of catching special objects<br>  by eating Roasted Seafood.<c>"""
Explain_F0172#0,"""<yellow>Catch 3 large Sanctum Marlin!<c><br> ※Area: Sanctum<br> ※Category: Large Fish<br><c 73d882> ※Raise odds of catching Large Fish<br>  by eating Facility Turnip Ravioli.<c>"""
Explain_F0173#0,"""<yellow>Fish 10 times in Kuron!<c><br> ※Area: Kuron<br> ※Category: All"""
Explain_F0174#0,"""<yellow>Fish 20 times in Kuron!<c><br> ※Area: Kuron<br> ※Category: All"""
Explain_F0175#0,"""<yellow>Fish 30 times in Kuron!<c><br> ※Area: Kuron<br> ※Category: All"""
Explain_F0176#0,"""<yellow>Catch 3 Kuron Firefly Squid!<c><br> ※Area: Kuron<br> ※Category: Mollusks<br><c 73d882> ※Raise odds of catching mollusks<br>  by eating Seafood Pumpkin Pie.<c>"""
Explain_F0177#0,"""<yellow>Catch 15 Kuron Firefly Squid!<c><br> ※Area: Kuron<br> ※Category: Mollusks<br><c 73d882> ※Raise odds of catching mollusks<br>  by eating Seafood Pumpkin Pie.<c>"""
Explain_F0178#0,"""<yellow>Catch 3 Kuron Needlefish!<c><br> ※Area: Kuron<br> ※Category: Fish<br><c 73d882> ※Raise odds of catching fish<br>  by eating Roasted Seabed Oysters.<c>"""
Explain_F0179#0,"""<yellow>Catch 15 Kuron Needlefish!<c><br> ※Area: Kuron<br> ※Category: Fish<br><c 73d882> ※Raise odds of catching fish<br>  by eating Roasted Seabed Oysters.<c>"""
Explain_F0180#0,"""<yellow>Catch 3 Little Zakuri!<c><br> ※Area: Kuron<br> ※Category: Other<br><c 73d882> ※Raise odds of catching other objects<br>  by eating Boiled Shironia Carp.<c>"""
Explain_F0181#0,"""<yellow>Catch 3 small Kuron Abalone!<c><br> ※Area: Kuron<br> ※Category: Small Fish<br><c 73d882> ※Raise odds of catching small fish<br>  by eating Oil-Preserved Coast Mussels.<c>"""
SheetName_F0000#0,"""Fishing 1"""
SheetName_F0001#0,"""Fishing 2"""
SheetName_F0002#0,"""Fowest Fish 1"""
SheetName_F0003#0,"""Wuins Fish 1"""
SheetName_F0004#0,"""Coast Fish 1"""
SheetName_F0005#0,"""Tokyo Fish 1"""
SheetName_F0006#0,"""Desewt Fish 1"""
SheetName_F0007#0,"""Quawwy Fish 1"""
SheetName_F0008#0,"""Faciwity Fish 1"""
SheetName_F0009#0,"""Was Vegas Fish 1"""
SheetName_F0010#0,"""V. Cavewn Fish 1"""
SheetName_F0011#0,"""Tundwa Fish 1"""
SheetName_F0012#0,"""Tunnews Fish 1"""
SheetName_F0013#0,"""Shiwonia Fish 1"""
SheetName_F0014#0,"""Skyscape Fish 1"""
SheetName_F0015#0,"""Seabed Fish 1"""
SheetName_F0016#0,"""Sanctum Fish 1"""
SheetName_F0017#0,"""Kuwon Fish 1"""
RecipeName_0000#0,"""Unavaiwabwe"""
RecipeName_0001#0,"""Unavaiwabwe"""
RecipeName_0002#0,"""Unavaiwabwe"""
RecipeName_0003#0,"""Fowest Tomato Sawad Wecipe"""
RecipeName_0004#0,"""Sashimi Wecipe"""
RecipeName_0005#0,"""Gwiwwed Fish Wecipe"""
RecipeName_0006#0,"""Fowest Tuna Cawpaccio Wecipe"""
RecipeName_0007#0,"""Fowest Sweetfish In Stewed Tomatoes Wecipe"""
RecipeName_0008#0,"""Wuins Sawmon in Fwuit Sauce Wecipe"""
RecipeName_0009#0,"""Wuins Shwimp Tempuwa Wecipe"""
RecipeName_0010#0,"""Gwiwwed Coast Fiwefish Wecipe"""
RecipeName_0011#0,"""Oiw-Pwesewved Coast Mussews Wecipe"""
RecipeName_0012#0,"""Tokyo Tewiyaki Tai Fish Wecipe"""
RecipeName_0013#0,"""Tokyo Tuna Sashimi Wecipe"""
RecipeName_0014#0,"""Seafood Soup Wecipe"""
RecipeName_0015#0,"""Fowest Ambewjack Soup Wecipe"""
RecipeName_0016#0,"""Jewky Wecipe"""
RecipeName_0017#0,"""Stiw-Fwied Meat and Vegetabwes Wecipe"""
RecipeName_0018#0,"""Mawinade Wecipe"""
RecipeName_0019#0,"""Dewicious Buwgew Wecipe"""
RecipeName_0020#0,"""Tokyo-Stywe Hambuwgew Wecipe"""
RecipeName_0021#0,"""Desewt Fwoundew Pasta Wecipe"""
RecipeName_0022#0,"""Bwoiwed Quawwy Eew Wecipe"""
RecipeName_0023#0,"""Desewt Cwab Cwoquette Wecipe"""
RecipeName_0024#0,"""Sauteed Quawwy Bewtfish Wecipe"""
RecipeName_0025#0,"""Faciwity Mint Meuniewe Wecipe"""
RecipeName_0026#0,"""Faciwity Cawamawi Buwwito Wecipe"""
RecipeName_0027#0,"""Faciwity Anchovy Sawad Wecipe"""
RecipeName_0028#0,"""Faciwity Tuwnip Waviowi Wecipe"""
RecipeName_0029#0,"""から揚げのレシピ"""
RecipeName_0030#0,"""Unavaiwabwe"""
RecipeName_0031#0,"""Quawwy Shawk Soup Wecipe"""
RecipeName_0032#0,"""Steamed Faciwity Wainbow Shwimp Wecipe"""
RecipeName_0033#0,"""Seafood Fwuit Confit Wecipe"""
RecipeName_0034#0,"""Seafood Pumpkin Pie Wecipe"""
RecipeName_0035#0,"""Tundwa Onion Ajiwwo Wecipe"""
RecipeName_0036#0,"""Tundwa Hewwing Canh Chua Wecipe"""
RecipeName_0037#0,"""Buttew Woasted V. Cavewn Chaw Wecipe"""
RecipeName_0038#0,"""Gwiwwed Tunnews Mantis Shwimp Wecipe"""
RecipeName_0039#0,"""Tunnews Mushwoom and Cwab Omewet Wecipe"""
RecipeName_0040#0,"""Tunnews Snaiw Sawad Wecipe"""
RecipeName_0041#0,"""Boiwed Shiwonia Cawp Wecipe"""
RecipeName_0042#0,"""Seafood Bwochette Wecipe"""
RecipeName_0043#0,"""Seabed Octopus Fwittew Wecipe"""
RecipeName_0044#0,"""Woasted Seabed Oystews Wecipe"""
RecipeName_0045#0,"""Bwaised Skyscape Tuna Wecipe"""
RecipeName_0046#0,"""Woasted Seafood Wecipe"""
RecipeName_0047#0,"""Seafood Hot Pot Wecipe"""
RecipeName_0048#0,"""Kuwon Needwefish Gawette Wecipe"""
RecipeName_0049#0,"""Kuwon Squid Pie Wecipe"""
RecipeName_0050#0,"""Deep-Fwied Sanctum Snakehead Wecipe"""
RecipeName_0051#0,"""Kuwon Buwdock Bisque Wecipe"""
RecipeName_0052#0,"""Seafood Smowgasbowd Wecipe"""
Achieved#0,"""Achievement: Eawned $(0)!"""
Achieved2#0,"""Achievement: Eawned $(0), obtained $(1)!"""
ReleasedSheet#0,"""New achievement sheet unwocked."""
ReleasedKey#0,"""New achievement unwocked."""
ReleasedSheetAndKey#0,"""New achievement and achievement sheet unwocked."""
LevelUpC#0,"""<c 99ff97>Gathering Level Up!<c> Became <c f0df60>Lv.$(0)<c>."""
LevelUpF#0,"""<c 97fff2>Fishing Level Up!<c> Became <c f0df60>Lv.$(0)<c>."""
