01_MainLobby_001#0,"""Whiwe Pwemium is active, you can howd up to 40 Cwient Owdews."""
01_MainLobby_002#0,"""There is a higher chance for adding an ability to succeed<br>when more of the same abilities are combined."""
01_MainLobby_003#0,"""Using the [Quest Info] window, you can view what drops in the current<br>quest, along with enemies that appear in the quest."""
01_MainLobby_004#0,"""When you equip a Mag, the strength and stats<br>of the Mag will be added to your stats."""
01_MainLobby_005#0,"""When you give an item to youw Mag, it can waise its wevew."""
01_MainLobby_006#0,"""Feeding youw Mag wiww wecuvw its enewgy."""
01_MainLobby_007#0,"""When youw Mag wevews up enough, it wiww evowve into a mowe powewfuw Mag."""
01_MainLobby_008#0,"""When you receive a title at the [Title counter],<br>you can also earn items."""
01_MainLobby_009#0,"""At the Cwass Countew, you can change cwasses and weawn skiwws."""
01_MainLobby_010#0,"""Many weapons have associated Gear skills.<br>Each one has different beneficial effects."""
01_MainLobby_011#0,"""If you try to join a party but find that it's full,<br>see if there is another party in the same area.<br>That way, you can still play with them!"""
01_MainLobby_012#0,"""When you select [Participate as Another Party] in the quest counter,<br>both parties can play together in Multi-Party Areas."""
01_MainLobby_013#0,"""Some Cwient Owdews awe wepeatabwe."""
01_MainLobby_014#0,"""Cweawing cewtain Cwient Owdews may give you access to mowe aweas and/ow abiwities."""
01_MainLobby_015#0,"""You can send someone a Good Job fwom the [Neawby Chawactews] option in the menu."""
01_MainLobby_016#0,"""You can eawn FUN fow the FUN scwatch by weceiving a Good Job."""
01_MainLobby_017#0,"""In [Communication Histowy], you can see wecent Good Job and theiw comments."""
01_MainLobby_018#0,"""In [Communication Histowy], you can see the pwayews you've wecentwy pwayed with."""
01_MainLobby_019#0,"""In [Character Info], you can see your current status and effects,<br>along with how long they will last."""
01_MainLobby_020#0,"""Wogging in on consecutive days wiww eawn you mowe FUN points."""
01_MainLobby_021#0,"""Using [Neawby Chawactews], you can invite peopwe to youw pawty, ow even befwiend them."""
01_MainLobby_022#0,"""By sewecting [My Data] and then [Edit Titwe / AWKS Cawd], you can edit youw infowmation."""
01_MainLobby_023#0,"""By sewecting [Imitate], you can copy the wobby action of the chawactew you'we cwosest to."""
01_MainLobby_024#0,"""The highew wawity an item has, the wowew it's chances to successfuw gwind."""
01_MainLobby_025#0,"""You can use NetCafe Pwemium by wogging on fwom a cewtified intewnet cafe."""
01_MainLobby_026#0,"""You wiww eawn NetCafe Points by pwaying fwom an authowized intewnet cafe, depending on youw pway time."""
01_MainLobby_027#0,"""Whiwe Pwemium is active, you can seww items in youw shop."""
01_MainLobby_028#0,"""Whiwe Pwemium is active, you can twade with othew usews who awso have Pwemium."""
01_MainLobby_029#0,"""Whiwe Pwemium is active, you wiww weceive mowe FUN points."""
01_MainLobby_030#0,"""Whiwe Pwemium is active, you wiww weceive an additionaw 400 swots of stowage in youw wawehouse."""
01_MainLobby_031#0,"""In the item list/various shops, you can select multiple items with <br><%MultiSelect>."""
01_MainLobby_032#0,"""Using the keyboard, you can copy an item's name<br>by pressing [Ctrl] + [C] while it's highlighted."""
01_MainLobby_033#0,"""If you seww an item by mistake, you can immediatewy get it back by sewecting [Buy back]."""
01_MainLobby_034#0,"""In the Beauty Sawon on the second fwoow, you can change youw chawactew's appeawance."""
01_MainLobby_035#0,"""In the Campship, you can caww Fwiend Pawtnews fwom the kiosk neaw the medicaw and shop tewminaws."""
01_MainLobby_036#0,"""The easiest way to buy ARKS Cash for use in PSO2 is through the mobile game, PSO2es.<br>See http://arks-layer.com/pso2es.php for more information!"""
01_MainLobby_037#0,"""In the [Neawby Chawactews] menu, you can invite othew pwayews to youw pawty and add them as fwiends."""
01_MainLobby_038#0,"""At the Titwe Countew, you can weceive wewawds fow hitting vawious miwestones."""
01_MainLobby_039#0,"""All item drops are different for each player in a mission,<br>so you can pick up items without worrying about others."""
01_MainLobby_040#0,"""Using the keyboawd, you can tuwn [Diwect Mode] off and on with the Scwoww Wock key."""
01_MainLobby_041#0,"""Make suwe to check fow Cwient Owdews befowe you go on a quest, they might wewawd you with extwa expewience."""
01_MainLobby_042#0,"""Even duwing quests, you can send items to youw stowage via the item menu."""
01_MainLobby_043#0,"""By using [Alt]+[←]/[→], you can change the desired chat channel quickly."""
01_MainLobby_044#0,"""By using [Ctrl]+[←]/[→], you can change which channels you'll see in the log window."""
01_MainLobby_045#0,"""Using the keyboard, you can recall past sent messages using [Ctrl]+[↑]/[↓] while in the chat box."""
01_MainLobby_046#0,"""Using the keyboawd, you can send youw message with a cut-in by pwessing [Shift] + [Entew]."""
01_MainLobby_047#0,"""Using the keyboard, you can send your message with a cartoon/balloon shape by pressing [Ctrl] + [Enter]."""
01_MainLobby_048#0,"""Using the keyboard, various lobby actions can be activated with the [Alt]+[A]～[Z] keys."""
01_MainLobby_049#0,"""If you stwengthen youw items at the item wab, you can incwease youw damage output."""
01_MainLobby_050#0,"""If you stwengthen youw units at the item wab, you can weduce youw damage weceived."""
01_MainLobby_051#0,"""By using the Visiphone's [My Shop] function, you can puwchase items fwom othew pwayews' shops."""
01_MainLobby_052#0,"""At the AC Shop, you can buy items to incwease the amount that you can howd in youw inventowy."""
01_MainLobby_053#0,"""At the Wecycwe Shop, you can twade unwanted items fow vawuabwe ones."""
01_MainLobby_054#0,"""A pewcentage of the stats fwom youw subcwass wiww cawwy uvw to youw main cwass."""
01_MainLobby_055#0,"""By compweting the Mattew Boawd, you can pwogwess fuwthew in the stowy."""
01_MainLobby_056#0,"""Wots of equipment with a vawiety of speciaw abiwities awe avaiwabwe in the Mattew Boawd."""
01_MainLobby_057#0,"""Cweawing aww of the yewwow nodes in a Mattew Boawd wiww unwock new stowy missions."""
01_MainLobby_058#0,"""In the Options menu, you can change youw dispway settings, awong with many othews."""
01_MainLobby_059#0,"""See youw pawty histowy in the [Communication Histowy] menu."""
01_MainLobby_060#0,"""You can change the infowmation dispwayed uvw a pwayew's head in the Quick Menu."""
01_MainLobby_061#0,"""In the Quick Menu, you can use [Command Pawtnew Stwategy] to teww youw pawtnew chawactews to wesewve theiw photon bwasts fow chaining."""
01_MainLobby_062#0,"""The highew the enemy wevew, the mowe meseta that wiww dwop fwom boxes."""
01_MainLobby_063#0,"""The items that dwop fwom boxes awe diffewent fow each awea."""
01_MainLobby_064#0,"""When speciaw weathew occuws in a fiewd, PSE have a highew occuwwence chance."""
01_MainLobby_065#0,"""When you type <lt>pos<gt>, you will speak your current coordinates on the map."""
01_MainLobby_066#0,"""When you type <lt>target<gt> or <lt>t<gt>,<br>you'll speak the last item/enemy you locked on to."""
01_MainLobby_067#0,"""You can display the name of the current E-Trial by typing <lt>et1<gt> in the chat."""
01_MainLobby_068#0,"""In Contwowwew mode, the cuwwent wocked tawget can be changed by moving the camewa joystick awound."""
01_MainLobby_069#0,"""Whiwe using Pwemium, you can save up to 40 symbow awts."""
01_MainLobby_070#0,"""Whiwe using Pwemium, if thewe is fwee space in the pwemium awea, you can muv to a fuww bwock."""
01_MainLobby_071#0,"""Whiwe using Pwemium, once you use a Beauty Ticket, you can use the Beauty Sawon fweewy fow 60 minutes."""
01_MainLobby_072#0,"""Whiwe using Pwemium, a speciaw sub effect wiww be appwied to aww medicaw dwinks."""
01_MainLobby_073#0,"""By using vawious items when gwinding geaw, you can waise the gwind success chance and weduce the wisk fwom faiwuwe."""
01_MainLobby_075#0,"""PSE wevew wise effects awe dependant on the awea they take pwace in."""
01_MainLobby_076#0,"""A Cwoss Buwst is when mowe than one buwst occuws at once."""
01_MainLobby_077#0,"""During certain weather effects (including thunderstorms in the forest<br>or the aurora in the skies of the Tundra), PSE can be leveled up easier."""
01_MainLobby_078#0,"""You can check youw wecent wogins by using [Wogin Histowy] at the [Stawt Menu]."""
01_MainLobby_079#0,"""By using [Campaign Reward Receipt] at the Visiphone,<br>you can receive rewards for completing campaigns."""
01_MainLobby_080#0,"""If you want bettew secuwity, you can set a one-time wogin passwowd."""
01_MainLobby_081#0,"""The Item Wab Attendant cwewk is diffewent, depending on whethew youw bwock is odd ow even."""
01_MainLobby_082#0,"""During ARKS Road, a navigation symbol is displayed on your goal.<br>You can reach your goal by proceeding in that direction."""
01_MainLobby_083#0,"""As the numbew of pwayews in a pawty incweases, so does the EXP boost you weceive fwom destwoying enemies."""
01_MainLobby_084#0,"""Whiwe using Pwemium, you can eawn mowe wogin stamps."""
01_MainLobby_085#0,"""You can call partners of people you have not friended by<br>selecting [Free Partner] from the partner terminal in the camp ship."""
01_MainLobby_086#0,"""By selecting [Allow players other than friends to use] at the Visiphone<br>during [Friend Partner Registration], it is easy to obtain FUN points."""
01_MainLobby_087#0,"""As you wevew youw cwass, youw subcwass wiww wevew as weww (to a cewtain point)."""
01_MainLobby_088#0,"""Using [Teams cuwwentwy wooking fow membews] in the Visiphone awwows you to find a team that is wecwuiting membews."""
01_MainLobby_089#0,"""The PA and skiwws youw suppowt pawtnew wiww use awe based on theiw pewsonawity."""
01_MainLobby_090#0,"""Youw suppowt pawtnew's stats incwease based on the wawity of theiw geaw."""
01_MainLobby_091#0,"""The performance of your support partner is not affected by their unit's stats.<br>However, their HP and attack power is increased slightly as the rarity of the units increases."""
01_MainLobby_092#0,"""As your relationship with your support partner improves,<br>the number of orders they can take at once increases."""
01_MainLobby_093#0,"""Your support partner can help with client orders that<br>are partially completed, or not completed at all."""
01_MainLobby_094#0,"""By selecting [Craft] from the Visiphone, you can craft,<br>search for crafters, and learn craft recipes."""
01_MainLobby_095#0,"""By sewecting [Cwaft] fwom the Visiphone, you can send a cwaft owdew ow cancew ones in pwogwess."""
01_MainLobby_096#0,"""You can incwease youw cwafting wevew by doing vawious cwafts."""
01_MainLobby_097#0,"""In the Options menu, you can change the color of the information<br>above players to show whether or not they are in a party."""
01_MainLobby_098#0,"""In the Options menu, you can choose whethew ow not you wouwd wike to see Symbow Awts."""
01_MainLobby_099#0,"""In the Options menu, you can change whethew you see a pwayew's chawactew name ow Pwayew ID in team and whispew chat."""
01_MainLobby_100#0,"""You can set a diffewent camewa angwe in the [Camewa Sewect] menu."""
01_MainLobby_101#0,"""You can set statuses (e.g., 'Away') by sewecting [Change Onwine Status] in the Quick Menu."""
01_MainLobby_102#0,"""You can wename youw skiww twee at the cwass countew."""
01_MainLobby_103#0,"""You can set your expression and pose for your victory<br>pose in the [Chat Settings]."""
01_MainLobby_104#0,"""You can change youw Mag's appeawance with Evowution Devices. You can switch between pwevious Mags with a Mag Change Pass."""
01_MainLobby_105#0,"""You can change how many notifications display at once<br>in the [Notification Settings] menu."""
01_MainLobby_106#0,"""If you use a One-Time Password (OTP), you can<br>store an extra 200 items in the OTP warehouse."""
01_MainLobby_107#0,"""You can confiwm the wequiwed items and othew vawious infowmation fow a cwient owdew thwough the [Cwient Owdews] menu."""
01_MainLobby_108#0,"""By using a rare enemy trigger, you can force<br>a rare enemy to spawn."""
01_MainLobby_109#0,"""Aftew sewecting a quest, you can sewect to take owdews fwom the [Cwient Owdew] window that pops up."""
01_MainLobby_110#0,"""By using [My Set] from the class counter, you can<br>save your class and equipment and load them later."""
01_MainLobby_111#0,"""By using [Display Map] from the Quick Menu, you can<br>check the locations of nearby NPCs and shops."""
01_MainLobby_112#0,"""You can set a reminder to be notified when your<br>premium expires in 7 days."""
01_MainLobby_113#0,"""You can set a quest name to be automatically used when<br>you start a mission instead of character name."""
01_MainLobby_114#0,"""You can set an option to change the background of the<br>chat box to the same color as the speech channel."""
01_MainLobby_115#0,"""If you mastew [High Time] and don't get hit whiwe it's active, [One Mowe Time] is activated and pwevents weset fwom damage untiw it's uvw."""
01_MainLobby_116#0,"""The cuwwent subpawwete can be dispwayed 3 ways - Nevew dispway, dispway fow a showt time, and awways dispway."""
01_MainLobby_119#0,"""You can see a wist of equipment and theiw set effects by sewecting [Check Set Effect] in the item menu."""
01_MainLobby_120#0,"""You can save youw updated Timed Abiwity Data Dwives using the [Save to Backup Data Dwive] option."""
01_MainLobby_121#0,"""You can see the weekwy Time Attack Wankings of VITA pwayews by checking the Visiphones in the Shawed bwocks."""
01_MainLobby_122#0,"""Using the [Communication Histowy] menu, you can see infowmation about wecent cwafts."""
01_MainLobby_123#0,"""[Chawactew Stowage] can stowe 300 items pew chawactew. Additionawwy, you can expand it to 1000 items with AWKS Cash."""
01_MainLobby_124#0,"""Items in youw [Chawactew Stowage] can be bwought to othew ships when twansfewwing."""
01_MainLobby_125#0,"""The PSO2es Storage is available to use for 30<br>days of each PSO2es linked login."""
01_MainLobby_126#0,"""Layered Wear is comprised of three layers:<br>Outerwear, Basewear, and Innerwear, or [Ou], [Ba], and [In]"""
01_MainLobby_127#0,"""In addition to clothing and parts, you can also change your accessories,<br>hair style, body paint, and more from the [Fashion Editing] item in the main menu."""
01_MainLobby_128#0,"""You can check the fashion infowmation of othew pwayews using the [Neawby Chawactews] menu."""
01_MainLobby_129#0,"""You can change the pwiowity owdew of youw body paint and innewweaw."""
01_MainLobby_130#0,"""When saving chawactew data in the Beauty Sawon, you can uvwwwite pwevious data by using the same name."""
01_MainLobby_131#0,"""You can adjust a sheathed weapon's positioning using the [Customize] option in the main menu."""
01_MainLobby_132#0,"""EPISODE4 onwy pwogwesses the [Stowy Boawd]."""
01_MainLobby_133#0,"""The displayed contents of the Quick Menu can be changed using <%MultiSelect>."""
01_MainLobby_135#0,"""Attwibutes of pets can be changed by pwacing candy Wamune in theiw Candy Box."""
01_MainLobby_136#0,"""Pancakes waise the attwibutes of a pet and can be obtained at the pet wab in exchange fow vawious items."""
01_MainLobby_137#0,"""You must pwogwess in AWKS Woad befowe you wiww weceive the EPISODE 4 Stowyboawd."""
01_MainLobby_139#0,"""Make suwe to use items that have an expiwation date (wike bonus keys) befowe they expiwe."""
01_MainLobby_140#0,"""By sewecting [EPISODE 4] at wogin, you can use the stowyboawd to expewience events in EPISODE 4."""
01_MainLobby_141#0,"""Using the stowyboawd, you can pway stowy quests that take pwace in EPISODE 4."""
01_MainLobby_142#0,"""When using the stowyboawd, some events wiww not use the Campship."""
01_MainLobby_143#0,"""Medicaw and stowage tewminaws awe wocated neaw the entwance to the bwidge."""
01_MainLobby_144#0,"""When wogging into to EPISODE 4 mode, you won't be abwe to use the Mattew Boawd."""
01_MainLobby_145#0,"""By using bonus keys, you can pway bonus quests that give you wots of EXP, meseta, ow wawe dwops."""
01_MainLobby_146#0,"""Thewe awe diffewent kinds of bonus keys. The bonuses quests they unwock awe awso diffewent."""
01_MainLobby_147#0,"""If you cweaw a bonus quest on a highew difficuwty, the EXP, meseta, and wawe dwops wiww be bettew."""
01_MainLobby_148#0,"""Bonus quests can onwy be cweawed awone."""
01_MainLobby_149#0,"""When you have a skiww wing equipped, ewiminating enemies wiww gwant it wing EXP."""
01_MainLobby_150#0,"""You can check youw gathewing statistics fwom the Visiphone."""
01_MainLobby_152#0,"""If you weaw a costume with a staw gem icon fow a wong pewiod of time, you can eawn staw gems fwom it."""
01_MainLobby_154#0,"""The NT Weapons get stwongew by using othew weapons as matewiaw."""
01_MainLobby_155#0,"""You need to use the same weapon as matewiaw to gwind a NT Weapon up to +35."""
01_MainLobby_156#0,"""You can obtain a Cowwection Sheet fwom Pudding, which awwows you cowwect items and exchange them fow wawe weapons."""
01_MainLobby_157#0,"""You can puwchase Staw Gems fwom the [Puwchase Staw Gems] item in the AC Menu."""
01_MainLobby_158#0,"""During certain looping lobby actions, you can press <%NormalAttack> or <%PhotonArts> in the middle of the loop to change the behavior of the lobby action."""
01_MainLobby_159#0,"""With cewtain wobby actions, you can sewect [Weaction] on anothew pwayew to do the matching 'weaction' wobby action."""
01_MainLobby_160#0,"""Some pets (such as 'Wanda') have wawe vawiations (such as 'Jinga') that awe unwocked thwough highew wawity egg dwops."""
01_MainLobby_162#0,"""「ロビーアクション実行」でロビーアクションのお気に入り登録ができる。<br>よく使うものは登録しておくと便利だ。"""
03_MyRoom_001#0,"""Whiwe using Pwemium, you gain two additionaw woom wayouts: A and B."""
03_MyRoom_002#0,"""Fwom the Quick Menu, you can go to youw team woom, ow youw own woom."""
03_MyRoom_003#0,"""If you put a jukebox in youw woom, you can wegistew music discs to unwock new BGMs fow use."""
03_MyRoom_004#0,"""The room good used to configure your support partner, the Partner<br>Console, can be purchased from the My Room shop."""
03_MyRoom_005#0,"""By sewecting the Cwaft menu at anothew pwayew's My Woom tewminaw, you can submit a cwafting wequest to that pwayew."""
03_MyRoom_006#0,"""You can cwaft, check youw wequests, and change signboawd settings fwom the Cwaft menu on youw My Woom tewminaw."""
03_MyRoom_007#0,"""You can view story events in chronological order<br>using the [Event Chronicles] menu in My Room."""
03_MyRoom_008#0,"""Youw pawtnew's success wate fow seawches wiww be highew if they awe aww in the same awea."""
03_MyRoom_009#0,"""In the Visiphone, you can use [My Shop] to seawch fow up to 4 affixes on an item at once."""
03_MyRoom_010#0,"""In the Visiphone, you can use [My Shop] to seawch fow items of a specific wawity ow abuv."""
03_MyRoom_011#0,"""In the Visiphone, you can use [My Shop] to seawch fow costumes and vawious pawts by gendew."""
03_MyRoom_012#0,"""In the Visiphone, you can use [My Shop] to seawch fow items and vawious tickets by sub-categowy."""
03_MyRoom_013#0,"""If you puwchase a weapon of 12 staws ow highew, it wiww be wegistewed to you upon puwchase."""
03_MyRoom_014#0,"""You can save youw updated Timed Abiwity Data Dwives using the [Save to Backup Data Dwive] option."""
04_GuildRoom_001#0,"""When a Team Master has not logged<br>in for 30 days, a manager can assume control of the team."""
04_GuildRoom_002#0,"""You can wock/unwock the woom fwom the [Team Expansion] menu."""
04_GuildRoom_003#0,"""If youw position in the team is Managew ow highew, you can wemuv membews of wowew wank fwom the team menu."""
04_GuildRoom_004#0,"""Non-team membews cannot see the contents of the team buwwetin boawd, team countew, team wawehouse, etc."""
04_GuildRoom_005#0,"""Non-team membews can check on the gwowth of the Photon Twee, but cannot obtain it's effects."""
04_GuildRoom_006#0,"""「チームへの入団希望者検索」からチームに所属したいプレイヤーを検索できる。"""
04_GuildRoom_007#0,"""-"""
07_AmusementLobby_001#0,"""Casino Coins can be converted using the coin exchanger<br>in the casino."""
07_AmusementLobby_002#0,"""Acquiwed Casino Coins can be exchanged fow Wambda Gwindews, Weapon Camos, and mowe at the Pwize Exchange Countew."""
07_AmusementLobby_003#0,"""Thewe's gwaffiti by a gwoup of Wiwwipans hidden in the casino awea...?"""
07_AmusementLobby_004#0,"""Any coins that awe uvw the possession wimit wiww be wost if you weave fow a quest. Exchange them fow pwizes often!"""
07_AmusementLobby_005#0,"""The Mesetan Shootew can pway up to 3 waves each time."""
07_AmusementLobby_006#0,"""You wiww wose coins if you shoot the bombs in Mesetan Shootew."""
07_AmusementLobby_007#0,"""I wonder what Umblla will do in Mesetan Shooter if<br>he's not shot for a bit...?"""
07_AmusementLobby_008#0,"""Duwing Mesetan Shootew, the Queen Mesetan can show up."""
07_AmusementLobby_009#0,"""In Mesetan Shootew, as youw PSE goes up, you'we wikewy to get a bettew wave."""
07_AmusementLobby_010#0,"""In Wappy Swots, a Wappy PSE Chance occuws when the Wappy metew is fuww."""
07_AmusementLobby_011#0,"""In Wappy Swots, I wondew what happens if you wine up aww wiwds...?"""
07_AmusementLobby_012#0,"""In Wappy Swots, if you get aww wiwds on evewy swot, you'ww win the JACKPOT!"""
07_AmusementLobby_013#0,"""メセタンシューターでは肩越し視点操作に切り替わるため、<br>オプションのカメラ設定や、操作設定で細かい調整に対応できる。"""
07_AmusementLobby_014#0,"""In Bwack Nyack, the mowe pwayews at the same tabwe, the easiew it is to get a Battwe Bonyas."""
07_AmusementLobby_015#0,"""In Bwack Nyack, the pwayew with the highest hand duwing a Battwe Bonyas, wiww weceive a bonus."""
07_AmusementLobby_016#0,"""In Black Nyack, getting 3 Special Cards<br>will award you with a THREE SP combo."""
07_AmusementLobby_017#0,"""In Black Nyack, you could double your BET<br>by doing DOUBLE DOWN, but only on your first draw."""
07_AmusementLobby_018#0,"""In Wiwi Wouwette, you can bet up to two points pew game."""
07_AmusementLobby_019#0,"""In Wiwi Wouwette, you can bet thwee ways: 'By cowow', 'by numbew', and 'by cowow and numbew'."""
07_AmusementLobby_020#0,"""リーリールーレットは、チャンスマスで停止すると当たりが増える。"""
07_AmusementLobby_021#0,"""リーリールーレットは、トリプルチャンスマスで停止すると・・・？"""
07_AmusementLobby_022#0,"""Is thewe an instance that the Wiwi Wouwette wouwd give a payout of 30 times ow mowe...?"""
07_AmusementLobby_023#0,"""When you weach the wast stage (Stage 30) in Awkuma Swots, a compwetion bonus is awawded that can wet you acquiwe a wawge amount of casino coins."""
07_AmusementLobby_024#0,"""アークマスロットで３種類の図柄を揃えるとコンプリートボーナスを獲得できる。"""
07_AmusementLobby_025#0,"""アークマスロットは、１日のプレイ可能数に上限がある。"""
10_Dungeon_001#0,"""Want to help translate? Contact AIDA (In-game ID: Aida Enna) on the PSO2 Discord (https://discord.gg/pso2) for information."""
10_Dungeon_002#0,"""Attwibute wesistance stats weduce damage fwom that ewement by a cewtain pewcent."""
10_Dungeon_003#0,"""When your Mag has no energy,<br>it can't perform its trigger actions."""
10_Dungeon_004#0,"""As youw Mag wevews up, its Photon Bwast (PB) incweases in stwength as weww."""
10_Dungeon_005#0,"""By enabwing the [Automaticawwy pick up meseta] function in the Options menu, you wiww pick up meseta simpwy by going neaw it."""
10_Dungeon_006#0,"""You can choose whethew ow not event notices wiww appeaw duwing intewwupt events in the Options menu."""
10_Dungeon_007#0,"""You can set the color of your decreased HP to match<br>the type of damage received in the options menu."""
10_Dungeon_008#0,"""The enemies known as 'Aberrations' have evolved differently to their regular counterparts.<br>Potentials that increase damage dealt to Naberius Natives, for example, will not work even on Naberian Aberrations."""
10_Dungeon_009#0,"""The enemies known as 'Aberrations' have evolved differently to their regular counterparts.<br>Potentials that reduce the damage Darkers deal, for example, are not effective even when facing Darker Aberrations."""
10_Dungeon_010#0,"""The special ability 'Ultimate Buster' is tremendously effective,<br>but only on the enemies known as 'Aberrations'."""
10_Dungeon_011#0,"""Weapons that awe dwopped fwom wevew 71+ enemies (ow othew designated enemies) may have the 'Uwtimate Bustew' abiwity, which is vewy effective against Uwtimate Quest enemies."""
10_Dungeon_012#0,"""Using pawty mawkews, you can awwow othew muwti-pawty awea pwayews to join youw pawty diwectwy."""
10_Dungeon_013#0,"""Pawty makews can onwy be set up by the pawty weadew, and can onwy be pwaced in muwti-pawty aweas."""
10_Dungeon_014#0,"""Pawty makews cannot be put down if 3 othew pawty membews have awweady pwaced theiws."""
10_Dungeon_015#0,"""Pawty makews can be instawwed/wemuvd fwom the Quick Menu, using one of the 'Muwtipwayew' wayouts."""
10_Dungeon_016#0,"""When youw mag weaches wevew 200, it weawns a powewfuw 'SP Action'."""
10_Dungeon_017#0,"""Once a day (per quest), if you clear a Featured Quest displaying a present icon with an A-rank<br>or above, you'll get a special reward."""
10_Dungeon_018#0,"""Your Fishing and Gathering stamina will<br>replenish back to 100 over time."""
10_Dungeon_019#0,"""Fishing and Gathewing wevews incwease by compweting gathewing achievements."""
10_Dungeon_020#0,"""Widewoids can muv at max speed by boosting whiwe the Just Attack wing is showing."""
10_Dungeon_021#0,"""Widewoids wiww wecuvw PP if you pass thwough 'Enewgy wings'."""
15_ChallengeCommon_001#0,"""In a Challenge Quest, each area is called a 'mission'.<br>The goal of the quest is to clear the specified missions."""
15_ChallengeCommon_002#0,"""In Challenge Quests VR energy serves as a time limit.<br>You can extend this time limit by picking up energy capsules."""
15_ChallengeCommon_003#0,"""You cannot extend the time limit beyond the designated maximum<br>for each Challenge Quest, even by picking up energy capsules."""
15_ChallengeCommon_004#0,"""VR energy drains slowly over time.<br>When a player is incapacitated, it will fall drastically."""
15_ChallengeCommon_005#0,"""By using a Moon Atomizer to revive an incapacitated player,<br>you can recover VR energy lost when they fell."""
15_ChallengeCommon_006#0,"""In Challenge Quests you can drop weapons and units on the ground.<br>The maximum number of items that can be dropped is 160."""
15_ChallengeCommon_007#0,"""Upon advancing to certain missions in a Challenge Quest, you will reach an interval area.<br>Your VR energy will not drain while in this area."""
15_ChallengeCommon_008#0,"""During a Challenge Quest, you can get items, units and<br>weapons from Recycle Shops in interval areas."""
15_ChallengeCommon_009#0,"""チャレンジクエスト中に誰か一人でもインターバルエリアに到達すると、<br>ミッション中の他プレイヤーは全員インターバルエリアへ強制転送される。"""
15_ChallengeCommon_010#0,"""If you are transported to an interval area during a Challenge Quest <br>while incapacitated, VR energy will not be recovered."""
15_ChallengeCommon_011#0,"""You will be awarded Challenge Miles based on your Challenge Quest results,<br>but you can also earn them by picking up Mile Crystals."""
15_ChallengeCommon_012#0,"""チャレンジクエストのリザルトで獲得できるチャレンジマイルは、<br>パーティー人数や、戦闘不能帰還数でもボーナスを得ることができる。"""
15_ChallengeCommon_013#0,"""チャレンジクエスト内では各クラスのスキルがディスク化されており、<br>プレイヤーの好みや、メンバー内の相談などで自由に習得することができる。"""
15_ChallengeCommon_014#0,"""チャレンジマイルは所属シップのチャレンジマイル交換ショップで<br>各種アイテムや、チャレンジ専用の報酬と交換することができる。"""
15_ChallengeCommon_015#0,"""チャレンジモニュメントでは、チャレンジクエストにおける<br>ランキングを確認することができる。"""
15_ChallengeCommon_016#0,"""自己最高記録タグでは、チャレンジクエストにおける<br>自分の最高到達記録と、他のプレイヤーの最高到達記録を確認できる。"""
15_ChallengeCommon_100#0,"""チャレンジクエスト専用クラス「チャレンジャー」は<br>あらゆる武器・ユニット・PA・テクニックを使用することができる。"""
15_ChallengeCommon_101#0,"""チャレンジクエスト専用クラス「チャレンジャー」は<br>種族・性別によるパラメーターの違いがない。"""
15_ChallengeCommon_102#0,"""チャレンジクエスト専用クラス「チャレンジャー」は<br>別のクラスのスタンススキルを２つまで同時に発動できる。"""
15_ChallengeCommon_200#0,"""チャレンジ・ロビーに移動すると、<br>一時的にアイテム、メセタ、カジノコインを預けた状態になる。"""
15_ChallengeCommon_201#0,"""チャレンジ・ロビーではメインメニューの「ファッション編集」が利用できない。"""
15_ChallengeCommon_202#0,"""チャレンジ・ロビーでも、公認ネットカフェからの接続で<br>カフェポイントの時間毎特典は有効となる。"""
15_ChallengeCommon_203#0,"""チャレンジ・ロビーに移動すると、「ブースト＆予告イベント情報！」による<br>獲得経験値やレアドロップ倍率、レアエネミー出現率は無効となる。"""
15_ChallengeCommon_204#0,"""チャレンジ・ロビーに移動すると、アークスロードおよび、<br>アークスビンゴカードの進行は対象外となる。"""
15_ChallengeCommon_205#0,"""チャレンジ・ロビーに移動すると、ログインスタンプが行われない。<br>通常ブロックに戻ることで、スタンプが押される。"""
15_ChallengeCommon_206#0,"""所属シップと共通シップそれぞれで「グッジョブ」を送ることができる。<br>なお、FUNを得られる回数はあわせて10回である。"""
15_ChallengeCommon_207#0,"""チャレンジ・ロビーに移動すると、<br>アイテムパックの最大所持数が一時的に100個まで拡張される。"""
15_ChallengeCommon_208#0,"""チャレンジ・ロビーに移動すると、<br>武器パレットおよびサブパレットの最大数は一時的に6個となる。"""
15_ChallengeCommon_209#0,"""チャレンジクエストでは、デイリーブースト効果、支援フォトン効果、<br>時限効果、ステージライブ効果、クエスト達成ブースト効果は無効となる。"""
15_ChallengeCommon_210#0,"""チャレンジクエストでは、各種ブーストアイテムは無効となる。<br>また、使用による効果時間のカウントも行われない。"""
15_ChallengeCommon_211#0,"""所属シップと共通シップでは、アークスカードの内容を別々に保存できる。"""
15_ChallengeCommon_212#0,"""所属シップと共通シップでは、<br>「コミュニケーション履歴」の内容が、それぞれ別の履歴として記録される。"""
15_ChallengeCommon_213#0,"""自己最高記録タグはチャレンジクエストごとに最高到達位置が保存される。"""
15_ChallengeCommon_214#0,"""チャレンジクエストでは獲得マイルにボーナスが付与される。<br>また、ボーナスが付与されるクエストは一定の周期で変更される。"""
15_ChallengeCommon_215#0,"""チャレンジ・ロビーではメインメニューの「納刀位置調整」が利用できない。"""
16_ChallengeBlock_001#0,"""所属シップのチャレンジブロックでは、<br>フレンド・メール・シンボルアートは普段のものを使用できる。"""
16_ChallengeBlock_002#0,"""所属シップのチャレンジブロックでは、<br>公認ネットカフェからの接続でチームポイントの時間毎特典は有効である。"""
16_ChallengeBlock_003#0,"""所属シップのチャレンジブロックでは、<br>緊急警報は発せられるが、クエストカウンターからの受注はできない。"""
16_ChallengeBlock_004#0,"""所属シップのチャレンジブロックでは、<br>チームチャット以外のチーム機能の利用ができない。"""
17_ChallengeShip_001#0,"""共通シップでは所属していたシップの<br>フレンド・メール・シンボルアートとは別のリストを使用する。"""
17_ChallengeShip_002#0,"""共通シップでは、チームアクセサリーが一時的に外れた状態になる。"""
17_ChallengeShip_003#0,"""共通シップでは、所属シップで発生中の緊急警報が発令されない。"""
17_ChallengeShip_004#0,"""共通シップでは、チームを組むことができない。<br>また、所属シップのチームと連絡が一時的に不通になる。"""
17_ChallengeShip_005#0,"""共通シップでは、クイックメニューの「キャラクター頭上表示切り替え」から<br>どこの所属シップであるかを知ることができる。"""
17_ChallengeShip_006#0,"""共通シップでは、公認ネットカフェからの接続でも<br>チームポイントの時間毎特典が加算されない。"""
18_PokaShip_001#0,"""ランクマッチの勝利で獲得できる「アリーナポイント」で、<br>ランクがD5からLEGENDまで順に上昇する。"""
18_PokaShip_002#0,"""ランクマッチで獲得できる「バトルコイン」を集めたら、<br>所属シップの「バトルコイン交換ショップ」でアイテムを入手しよう。"""
18_PokaShip_003#0,"""ルール「エンブレム争奪戦」では、<br>チャット発言は味方ユニオンにしか届かない。"""
18_PokaShip_004#0,"""相手の背後を取れば有利に戦える。<br>通路などを活用して、相手の背後を取ろう！"""
18_PokaShip_005#0,"""「ライジングエッジ」\u3000（バトルアリーナ版）<br>前方範囲を切り上げるソード用ＰＡ！"""
18_PokaShip_006#0,"""「ノヴァストライク」\u3000（バトルアリーナ版）<br>瞬時に周囲を攻撃できるソード用ＰＡ！"""
18_PokaShip_007#0,"""「ピアッシングシェル」\u3000（バトルアリーナ版）<br>最大HP低下の状態異常を与えるアサルトライフル用ＰＡ！"""
18_PokaShip_008#0,"""「ワンポイント」\u3000（バトルアリーナ版）<br>移動しながら射撃できるアサルトライフル用ＰＡ！"""
18_PokaShip_009#0,"""「フォイエ」\u3000（バトルアリーナ版）<br>火球を飛ばして攻撃する高火力テクニック！"""
18_PokaShip_010#0,"""「ゾンデ」\u3000（バトルアリーナ版）<br>上空から攻撃できるため居場所がバレづらいテクニック！"""
18_PokaShip_011#0,"""「メギド」\u3000（バトルアリーナ版）<br>追尾弾がゆっくりと相手を追い詰めるテクニック！"""
18_PokaShip_012#0,"""「エンブレム争奪戦」では、復活した直後は<br>しばらくの間、受けるダメージ量が軽減される。"""
18_PokaShip_013#0,"""「エンブレム争奪戦」では、エンブレムポイントが１位～３位のキャラクターは<br>頭上にマークがつく。積極的に狙ってポイントを奪おう。"""
18_PokaShip_014#0,"""「虹色のエンブレム」を取ると、大量のポイントをゲット！<br>出現したら急いで取りにいこう！"""
18_PokaShip_015#0,"""「ピックアップスポット」で武器を入手できる。<br>敵ユニオンのピックアップスポットを減らす戦略も！"""
18_PokaShip_016#0,"""バトルアリーナでは、すべてのバトルブロックを対象に<br>マッチングが行われるので、どのブロックにいてもよい。"""
18_PokaShip_017#0,"""バトルアリーナの対戦中は、<br>ロビーアクションを実行することはできない。"""
18_PokaShip_018#0,"""「ＶＲアリーナ（森林）」は、シンプルな地形で<br>もっとも戦いやすく、中央が激戦区となるのが特徴。"""
18_PokaShip_019#0,"""「ＶＲアリーナ（火山）」は、時間経過で溶岩が上昇する地形。<br>溶岩に落ちると即ダウンとなるので、注意が必要だ。"""
18_PokaShip_020#0,"""「ＶＲアリーナ（東京）」は、複雑な立体構造の地形だ。<br>思わぬ方向から攻撃されることもあり、注意が必要。"""
18_PokaShip_021#0,"""バトルアリーナ専用クラス「バトルウォリアー」は<br>種族・性別による能力差がなく、公平な条件で対戦できる。"""
18_PokaShip_022#0,"""「エンブレム争奪戦」では、敵ユニオンのキャラクターを倒すと<br>相手が持っているポイントの一部を奪うことができる。"""
18_PokaShip_023#0,"""バトルロビーにいるバトルアリーナ管理官「ラベルナ」に<br>話しかけると、バトルアリーナのことを色々教えてくれる。"""
19_PokaBlock_001#0,"""ランクマッチの勝利で獲得できる「アリーナポイント」で、<br>ランクがD5からLEGENDまで順に上昇する。"""
19_PokaBlock_002#0,"""ランクマッチで獲得できる「バトルコイン」を集めたら、<br>所属シップの「バトルコイン交換ショップ」でアイテムを入手しよう。"""
19_PokaBlock_003#0,"""ルール「エンブレム争奪戦」では、<br>チャット発言は味方ユニオンにしか届かない。"""
01_MainLobby_032#1,"""ビジフォンの「ポートレート用データ保存」でデータを保存すると、<br>「キャラクターポートレート」で保存したキャラクターを呼び出せる。"""
01_MainLobby_040#1,"""武器パレットをタッチすると、「武器アクション」、<br>または「裏パレット切り替え」を実行することができる。"""
01_MainLobby_043#1,"""チャットアイコンは、タッチでショートカットワード選択、<br>ロングタッチでチャット入力画面の呼び出しが実行される。"""
01_MainLobby_044#1,"""メインメニューのシステムにある「インフォメーション」では、<br>チュートリアルやメニューヘルプを確認することができる。"""
01_MainLobby_045#1,"""チャット入力画面の「ログ」を選択すると、<br>過去に受信したメッセージログが表示される。"""
01_MainLobby_046#1,"""画面上にいる他プレイヤーをタッチすると<br>そのプレイヤーに行えるメニューが表示される。"""
01_MainLobby_047#1,"""“PC”、“PS Vita”の共用ブロックでは、<br>“PC”でプレイしているプレイヤーと一緒に遊ぶことができる。"""
01_MainLobby_048#1,"""ゲーム内で特定の条件を満たすと、<br>“PlayStation Network”に対応するトロフィーを獲得できる。"""
01_MainLobby_067#1,"""メインメニューのシステムにあるインフォメーションの「メニューヘルプ」から、<br>「はじめに」を選択すると、便利なチャット代入コマンドの紹介がある。"""
01_MainLobby_100#1,"""武器、ユニットのメニューにある「能力確認」で、<br>付与されている潜在能力や特殊能力を確認できる。"""
01_MainLobby_111#1,"""ロビーでマップをロングタッチするとNPCやショップを確認することができる。"""
01_MainLobby_114#1,"""クエスト選択で<%MultiSelect>を押すとクエストブースト内容を確認できる。"""
01_MainLobby_116#1,"""オプションで背面タッチパッドに武器切り替えや<br>回避アクションを割り当てられる。"""
01_MainLobby_121#1,"""“PS Vita”専用ブロックでウィークリータイムアタックに挑戦すると<br>“PS Vita”専用のランキングにエントリーされる。"""
01_MainLobby_133#1,"""クイックメニューの表示内容は、<br><pict Sign_TRIANGLE>でパターンを変更できる。"""
Dead_BigBeastA_001#0,"""The Rockbear's face is a weak point.<br>You should try to lock onto the face to attack it."""
Dead_BigBeastA_002#0,"""When Rockbear gets angry, he'll continuously body slam.<br>To get around this, try moving behind him to make him stop."""
Dead_BigBeastA_003#0,"""Although the Rockbear's grab is powerful,<br>it's possible to break free by pressing the movement keys in succession."""
Dead_BigBeastA_004#0,"""The Rockbear has a powerful attack where he'll spin and hit behind him.<br>He'll do this attack when you see him lift one foot up."""
Dead_MammothA_001#0,"""When the De Malmoth lifts his front legs and trumps their trunk,<br>they are about to use a shockwave attack. Run away from the De Malmoth before they stomp."""
Dead_MammothA_002#0,"""The weakness of the De Malmoth is his back.<br>If you can get on his back, you can attack the headpiece directly."""
Dead_MammothA_003#0,"""The De Malmoth has wide attacks, but it should be<br>relatively easy to dodge these and stay on his side."""
Dead_MammothA_004#0,"""Burn is extremely effective against De Malmoth.<br>You should attack with flame-based weapons and fire techniques."""
Dead_PantherA_001#0,"""When you destroy all the nails of the Fang Banther,<br>it will be put off balance, giving you a chance to attack."""
Dead_PantherA_002#0,"""When the Fang Banther is angry, it will continuously rush.<br>Try not to attack, but concentrate on avoiding these attacks."""
Dead_PantherA_003#0,"""If the Fang Banther steps to the right, then the left, it's about to roar.<br>The roar's attack range is wide, so try to get as far as you can from it."""
Dead_PantherA_004#0,"""Burn is extremely effective against the Fang Banther.<br>Even if they're in a tree, burning the Fang Banther will drop it to the ground."""
Dead_PantherB_001#0,"""バンシー専用TIPSがある場合は記入してluaファイルも更新"""
Dead_PantherB_002#0,"""バンシー専用TIPSがある場合は記入してluaファイルも更新"""
Dead_PantherB_003#0,"""バンシー専用TIPSがある場合は記入してluaファイルも更新"""
Dead_PantherB_004#0,"""バンシー専用TIPSがある場合は記入してluaファイルも更新"""
Dead_PantherBRare_001#0,"""レア専用TIPSがある場合は記入してluaファイルも更新"""
Dead_PantherBRare_002#0,"""レア専用TIPSがある場合は記入してluaファイルも更新"""
Dead_PantherBRare_003#0,"""レア専用TIPSがある場合は記入してluaファイルも更新"""
Dead_PantherBRare_004#0,"""レア専用TIPSがある場合は記入してluaファイルも更新"""
Dead_PantherSnowA_001#0,"""When you destroy all the nails of the Snow Banther,<br>it will be put off balance, giving you a chance to attack."""
Dead_PantherSnowA_002#0,"""When the Snow Banther is angry, it will continuously rush.<br>Try not to attack, but concentrate on avoiding these attacks."""
Dead_PantherSnowA_003#0,"""If the Snow Banther steps to the right, then the left, it's about to roar.<br>The roar's attack range is wide, so try to get as far as you can from it."""
Dead_PantherSnowA_004#0,"""Burn is extremely effective against the Snow Banther.<br>It will struggle and try to put out the fire, giving you a chance to attack."""
Dead_PantherSnowB_001#0,"""バンシー専用TIPSがある場合は記入してluaファイルも更新"""
Dead_PantherSnowB_002#0,"""バンシー専用TIPSがある場合は記入してluaファイルも更新"""
Dead_PantherSnowB_003#0,"""バンシー専用TIPSがある場合は記入してluaファイルも更新"""
Dead_PantherSnowB_004#0,"""バンシー専用TIPSがある場合は記入してluaファイルも更新"""
Dead_PantherSnowBRare_001#0,"""レア専用TIPSがある場合は記入してluaファイルも更新"""
Dead_PantherSnowBRare_002#0,"""レア専用TIPSがある場合は記入してluaファイルも更新"""
Dead_PantherSnowBRare_003#0,"""レア専用TIPSがある場合は記入してluaファイルも更新"""
Dead_PantherSnowBRare_004#0,"""レア専用TIPSがある場合は記入してluaファイルも更新"""
Dead_DragonWorm_001#0,"""When you're on the side of the Caterdra'n, beware of the slamming attack<br>coming from its head. When it lifts its head up high, it will use this attack."""
Dead_DragonWorm_002#0,"""The weak point of the Caterdra'n is exposed when it stretches out.<br>After avoiding an attack, take aim and counterattack."""
Dead_DragonWorm_003#0,"""When the Caterdra'n is angry, it will spin and attack after its headbutt attack.<br>After avoiding the attack, take aim and counterattack!"""
Dead_DragonWorm_004#0,"""Poison is extremely effective against the Caterdra'n.<br>You should attack with poison-based weapons and dark techniques."""
Dead_DragonWorm_005#0,"""A weak spot will be exposed if you destroy the crystal on the Caterdra'n's tail.<br>Join with other players and attack the crystal from the side."""
Dead_DragonWormB_001#0,"""When you're on the side of the Caterdra'nsa, beware of the slamming attack<br>coming from its head. When it lifts its head up high, it will use this attack."""
Dead_DragonWormB_002#0,"""The weak point of the Caterdra'nsa is exposed when it stretches out.<br>After avoiding an attack, take aim and counterattack."""
Dead_DragonWormB_003#0,"""When the Caterdra'nsa is angry, it will spin and attack after its headbutt attack.<br>After avoiding the attack, take aim and counterattack!"""
Dead_DragonWormB_004#0,"""Poison is extremely effective against the Caterdra'nsa.<br>You should attack with poison-based weapons and dark techniques."""
Dead_DragonWormB_005#0,"""A weak spot will be exposed if you destroy the crystal on the Caterdra'nsa's tail.<br>Join with other players and attack the crystal from the side."""
Dead_DragonWormRare_001#0,"""Poison is not effective against the Catadraal.<br>You should attack with ice-based weapons and ice techniques."""
Dead_DragonWormRare_002#0,"""When you're on the side of the Catadraal, beware of the slamming attack<br>coming from its head. When it lifts its head up high, it will use this attack."""
Dead_DragonWormRare_003#0,"""The weak point of the Catadraal is exposed when it stretches out.<br>After avoiding an attack, take aim and counterattack."""
Dead_DragonWormRare_004#0,"""When the Catadraal is angry, it will spin and attack after its headbutt attack.<br>After avoiding the attack, take aim and counterattack!"""
Dead_DragonWormRare_005#0,"""A weak spot will be exposed if you destroy the crystal on the Catadraal's tail.<br>Join with other players and attack the crystal from the side."""
Dead_DragonMagma_001#0,"""If you equip a unit with high fire resistance, you can reduce<br>the damage of the Vol Dragon's flame attack."""
Dead_DragonMagma_002#0,"""When the Vol Dragon flies high in the air, it's about to shoot a fireball.<br>You can avoid it by moving beneath the Vol Dragon."""
Dead_DragonMagma_003#0,"""By destroying the crystal attached to the tail of the Vol Dragon,<br>you'll stun him for a short amount of time."""
Dead_DragonMagma_004#0,"""Freeze is extremely effective against the Vol Dragon.<br>You can freeze his feet, and he'll be unable to move for a short time."""
Dead_DragonMagma_005#0,"""The Vow Dwagon's face, head, back, and taiw awe aww weak points."""
Dead_DragonMagmaUniq_001#0,"""ヒ・ロガ専用TIPSがある場合は記入してluaファイルも更新"""
Dead_DragonMagmaUniq_002#0,"""ヒ・ロガ専用TIPSがある場合は記入してluaファイルも更新"""
Dead_DragonMagmaUniq_003#0,"""ヒ・ロガ専用TIPSがある場合は記入してluaファイルも更新"""
Dead_DragonMagmaUniq_004#0,"""ヒ・ロガ専用TIPSがある場合は記入してluaファイルも更新"""
Dead_DragonCrystal_001#0,"""When the Quartz Dragon is angry, it will perform two stab attacks from the air.<br>You can avoid these by moving from side to side."""
Dead_DragonCrystal_002#0,"""When hit by the Quartz Dragon, you might get inflicted with Panic.<br>Use items or a technique to recover from this abnormal state."""
Dead_DragonCrystal_003#0,"""When you destroy the Quartz Dragon's wings, you can stun<br>the dragon for long periods of time, as well as prevent certain attacks."""
Dead_DragonCrystal_004#0,"""Poison is extremely effective against Quartz Dragon's head, wings, and tail.<br>When using poison, it's easy to do lots of damage."""
Dead_DragonCrystal_005#0,"""Once the Quartz Dragon is angry enough, it will cry out loud, signaling its surrounding laser attack.<br>Put some distance between yourself and the Quartz Dragon to avoid damage."""
Dead_DragonCrystalUniq_001#0,"""コ・レラ専用TIPSがある場合は記入してluaファイルも更新"""
Dead_DragonCrystalUniq_002#0,"""コ・レラ専用TIPSがある場合は記入してluaファイルも更新"""
Dead_DragonCrystalUniq_003#0,"""コ・レラ専用TIPSがある場合は記入してluaファイルも更新"""
Dead_DragonCrystalUniq_004#0,"""コ・レラ専用TIPSがある場合は記入してluaファイルも更新"""
Dead_DragonBerserkA_001#0,"""When the Chrome Dragon eats Darkers, it gets stronger.<br>You should immediately kill any Darkers that appear."""
Dead_DragonBerserkA_002#0,"""When the Chrome Dragon's arms change, his throw attacks will<br>be carried out in succession. Try to avoid it by running to the side."""
Dead_DragonBerserkA_003#0,"""When the Chrome Dragon's stomach begins to change,<br>it will use its missile attack far more often."""
Dead_DragonBerserkA_004#0,"""When the Chrome Dragon's stomach has fully changed,<br>it will release a very powerful laser attack."""
Dead_DragonBerserkA_005#0,"""When the Chrome Dragon grows wings, it will begin performing<br>its black crystal attack. Run in circles around the dragon to dodge it."""
Dead_DragonBerserkAUniq1_001#0,"""ハドレッド（パーツなし）専用TIPSがある場合は記入してluaファイルも更新"""
Dead_DragonBerserkAUniq1_002#0,"""ハドレッド（パーツなし）専用TIPSがある場合は記入してluaファイルも更新"""
Dead_DragonBerserkAUniq1_003#0,"""ハドレッド（パーツなし）専用TIPSがある場合は記入してluaファイルも更新"""
Dead_DragonBerserkAUniq1_004#0,"""ハドレッド（パーツなし）専用TIPSがある場合は記入してluaファイルも更新"""
Dead_DragonBerserkAUniq2_001#0,"""ハドレッド（フルパーツ）専用TIPSがある場合は記入してluaファイルも更新"""
Dead_DragonBerserkAUniq2_002#0,"""ハドレッド（フルパーツ）専用TIPSがある場合は記入してluaファイルも更新"""
Dead_DragonBerserkAUniq2_003#0,"""ハドレッド（フルパーツ）専用TIPSがある場合は記入してluaファイルも更新"""
Dead_DragonBerserkAUniq2_004#0,"""ハドレッド（フルパーツ）専用TIPSがある場合は記入してluaファイルも更新"""
Dead_DragonSummoner_001#0,"""When you break the four floating crystals surrounding the Goronzoran,<br>it will be stunned for a long period of time."""
Dead_DragonSummoner_002#0,"""When the Goronzoran raises its stick, it's about to attack.<br>Dodge to avoid the approaching Goronzoran."""
Dead_DragonSummoner_003#0,"""When a summoned Vol Dragon rears back, it's about to rush.<br>Try using dodge to avoid the attack."""
Dead_DragonSummoner_004#0,"""When a Vol Dragon is summoned, it'll shoot a blazing fireball from the air.<br>You can avoid it by moving right below the Vol Dragon."""
Dead_DragonSummoner_005#0,"""Poison is extremely effective for the crystal surrounding the Goronzoran.<br>When poison is used, it's easy to damage the crystals."""
Dead_DragonGladiator_001#0,"""When Dragon Ex lifts both of its arms at the same time, it is preparing a<br>powerful attack. Run to the side of the Dragon Ex to avoid the attack."""
Dead_DragonGladiator_002#0,"""When Dwagon Ex stabs its swowd into the gwound, a shawd of wight piewces fwom the gwound. You can keep wunning to avoid this."""
Dead_DragonGladiator_003#0,"""The left and right shields that Dragon Ex has can be destroyed.<br>If they are destroyed, a gap will be left if the Dragon Ex attacks with its swords."""
Dead_DragonGladiator_004#0,"""Poison is extremely effective against Dragon Ex's head, shields, and tail.<br>When using poison, it's easy to do lots of damage to break these parts."""
Dead_TransformMechaA_001#0,"""After Tranmizer slams the ground with both arms, its weak point is revealed.<br>You should attack the revealed core."""
Dead_TransformMechaA_002#0,"""Tranmizer's missiles try to home in on you. If you keep moving,<br>, you can avoid the missiles."""
Dead_TransformMechaA_003#0,"""After Tranmizer fires its missiles, its core is revealed.<br>You can attack this weak point to deal additional damage."""
Dead_TransformMechaA_004#0,"""トランマイザーのマシンガン攻撃は、ジャンプしながら<br>左右に回りこんで回避しよう。"""
Dead_BossMechaA_001#0,"""You shouwd destwoy the Big Vawdha's guns on the sides befowe cwimbing to the deck."""
Dead_BossMechaA_002#0,"""The flamethrowers behind Big Vardha are dangerous when attacking from the front.<br>Try attacking them from the side."""
Dead_BossMechaA_003#0,"""Aftew you cwimb to the deck of the Big Vawdha, you shouwd destwoy the missiwe pods behind and on the sides."""
Dead_BossMechaA_004#0,"""The wed wightning shockwave emitted by the Big Vawdha can be jumped uvw."""
Dead_MachineLittleBoss_001#0,"""Vardha Soma has a main booster and three sub-boosters. Destroy the sub-boosters to<br>stop the Vardha Soma attacking from the air."""
Dead_MachineLittleBoss_002#0,"""You can destroy Vardha Soma's three sub-boosters, the two shoulder missile pods,<br>as well as the secondary and main guns."""
Dead_MachineLittleBoss_003#0,"""When Vardha Soma's main booster glows blueish-white, it's about to create an electrical shockwave.<br>Run away when you see this."""
Dead_MachineLittleBoss_004#0,"""Vardha Soma makes a full rotation when shooting its laser from the main gun.<br>You should quickly run around to avoid it."""
Dead_UltMachineLittleBoss_001#0,"""膝部分にある機銃を破壊すると、ゼータ・グランゾはバランスをくずし、<br>一定時間ダウンする。積極的に膝部分を狙って攻撃しよう。"""
Dead_UltMachineLittleBoss_002#0,"""ゼータ・グランゾの膝部分にある２つの機銃を破壊すると、<br>腰部分を守る装甲がはがれ、弱点部位が露出するようになる。"""
Dead_UltMachineLittleBoss_003#0,"""ゼータ・グランゾは４つの盾のような装甲から多数のミサイルを発射する。<br>ミサイルポッドを破壊し、発射されるミサイルの数を減らそう。"""
Dead_UltMachineLittleBoss_004#0,"""ゼータ・グランゾには「バーン」が有効だ。<br>一定時間動きを止め、攻撃を中断させることができる。"""
Dead_UltMechaPanthBlade_001#0,"""ファルケ・レオーネの脚部を破壊することで<br>破壊した脚部の引っ掻き攻撃の範囲が狭くなる。"""
Dead_UltMechaPanthBlade_002#0,"""ファルケ・レオーネの両翼を破壊することで<br>突進攻撃の最後に転倒が発生し、隙が生じる。"""
Dead_UltMechaPanthBlade_003#0,"""ファルケ・レオーネの頭部を破壊することで<br>頭部に弱点部位が露出するようになる。"""
Dead_UltMechaPanthBlade_004#0,"""ファルケ・レオーネには「バーン」が有効だ。<br>一定時間動きを止め、攻撃を中断させることができる。"""
Dead_UltMechaPanthBuster_001#0,"""ヴリマ・レオパードの脚部を破壊することで<br>破壊した脚部からミサイルが発射されなくなる。"""
Dead_UltMechaPanthBuster_002#0,"""ヴリマ・レオパードの翼を破壊することで<br>破壊した翼からミサイルと爆弾が発射されなくなる。"""
Dead_UltMechaPanthBuster_003#0,"""ヴリマ・レオパードの頭部を破壊することで<br>頭部に弱点部位が露出するようになる。"""
Dead_UltMechaPanthBuster_004#0,"""ヴリマ・レオパードには「バーン」が有効だ。<br>一定時間動きを止め、攻撃を中断させることができる。"""
Dead_Cougar_001#0,"""クーガーNXのダッシュ斬り攻撃は、動きが早いので<br>タイミングよく回避アクションを使おう。"""
Dead_Cougar_002#0,"""クーガーNXの衛星砲攻撃は、クーガーNXが設置する誘導装置を<br>破壊することで止めることができる。"""
Dead_Cougar_003#0,"""クーガーNXのマシンガン攻撃は回避が難しい。<br>攻撃は行わず、移動し続けて回避しよう。"""
Dead_Cougar_004#0,"""クーガーNXには「ショック」が有効だ。<br>ショックがかかると一定時間動きを止めることができる。"""
Dead_GG_001#0,"""ガル・グリフォンが空中を飛んでいる間に、翼の部位を破壊をすると<br>バランスを崩して地上に落下し、大きな隙が生まれる。"""
Dead_GG_002#0,"""ガル・グリフォンの翼を両方破壊すると、空を飛ぶ力が減退し<br>飛び立った際の高度が低下する。"""
Dead_GG_003#0,"""ガル・グリフォンの蹄は破壊することが可能だ。<br>足にある４つの蹄を全て破壊すると、一定時間ダウンする。"""
Dead_GG_004#0,"""ガル・グリフォンには「ショック」が有効だ。<br>ショックがかかると、一定時間動きを止めることができる。"""
Dead_DK_001#0,"""The status effect 'Shock' is effective against Odin. When used,<br>it can stun Odin for a short period of time."""
Dead_DK_002#0,"""オーディンが作るダメージを発生させるフィールドは<br>地面に刺さっているグングニルの槍を破壊する事で消滅する。"""
Dead_DK_003#0,"""オーディンの行う攻撃には地面に予兆が出るものがある。<br>予兆の範囲に入らないように、うまく回避して攻撃しよう。"""
Dead_DK_004#0,"""オーディンが剣を空高く掲げると、斬鉄剣の発動合図だ。<br>全力で攻撃を行い、発動される前に撃破しよう。"""
Dead_MarineOrca_001#0,"""オルグブランの両手を叩きつける攻撃は隙が大きいので、<br>背後に回りこんで攻撃しよう。"""
Dead_MarineOrca_002#0,"""オルグブランは腹部が弱点になっている。両手の叩きつけと<br>ジャンプ攻撃に注意して攻撃しよう。"""
Dead_MarineOrca_003#0,"""地中に潜ったオルグブランは、顔を出してレーザー攻撃を行う。<br>遠距離では避けるのが難しいので、地中にいる時は近づくようにしよう。"""
Dead_MarineOrca_004#0,"""地中に潜ったオルグブランに大きなダメージを与えると、<br>地面から飛び出し大きな隙が生まれる。"""
Dead_MarineOarfish_001#0,"""バル・ロドスが背中から発射する水泡は、<br>銃座で狙って破壊することができる。"""
Dead_MarineOarfish_002#0,"""バル・ロドスの頭に拘束用銃座を当てると、<br>バル・ロドスを船に引き上げることができる。"""
Dead_MarineOarfish_003#0,"""バル・ロドスの体の装甲を破壊することで弱点部位が露出する。"""
Dead_MarineOarfish_004#0,"""バル・ロドスが左右に飛びながら船に接近したときは、<br>噛み付き攻撃の合図。左右に移動して回避しよう。"""
Dead_MarineOarfish_005#0,"""バル・ロドスが口から放つ巨大なエネルギー弾は、銃座で狙って<br>破壊することができる。船に着弾する前に壊してしまおう。"""
Dead_AbyssFlower_001#0,"""ビオル・メデューナは触手が破壊されると、地面に触手を刺して<br>体を固定する。背面から体に乗り、弱点の頭部を直接攻撃しよう。"""
Dead_AbyssFlower_002#0,"""ビオル・メデューナの巨大なハサミが光った時はレーザー攻撃の合図。<br>正面は危険なので、左右に大きく動いて回避しよう。"""
Dead_AbyssFlower_003#0,"""ビオル・メデューナが触手をまとめ、ふわりと浮き上がったら<br>回転攻撃の合図。急いで離れるか、回避アクションを使って回避しよう。"""
Dead_AbyssFlower_004#0,"""ビオル・メデューナの触手には「フリーズ」が有効だ。<br>触手が凍りつくので、一定時間動きを止めることができる。"""
Dead_Wop3Sleigh_001#0,"""ネプト・キャサドーラの武器を破壊すると特定の攻撃後、ダウンが発生する。<br>ダウン中は弱点である頭部を狙って攻撃しよう。"""
Dead_Wop3Sleigh_002#0,"""ネプト・キャサドーラのソリのような前脚は破壊することができる。<br>破壊することで移動速度や旋廻速度が低下するので、積極的に狙おう。"""
Dead_Wop3Sleigh_003#0,"""ネプト・キャサドーラが砲弾を発射する後脚は破壊することができる。<br>破壊すると、発射される砲弾の数が減少する。"""
Dead_Wop3Sleigh_004#0,"""ネプト・キャサドーラには「フリーズ」が有効だ。<br>体が凍りつき、一定時間動きを止めることができる。 """
Dead_Wop3Wany_001#0,"""レオマドゥラードの前脚の爪を破壊すると特定の攻撃後、バランスを崩す。<br>隙が生まれるので積極的に破壊しよう。"""
Dead_Wop3Wany_002#0,"""レオマドゥラードは腹部が弱点だ。<br>ダウンさせることで腹部を攻撃しやすくなる。"""
Dead_Wop3Wany_003#0,"""体色が変化したレオマドゥラードには「バーン」が有効だ。<br>体色が元に戻り、強化状態を解除することができる。"""
Dead_Wop3Wany_004#0,"""レオマドゥラードが発射した液体に触れるとダメージを受ける。<br>「パニック」が付与されることもあるので、近づかないようにしよう。"""
Dead_MarineOarfishII_001#0,"""バル・ロドスには大砲が有効だ。<br>口の中に砲弾を一定数撃ち込まれるとダウンする。"""
Dead_MarineOarfishII_002#0,"""バル・ロドスが口を閉じている時に部位破壊を行うと、少しだけ口が開く。<br>口が開いた瞬間を狙い、口の中へ大砲の砲弾を撃ち込もう。"""
Dead_MarineOarfishII_003#0,"""バル・ロドスが戦闘中に咆哮したら、連続でブレス攻撃を行う合図だ。<br>レーダーマップで位置を確認し、左右に回避しよう。"""
Dead_MarineOarfishII_004#0,"""バル・ロドスの顔や尻尾は、乗り上げたタイミングで上に乗ることができる。<br>ジャンプして飛び乗り、部位を破壊しよう。 """
Dead_Mono1Roller_001#0,"""アンジャドゥリリの腕の数珠を破壊すると、<br>突進時に発生させる炎の長さを短くすることができる。"""
Dead_Mono1Roller_002#0,"""怒る前のアンジャドゥリリには「アッパートラップ」が有効だ。<br>うまく当てると一定時間ダウンし、大きな隙が生まれる。"""
Dead_Mono1Roller_003#0,"""アンジャドゥリリの車輪には大きなダメージが与えられない。<br>側面から頭を攻撃しよう。"""
Dead_Mono1Roller_004#0,"""アンジャドゥリリの頭にダメージを与え続けると、<br>一定時間のダウンが発生する。積極的に頭を攻撃しよう。"""
Dead_Mono1YoroiA_001#0,"""ギグル・グンネガムは強烈な氷の攻撃後、一定時間身動きが取れなくなる。<br>攻撃によって発生した氷を足場にして、頭を狙って攻撃しよう。"""
Dead_Mono1YoroiA_002#0,"""ギグル・グンネガムの紫に輝く結晶には「バーン」が有効だ。<br>結晶が燃えた状態となり、大きなダメージが与えられるようになる。"""
Dead_Mono1YoroiA_003#0,"""足の装甲を破壊すると、ギグル・グンネガムは膝をついてダウンする。<br>この間に頭や腹部の結晶など、通常では攻撃しづらい箇所を狙おう。"""
Dead_Mono1YoroiA_004#0,"""ギグル・グンネガムの周囲の氷塊は、紫に輝く結晶によって生成される。<br>2つの結晶を破壊すると、氷塊は生成されなくなる。 """
Dead_Mono1YoroiA_005#0,"""ギグル・グンネガムの兜を破壊すると、頭に2つ目の結晶が出現する。<br>2つの結晶を両方破壊すると、頭のバリアを常に無効化させることができる。"""
Dead_Mono0GreatEvilA_001#0,"""マガツの膝の顔を破壊すると、一定時間ダウンする。<br>進行を止めることが出来るので、積極的に攻撃しよう。"""
Dead_Mono0GreatEvilA_002#0,"""マガツの腕や肩にある目の光った顔は破壊することが出来る。<br>破壊した顔からは攻撃が発生しなくなる。"""
Dead_Mono0GreatEvilA_003#0,"""マガツの頭、腹、両肩の巨大な面を破壊すると、面が開いて足場が生成される。<br>面の内側は弱点なので、足場に乗って攻撃しよう。"""
Dead_Mono0GreatEvilA_004#0,"""マガツの頭部に巨大な光が集まりだしたら、巨大ビーム攻撃の合図だ。<br>頭部と腹部の足場にいるとダメージを受けるので、足場から降りて回避しよう。"""
Dead_Mono2Xcutioner_001#0,"""グアル・ジグモルデの腹部の鏡は破壊することができる。<br>鏡を破壊することで、常に弱点を狙える状態となる。"""
Dead_Mono2Xcutioner_002#0,"""グアル・ジグモルデの２本の尻尾を破壊すると<br>撃ってくるエネルギー弾の数を減らすことができる。"""
Dead_Mono2Xcutioner_003#0,"""グアル・ジグモルデの特殊な鎌攻撃を受けると一定時間で戦闘不能となる。<br>魂を完全に吸収されるまでに臀部を攻撃して魂を解放しよう。"""
Dead_Mono2Xcutioner_004#0,"""グアル・ジグモルデには「ポイズン」が有効だ。<br>ポイズンがかかると、一定時間動きを止めることができる。"""
Dead_UltBigBeastA_001#0,"""怒り状態のベーアリブルスは、連続で回転プレス攻撃を行うことがある。<br>一度攻撃を避けた後も、動きを見極めて攻撃しよう。"""
Dead_UltBigBeastA_002#0,"""ベーアリブルスは顔が弱点だ。キック攻撃の後など、<br>アクションの間の隙を狙って攻撃しよう。"""
Dead_UltBigBeastA_003#0,"""怒り状態のベーアリブルスは、空中で回転した直後、突進攻撃を行うことがある。<br>非常に速いので回避アクションを使って回避しよう。"""
Dead_UltBigBeastA_004#0,"""ベーアリブルスには「フリーズ」が有効だ。<br>一定時間動きを止め、攻撃を中断することができる。"""
Dead_UltMammothA_001#0,"""プロジオーグルスの頭部の2つのコブを破壊すると、<br>一部の炎攻撃を弱体化することができる。"""
Dead_UltMammothA_002#0,"""プロジオーグルスの背中のコブは弱点になっているが、<br>破壊されると強力な炎攻撃を行うようになるので注意しよう。"""
Dead_UltMammothA_003#0,"""プロジオーグルスには「フリーズ」が有効だ。<br>一定時間動きを止め、攻撃を中断することができる。"""
Dead_UltDragonMagma_001#0,"""ディアボイグリシスの尻尾を破壊すると弱点が露出する。"""
Dead_UltDragonMagma_002#0,"""ディアボイグリシスの頭部の角は弱点になっている。<br>ブレス攻撃と角を使った突き上げ攻撃に注意して攻撃しよう。"""
Dead_UltDragonMagma_003#0,"""ディアボイグリシスの脚には「フリーズ」が有効だ。<br>一定時間動きを止め、攻撃を中断することができる。"""
Dead_UltDragonMagma_004#0,"""ディアボイグリシスは空中から突進し、着地と同時に回転攻撃を行う。<br>移動での回避は難しいので、着地とほぼ同じタイミングで回避アクションを使おう。"""
Dead_WakerSymbolA_001#0,"""アンガ・ファンダージの6つのビットは破壊することができる。<br>全てのビットを破壊するとダウンが発生し、弱点コアが露出する。"""
Dead_WakerSymbolA_002#0,"""アンガ・ファンダージには「パニック」が有効だ。<br>一定時間ダウンが発生するので、集中して攻撃しよう。"""
Dead_Spider_001#0,"""ダーク・ラグネはすべての脚部を破壊することで<br>長時間ダウンし、大きな隙が生まれる。"""
Dead_Spider_002#0,"""ダーク・ラグネが発射するカマイタチ攻撃は<br>ジャンプして回避しよう。"""
Dead_Spider_003#0,"""ダーク・ラグネが赤黒い電撃をまとった時は放電攻撃の合図。<br>攻撃範囲が広いので、距離をとるようにしよう。"""
Dead_Spider_004#0,"""ダーク・ラグネの稲妻攻撃は地面の赤く光った場所に落ちるので、<br>地面をよく見て回避しよう。"""
Dead_Doodlebug_001#0,"""グワナーダ・ビットを全て倒すことで、グワナーダを<br>地面から引きずり出し、腹部の弱点を攻撃することができる。"""
Dead_Doodlebug_002#0,"""グワナーダ・ビットの弱点は先端の赤いコア部分にある。"""
Dead_Doodlebug_003#0,"""グワナーダに吸い込まれそうな時は、ジャンプしながら移動して回避しよう。"""
Dead_Doodlebug_004#0,"""グワナーダの突進攻撃はタイミングよくジャンプして回避しよう。"""
Dead_Beetle_001#0,"""ダーク・ビブラスの羽の下には弱点がある。<br>羽を破壊することで、常に弱点を狙える状態となる。"""
Dead_Beetle_002#0,"""ダーク・ビブラスの脚に一定ダメージを与えると<br>一定時間ダウンさせることができる。積極的に足元を狙おう。"""
Dead_Beetle_003#0,"""ダーク・ビブラスには「パニック」が有効だ。<br>パニックがかかると混乱し、一定時間動きを止めることができる。"""
Dead_Beetle_004#0,"""ダーク・ビブラスの腕を破壊すると<br>エネルギー弾の威力を低下させることができる。 """
Dead_DpInsect_001#0,"""DFアプレンティス・ジアには「バーン」が有効だ。<br>バーン状態になると弱点を露出しながら怯み、一定時間動かなくなるぞ。"""
Dead_DpInsect_002#0,"""DFアプレンティス・ジアが２本の触手を地面に突き刺したら<br>瘴気による攻撃の合図だ。地面から吹き出す瘴気に触れないよう注意しよう。"""
Dead_DpInsect_003#0,"""DFアプレンティス・ジアが発射する巨大なビーム攻撃は、発射部位を<br>破壊することで攻撃を中断でき、大きな隙を生みだすことができる。"""
Dead_DpInsect_004#0,"""DFアプレンティス・ジアが大きく体を起こしたら、衝撃波攻撃の合図だ。<br>広い攻撃範囲に注意しよう。"""
Dead_BirdStacked_001#0,"""デコル・マリューダの腹部のコアを全て破壊すると頭部から弱点コアが露出する。<br>ダメージを与えやすくなるが、攻撃が強力になるので注意しよう。"""
Dead_BirdStacked_002#0,"""デコル・マリューダが体を上下に開いたら捕縛攻撃の合図。<br>回避できれば大きな隙が生まれるので、回避アクションで左右に避けよう。"""
Dead_BirdStacked_003#0,"""デコル・マリューダの爪を破壊することで、爪を使った攻撃の<br>攻撃範囲を狭くすることができる。"""
Dead_BirdStacked_004#0,"""デコル・マリューダには「ミラージュ」が有効だ。<br>ミラージュがかかると一定時間動きを止めることができる。"""
Dead_BirdCentaur_001#0,"""ブリュー・リンガーダの2つのリングを破壊すると、リングの回復のために<br>腹部のコアが露出する。"""
Dead_BirdCentaur_002#0,"""ブリュー・リンガーダは突進攻撃を行った後、巨大竜巻攻撃を行う。<br>ブリュー・リンガーダの真正面は攻撃が当たらないので接近して回避しよう。"""
Dead_BirdCentaur_003#0,"""怒り状態のブリュー・リンガーダは刀を使った居合攻撃を行う。<br>攻撃範囲が広いので、側面に回りこむようにして回避しよう。"""
Dead_BirdCentaur_004#0,"""遠距離からブリュー・リンガーダを攻撃する時は、2つのリングを視野に入れ<br>死角から攻撃されないようにしよう。"""
Dead_BirdDpHuman_001#0,"""ファルス・アンゲルが上空に羽根を飛ばしたら氷柱による攻撃の合図だ。<br>高速で落ちてくる氷柱は、止まらずに移動して回避しよう。"""
Dead_BirdDpHuman_002#0,"""怒り状態のファルス・アンゲルは突進攻撃を連続で行う。<br>回避アクションを使ってタイミングよく避けよう。"""
Dead_BirdDpHuman_003#0,"""怒り状態のファルス・アンゲルがワープを行ったら連続レーザー攻撃の合図。<br>横方向のレーザーはジャンプ、縦方向のレーザーは予兆を見て回避しよう。"""
Dead_BirdDpHuman_004#0,"""ファルス・アンゲルの弱点は体の正面の赤いコアだ。<br>出来る限り正面で攻撃を避け、隙を狙ってコアを攻撃しよう。"""
Dead_BirdOwl_001#0,"""アポス・ドリオスには「パニック」が有効だ。<br>パニックがかかると混乱し、一定時間動きを止めることができる。"""
Dead_BirdOwl_002#0,"""アポス・ドリオスが４本の柱を呼び出したらエネルギー弾をチャージする合図。<br>全ての柱を破壊すると、エネルギー弾が暴発して転倒させることができる。"""
Dead_BirdOwl_003#0,"""アポス・ドリオスは腹部が弱点だが、通常の攻撃では破壊できない。<br>ある攻撃のチャージ動作を妨害することで破壊することが可能だ。"""
Dead_BirdOwl_004#0,"""アポス・ドリオスを転倒させると、体に乗ることが出来る。<br>肩部分から乗り込み、腹部の弱点を攻撃しよう。"""
Dead_DpBird_001#0,"""Destroying Dark Falz Loser's arms will reveal breakable parts on its upper arms.<br>Destroying the upper arms within a certain time will lead to further opportunities."""
Dead_DpBird_002#0,"""Dark Falz Loser's abdomen is susceptible to Mirage.<br>When Mirage is inflicted, it will expose a breakable weak spot."""
Dead_DpBird_003#0,"""Dark Falz Loser's chest core is constantly protected by a barrier.<br>Destroying an upper arm temporarily removes it, exposing the core to attacks."""
Dead_DpBird_004#0,"""You can escape Dark Falz Loser's time stop attack by pressing the movement keys repeatedly.<br>Destroy its floating blades so you can avoid their lethal attack."""
Dead_DpBird_005#0,"""When angry, Dark Falz Loser's attacks are strengthened,<br>but each time its chest jewel is destroyed, its attacks will weaken."""
Dead_FishBigBeastA_001#0,"""ウォルガーダは両肩の赤いコアが弱点だ。<br>肩越し視点で狙って攻撃しよう。"""
Dead_FishBigBeastA_002#0,"""ウォルガーダの踏みつけ攻撃は「スタン」の効果を持っている。<br>片足を大きくあげたらウォルガーダから急いで離れよう。"""
Dead_FishBigBeastA_003#0,"""ウォルガーダが両手を地面につけて構えたら連続張り手の合図だ。<br>左右に回避して後方から攻撃しよう。"""
Dead_FishBigBeastA_004#0,"""怒り状態のウォルガーダは頭突きを連続で行うので、<br>一度避けても攻撃せず、回避に専念しよう。"""
Dead_AlligatorSnapperA_001#0,"""足を破壊され、よろけているゼッシュレイダにダメージを与えると、<br>転んで弱点を露出する。"""
Dead_AlligatorSnapperA_002#0,"""甲羅に潜ったゼッシュレイダが頭を出したとき、<br>頭に大きなダメージを与えると、転んで弱点を露出する。"""
Dead_AlligatorSnapperA_003#0,"""転倒したゼッシュレイダには乗ることができる。<br>腕から腹部に乗って、弱点を攻撃しよう。"""
Dead_AlligatorSnapperA_004#0,"""甲羅に潜ったゼッシュレイダが尻尾を出した場合は、<br>次に反対側から頭を出すので、よく見ておこう。"""
Dead_DpHuman_001#0,"""ファルス・ヒューナルが腕にエネルギーを溜めたら衝撃波攻撃の合図だ。<br>ジャンプでは回避できないので、左右に移動して回避しよう。"""
Dead_DpHuman_002#0,"""ファルス・ヒューナルのソードが巨大なオーラを放ったら<br>強力な攻撃の合図だ。背後に向かって移動して避けよう。"""
Dead_DpHuman_003#0,"""ファルス・ヒューナルが空中に飛んだら飛び蹴りの合図だ。<br>直前で回避アクションを使って回避しよう。"""
Dead_DpHuman_004#0,"""ファルス・ヒューナルのソードは破壊することができる。<br>ソードを使った攻撃も弱くなるので、積極的に狙ってみよう。"""
Dead_DpHumanUniq_001#0,"""ストーリー専用TIPSがある場合は記入してluaファイルも更新"""
Dead_DpHumanUniq_002#0,"""ストーリー専用TIPSがある場合は記入してluaファイルも更新"""
Dead_DpHumanUniq_003#0,"""ストーリー専用TIPSがある場合は記入してluaファイルも更新"""
Dead_DpHumanUniq_004#0,"""ストーリー専用TIPSがある場合は記入してluaファイルも更新"""
Dead_DpFishArm_001#0,"""When you destroy all five fingertips on a Falz Arm,<br>it will stop moving for a certain period of time."""
Dead_DpFishArm_002#0,"""When targeting and attacking one Falz Arm, make sure to<br>keep an eye on all the other arms as well."""
Dead_DpFishArm_003#0,"""ファルス・アームとの戦闘中、遠方のダークファルス・エルダーが<br>レーザー攻撃を行うことがあるので注意しよう。"""
Dead_DpFishArm_004#0,"""Shock is extremely effective against the Falz Arms.<br>If you shock an arm, it will stop moving for a short time."""
Dead_DpFishArmEx_001#0,"""レア専用TIPSがある場合は記入してluaファイルも更新"""
Dead_DpFishArmEx_002#0,"""レア専用TIPSがある場合は記入してluaファイルも更新"""
Dead_DpFishArmEx_003#0,"""レア専用TIPSがある場合は記入してluaファイルも更新"""
Dead_DpFishArmEx_004#0,"""レア専用TIPSがある場合は記入してluaファイルも更新"""
Dead_DpFishElder_001#0,"""All of Dark Falz's arms can be destroyed EXCEPT the two<br>at the very bottom. Do not attack these two."""
Dead_DpFishElder_002#0,"""The laser attack from Dark Falz's eyes can be avoided<br>if you're in one of the four corners of the platform."""
Dead_DpFishElder_003#0,"""When Dark Falz begins sucking you into the center<br>to body slam, try moving while jumping to get away."""
Dead_DpFishElder_004#0,"""Shock is extremely effective against Dark Falz.<br>During shock, all arms are pinned to the ground."""
Dead_DpFishElderEx_001#0,"""レア専用TIPSがある場合は記入してluaファイルも更新"""
Dead_DpFishElderEx_002#0,"""レア専用TIPSがある場合は記入してluaファイルも更新"""
Dead_DpFishElderEx_003#0,"""レア専用TIPSがある場合は記入してluaファイルも更新"""
Dead_DpFishElderEx_004#0,"""レア専用TIPSがある場合は記入してluaファイルも更新"""
Dead_Char01_Maskman_001#0,"""赤いオーラをまとう前の【仮面】は、攻撃をジャストガードされると体勢を崩す。<br>体勢を立て直す隙を狙って攻撃しよう。"""
Dead_Char01_MaskmanDS_001#0,"""赤いオーラをまとう前の【仮面】は、攻撃をジャストガードされると体勢を崩す。<br>体勢を立て直す隙を狙って攻撃しよう。"""
Dead_Char01_MaskmanDS_002#0,"""【仮面】はダブルセイバーを高速回転させてガードを行う。<br>正面から攻撃を行うと反撃されるので、背後から攻撃しよう。"""
Dead_Char15_AOld_001#0,"""赤いオーラをまとう前の【若人】複製体は、攻撃をジャストガードされると<br>攻撃を中断する。体勢を立て直す隙を狙って攻撃しよう。"""
Dead_Char15_AOld_002#0,"""【若人】複製体には「バーン」が有効だ。一定時間ダウンし、大きな隙が生まれる。<br>ただし、ダウン後は強力な反撃を行うので注意しよう。"""
Dead_ToyBlock_001#0,"""コドッタ・イーデッタの本体は巨大な外装の中に隠れている。<br>４箇所の関節を破壊して外装を崩し、本体を攻撃しよう。"""
Dead_ToyBlock_002#0,"""コドッタ・イーデッタが足を展開したら急上昇攻撃の合図だ。<br>攻撃範囲が広いので、距離をとって回避しよう。"""
Dead_ToyBlock_003#0,"""コドッタ・イーデッタは空中で高速回転した後、落下攻撃を行う。<br>回りこむように移動して攻撃を回避しよう。"""
Dead_ToyBlock_004#0,"""コドッタ・イーデッタには「フリーズ」が有効だ。<br>体が凍りつき、一定時間動きを止めることができる。"""
Dead_ToyDpHumanM_001#0,"""ファルス・ダランの右腕を破壊することで<br>ダーカーコアが露出し、ダメージを与えやすくなる。"""
Dead_ToyDpHumanM_002#0,"""ファルス・ダリルの左腕を破壊することで<br>ダーカーコアが露出し、ダメージを与えやすくなる。"""
Dead_ToyDpHumanM_003#0,"""露出したダーカーコアにダメージを与え続けることで<br>リアクションが発生するので露出後も積極的に狙おう。"""
Dead_ToyDpHumanM_004#0,"""２体戦闘時に破壊した部位は融合後へも引き継がれる。<br>先に部位破壊を行い、融合後の戦闘を有利に進められるよう備えよう。"""
Dead_ToyDpHumanF_001#0,"""ファルス・ダランの右腕を破壊することで<br>ダーカーコアが露出し、ダメージを与えやすくなる。"""
Dead_ToyDpHumanF_002#0,"""ファルス・ダリルの左腕を破壊することで<br>ダーカーコアが露出し、ダメージを与えやすくなる。"""
Dead_ToyDpHumanF_003#0,"""露出したダーカーコアにダメージを与え続けることで<br>リアクションが発生するので露出後も積極的に狙おう。"""
Dead_ToyDpHumanF_004#0,"""２体戦闘時に破壊した部位は融合後へも引き継がれる。<br>先に部位破壊を行い、融合後の戦闘を有利に進められるよう備えよう。"""
Dead_DpAbyssHuman_001#0,"""ディーオ・ヒューナルが纏っているバリアは、ダメージを軽減してしまうが<br>左右の大きな腕についているコアを破壊することで、バリアを無力化できる。"""
Dead_DpAbyssHuman_002#0,"""ディーオ・ヒューナルが巨大な右腕を構え、ブレードを展開した時は<br>強力な連続攻撃の合図だ。間合いの中に入らないように注意しよう。"""
Dead_DpAbyssHuman_003#0,"""ディーオ・ヒューナルが巨大な左腕を構え、ランチャーを展開した時は<br>射程の長いビーム攻撃の合図だ。左右に移動して回避しよう。"""
Dead_DpAbyssHuman_004#0,"""ディーオ・ヒューナルが急上昇した時は、吸い込み攻撃の合図。<br>吸い込んでいる最中の追撃にも注意しよう。"""
Dead_DpAbyssHumanUniq_001#0,"""ヴィエル・ヒューナルが纏っているバリアは、ダメージを軽減してしまうが<br>左右の大きな腕についているコアを破壊することで、バリアを無力化できる。"""
Dead_DpAbyssHumanUniq_002#0,"""ヴィエル・ヒューナルが巨大な右腕を構え、ブレードを展開した時は<br>強力な連続攻撃の合図だ。間合いの中に入らないように注意しよう。"""
Dead_DpAbyssHumanUniq_003#0,"""ヴィエル・ヒューナルが巨大な左腕を構え、ランチャーを展開した時は<br>射程の長いビーム攻撃の合図だ。左右に移動して回避しよう。"""
Dead_DpAbyssHumanUniq_004#0,"""ヴィエル・ヒューナルが急上昇した時は、吸い込み攻撃の合図。<br>吸い込んでいる最中の追撃にも注意しよう。"""
Dead_Char17_Ma_001#0,"""マトイ・ヴィエルは弾速の速い法撃と<br>追尾性の高い法撃を連続で放つ。性能を見極めて回避しよう。"""
Dead_Char17_Ma_002#0,"""マトイ・ヴィエルは一定数の攻撃を行うと力を溜め動きを止める。<br>この隙を狙って集中的に攻撃しよう。"""
Dead_Char17_Ma_003#0,"""マトイ・ヴィエルの周囲レーザー攻撃は強力だが<br>ジャンプして回避する事が可能だ。"""
Dead_Char17_Ma_004#0,"""マトイ・ヴィエルはワープによって間合いを調節する。<br>背後に回りこまれぬように注意しよう。"""
Dead_DpToy_001#0,"""ダークファルス・ダブルの中央塔の周囲にある6つの塔から飛び出した<br>部位2箇所のうち1箇所を破壊したら再生する前に2箇所同時に破壊しよう。"""
Dead_DpToy_002#0,"""ダークファルス・ダブルの位置や塔の配置によって<br>攻撃パターンが決まっているので見極めよう。"""
Dead_DpToy_003#0,"""ロックオン可能部位に状態異常「パニック」を与えると確率で<br>ダークファルス・ダブルがダウンし、一定時間動かなくなる。"""
Dead_DpToy_004#0,"""迫りくる壁の攻撃は門が開いた部分を通ることで<br>スムーズに回避することができる。"""
Dead_DpToyEx_001#0,"""ダークファルス・ダブルの中央塔の周囲にある6つの塔から飛び出した<br>部位2箇所のうち1箇所を破壊したら再生する前に2箇所同時に破壊しよう。"""
Dead_DpToyEx_002#0,"""ダークファルス・ダブルの位置や塔の配置によって<br>攻撃パターンが決まっているので見極めよう。"""
Dead_DpToyEx_003#0,"""ロックオン可能部位に状態異常「パニック」を与えると確率で<br>ダークファルス・ダブルがダウンし、一定時間動かなくなる。"""
Dead_DpToyEx_004#0,"""迫りくる壁と回転する壁の攻撃は<br>どちらも門の開いた部分を通ることでスムーズに回避することができる。"""
Dead_DpAbyss_001#0,"""【深遠なる闇】の攻撃部位には「パニック」が有効だ。<br>パニック状態にすることで、攻撃部位を怯ませることができる。"""
Dead_DpAbyss_002#0,"""【深遠なる闇】の攻撃部位を複数箇所破壊すると<br>蕾の中の弱点を露出させることができる。"""
Dead_DpAbyss_003#0,"""【深遠なる闇】は、腕や頭が弱点となっている。<br>露出した際には、隙をみて積極的に攻撃を仕掛けよう。"""
Dead_DpAbyss_004#0,"""【深遠なる闇】は、射出するビットを全て破壊することで<br>一定時間、怯ませることができる。"""
Dead_DpAbyssEx_001#0,"""【深遠なる闇】は、攻撃部位を複数箇所破壊することでビットを射出する。<br>ビットを全て破壊すると、蕾の中の弱点を露出させることができる。"""
Dead_DpAbyssEx_002#0,"""【深遠なる闇】が大技を発動する瞬間、何者かの行動により<br>大技を阻止することができる。"""
Dead_DpAbyssEx_003#0,"""【深遠なる闇】は、目玉のような部位を露出させて攻撃することがある。<br>強力だが、同時に弱点であり、破壊することで怯ませることができる。"""
Dead_DpAbyssEx_004#0,"""【深遠なる闇】は、射出するビットを全て破壊することで<br>一定時間、怯ませることができる。ビット射出時は優先して攻撃しよう。"""
Dead_PhantomTank_001#0,"""１５式戦車が砲塔から兵器を具現化させて行う攻撃の時は<br>正面装甲の弱点が露出し、ダメージを与えやすくなる。"""
Dead_PhantomTank_002#0,"""１５式戦車のミサイルポッドから撒かれた炎に触れるとダメージを受ける。<br>「バーン」が付与されることもあるので、近づかないようにしよう。"""
Dead_PhantomTank_003#0,"""１５式戦車の火炎放射攻撃中に燃料タンクを破壊することで<br>一定時間動きを止めることが出来る。"""
Dead_PhantomTank_004#0,"""１５式戦車には「フリーズ」が有効だ。<br>砲塔が凍りつき、一部の攻撃範囲を制限することができる。"""
Dead_PhantomTrainA_001#0,"""トレイン・ギドランの各頭と尻尾にあるドアを破壊すると<br>具現化攻撃時、攻撃に使用している部位の破壊箇所に弱点が現れる。"""
Dead_PhantomTrainA_002#0,"""トレイン・ギドランに状態異常「ミラージュ」を与えると<br>確率でダウンし、一定時間動かなくなる。"""
Dead_PhantomTrainA_003#0,"""トレイン・ギドランの脚にダメージを蓄積させていくことで<br>一定時間ダウンが発生し、頭のドアが攻撃し易い位置へおりてくる。"""
Dead_PhantomTrainA_004#0,"""トレイン・ギドランの頭と尻尾から繰り出される具現化攻撃には<br>攻撃後に必ず大きな隙があるので、落ち着いて回避した後に攻撃しよう。"""
Dead_PhantomTrack_001#0,"""デビルズトレーラーはコンテナからジャグラーピエロと<br>チェーンソーピエロを召喚する。邪魔される前にピエロを倒そう。"""
Dead_PhantomTrack_002#0,"""デビルズトレーラーのタイヤを破壊すると一定時間動きが止まる。<br>破壊したタイヤの数に応じて止まる時間が長くなるぞ。"""
Dead_PhantomTrack_003#0,"""デビルズトレーラーは具現化するとキャリアカーのような姿となり<br>自動車を射出する。回避してフロント部分の弱点を攻撃しよう。"""
Dead_PhantomTrack_004#0,"""デビルズトレーラーが行う横滑りの突進攻撃は<br>怒り状態になるとコンテナを具現化しながら行い、攻撃範囲が広くなる。"""
Dead_PhantomGoddess_001#0,"""ベガス・イリュージアには「ショック」が有効だ。<br>体を麻痺させて一定時間動きを止めることができるぞ。"""
Dead_PhantomGoddess_002#0,"""ベガス・イリュージアの足を破壊すると<br>一部攻撃にあわせて、破壊箇所から弱点が現れるぞ。"""
Dead_PhantomGoddess_003#0,"""怒り状態のベガス・イリュージアは松明から大量のコインを具現化してくる。<br>攻撃せず、回避に専念しよう。"""
Dead_PhantomGoddess_004#0,"""ベガス・イリュージアが大きくジャンプを行うと門の攻撃の合図だ。<br>落下地点に予兆が出るので、予兆を見て回避しよう。"""
Dead_PhantomLaplace_001#0,"""ラプラスの悪魔がワープを始めたら急接近ひっかきの合図だ。<br>ワープしてきた瞬間をよく見て、回避しよう。"""
Dead_PhantomLaplace_002#0,"""ラプラスの悪魔の連続弾攻撃は、最初に口から吐く光弾に当たると<br>「バインド」が付与される。初弾は確実に回避しよう。"""
Dead_PhantomLaplace_003#0,"""ラプラスの悪魔が展開するバリアは<br>マクスウェルの悪魔を倒した時の爆発を当てると解除ができる。"""
Dead_PhantomLaplace_004#0,"""ラプラスの悪魔が赤い目玉を具現化したらカウンター攻撃の合図だ。<br>前方に展開されるバリアには攻撃せず、回り込んで攻撃をしよう。"""
Dead_Char24_ALT_001#0,"""アラトロン・フェムトはハンマーを力の源としている。<br>ハンマーを破壊することで無敵状態が解除され、ダウンが発生する。"""
Dead_Char24_ALT_002#0,"""アラトロン・フェムトの弱点は胸部にあるコアだ。<br>最初は鎧に守られているが、破壊するとコアが露出する。"""
Dead_Char24_ALT_003#0,"""アラトロン・フェムトが両手でハンマーを大きく振りかぶったら<br>ガード不可能の強力な攻撃の合図だ。滞空して回避しよう。"""
Dead_Char24_ALT_004#0,"""アラトロン・フェムトがハンマーを地面に突き立てている間<br>ハンマーの上空には落雷が発生しない。ハンマーに乗って戦うと安全だ。"""
Dead_DPP2_001#0,"""Each arm has its own independent attack.<br>By defeating an arm, you can neutralize its attack."""
Dead_DPP2_002#0,"""By destroying each arm, you can stun<br>ESC-A Falz Mother for a period of time and attack its weak points."""
Dead_DPP2_003#0,"""You cannot attack ESC-A Fawz Mothew untiw hew awms disappeaw."""
Dead_DPP2_004#0,"""Take extra care when ESC-A Falz Mother rises to the sky. As she absorbs energy,<br>you can destroy the cubes before they converge onto the center."""
Dead_PtmBirdStacked_001#0,"""デコル・マリューズの腹部のコアを全て破壊すると頭部から弱点コアが露出する。<br>ダメージを与えやすくなるが、攻撃が強力になるので注意しよう。"""
Dead_PtmBirdStacked_002#0,"""デコル・マリューズが体を上下に開いたら捕縛攻撃の合図。<br>回避できれば大きな隙が生まれるので、回避アクションで左右に避けよう。"""
Dead_PtmBirdStacked_003#0,"""デコル・マリューズの爪を破壊することで、爪を使った攻撃の<br>攻撃範囲を狭くすることができる。"""
Dead_PtmBirdStacked_004#0,"""デコル・マリューズには「ミラージュ」が有効だ。<br>ミラージュがかかると一定時間動きを止めることができる。"""
Dead_PtmSpider_001#0,"""エスカ・ラグナスが発射するカマイタチ攻撃に当たってしまうと<br>「バインド」が付与されるため、確実に避けよう。"""
Dead_PtmSpider_002#0,"""エスカ・ラグナスは１つの脚部を破壊しただけではダウンしない。<br>全ての脚部を破壊することでダウンが発生する。"""
Dead_PtmSpider_003#0,"""エスカ・ラグナスが前足を大きくあげたら蜘蛛の巣を作る合図だ。<br>目の前に蜘蛛の巣が張られてしまうので回りこんで攻撃しよう。"""
Dead_PtmSpider_004#0,"""エスカ・ラグナスの体力が低下すると<br>発射するカマイタチや雷の数が多くなる。"""
Dead_UltDragonTransform_001#0,"""ボクス・ドゥバルスの背部クリスタルを破壊することで<br>口の弱点が露出し、ダメージが与えやすくなる。"""
Dead_UltDragonTransform_002#0,"""ボクス・ドゥバルスが怒り状態になると口からビームを発射する。<br>遠距離にいても当たるので注意しよう。"""
Dead_UltDragonTransform_003#0,"""ボクス・ドゥバルスがジェット噴射で空に飛ぶと強力なパンチの合図。<br>突進後に反転して左ストレートを行うので、回避して攻撃しよう。"""
Dead_UltDragonTransform_004#0,"""ボクス・ドゥバルスが拳を合わせると連続パンチの合図。<br>追いかけながらパンチを行うので攻撃はせず、回避に専念しよう。"""
Dead_UltDragonGladiator_001#0,"""ドラゴ・デッドリオンの頭部を破壊することで弱点が露出する。<br>弱点部位を更に攻撃することで、大きな隙が生まれる。"""
Dead_UltDragonGladiator_002#0,"""ドラゴ・デッドリオンの槍や盾には「ショック」が有効だ。<br>部位にショックが付与されると、その部位にダメージを与えやすくなる。"""
Dead_UltDragonGladiator_003#0,"""ドラゴ・デッドリオンの槍は破壊することができる。<br>破壊することで、一部の攻撃に隙が生まれるようになる。"""
Dead_UltDragonGladiator_004#0,"""ドラゴ・デッドリオンの盾を破壊することができる。<br>破壊することで、地面を叩いた後に出るものの数が少なくなる。"""
Dead_UltDragonCrystal_001#0,"""グリュゾラス・ドラゴの頭部を破壊することで弱点が露出する。<br>弱点部位を更に攻撃することで、大きな隙が生まれる。"""
Dead_UltDragonCrystal_002#0,"""グリュゾラス・ドラゴの頭や腕、翼には「ショック」が有効だ。<br>部位にショックが付与されると、その部位にダメージを与えやすくなる。"""
Dead_UltDragonCrystal_003#0,"""グリュゾラス・ドラゴの腕や翼は破壊することができる。<br>破壊することで、一部の攻撃が弱くなり戦いやすくなる。"""
Dead_UltDragonCrystal_004#0,"""グリュゾラス・ドラゴが翼を大きく広げ<br>更に翼がみえたら強力な攻撃の合図。"""
Dead_DEHm1_001#0,"""デウス・ヒューナスは怒り状態になると剣で三連攻撃を行う。<br>初撃を回避した後も油断するな。"""
Dead_DEHm1_002#0,"""デウス・ヒューナスが地面に手をかざしたら突風攻撃の合図。<br>周囲に対し連続で攻撃を行うので、注意が必要だ。"""
Dead_DEHm1_003#0,"""デウス・ヒューナスが後方に下がりつつ剣を出す動作が見えたら<br>左右へ回避しよう。正面に強力な剣圧を発生させる。"""
Dead_DEHm1_004#0,"""デウス・ヒューナスが飛び込む動作の後、剣を地面に突き刺した際には<br>追尾する木の根が発生する。ジャンプ等で滞空すれば安全に回避が可能だ。"""
Dead_DEHm2_001#0,"""デウス・アンジェスは地面から大木の一部のようなものを操り出してくる。<br>フィールドに表れる予兆に注意しつつ戦おう。"""
Dead_DEHm2_002#0,"""デウス・アンジェスが地面に手をかざしたら突風攻撃の合図。<br>攻撃範囲の足元には予兆が表れている。よく見て回避しよう。"""
Dead_DEHm2_003#0,"""デウス・アンジェスは前方に複数の斬撃を飛ばす攻撃を行う。<br>後方が比較的に安全になるので、回りこんで対処しよう。"""
Dead_DEHm2_004#0,"""デウス・アンジェスはデウス・ヒューナスの強化形態だ。<br>怒り状態のデウス・ヒューナスよりもさらに強力な攻撃を行う。"""
Dead_DE_001#0,"""デウスエスカ・ゼフィロスは龍の首のような部位を八つ有している。<br>それぞれの部位の先端は一定ダメージを与えることで破壊が可能だ。"""
Dead_DE_002#0,"""中央に座す巨大な人型部分は、自身の腕や剣で攻撃を仕掛けてくる。<br>攻撃範囲が広く強力なため、回避に専念しよう。"""
Dead_DE_003#0,"""デウスエスカ・ゼフィロスは複数の部位から同時に攻撃を仕掛けてくる。<br>攻撃の集中する場所を見極め、立ち位置に気をつけて戦おう。"""
Dead_DE_004#0,"""デウスエスカ・ゼフィロスに有効な状態異常は確認されていない。<br>それぞれの攻撃後の隙を見逃さずに、ダメージを与えよう。"""
Dead_DEB_001#0,"""デウスエスカ・グラーシアは龍の首のような部位を八つ有している。<br>それぞれの部位の先端は一定ダメージを与えることで破壊が可能だ。"""
Dead_DEB_002#0,"""中央に座す巨大な人型部分は、自身の腕や剣で攻撃を仕掛けてくる。<br>攻撃範囲が広く強力なため、回避に専念しよう。"""
Dead_DEB_003#0,"""デウスエスカ・グラーシアは複数の部位から同時に攻撃を仕掛けてくる。<br>攻撃の集中する場所を見極め、立ち位置に気をつけて戦おう。"""
Dead_DEB_004#0,"""デウスエスカ・グラーシアに有効な状態異常は確認されていない。<br>各攻撃後の隙を見逃さずにダメージを与えよう。"""
Dead_B1GolN_001#0,"""ロックゴーレムは屈強な身体を誇るが、両腕を破壊することが可能だ。<br>両腕を破壊することで、一定時間ダウンを発生させることができる。"""
Dead_B1GolN_002#0,"""ロックゴーレムは腕を部位破壊することができ、破壊に成功すると<br>一部の攻撃範囲が弱体化されることが確認されている。積極的に狙おう。"""
Dead_B1GolN_003#0,"""ロックゴーレムには「パニック」が有効だ。<br>「パニック」の付与に成功すると、一定時間動きを止めることができるぞ。"""
Dead_B1GolN_004#0,"""ロックゴーレムは、その頑丈な巨体を利用した打撃攻撃で襲いかかってくる。<br>近距離に対する攻撃が主だが、ジャンプ後のプレス攻撃には要注意だ。"""
Dead_B1GolB_001#0,"""ボンバゴーレムは屈強な身体を誇るが、両腕を破壊することが可能だ。<br>両腕を破壊することで、一定時間ダウンを発生させることができる。"""
Dead_B1GolB_002#0,"""ボンバゴーレムは腕を部位破壊することができ、破壊に成功すると<br>一部の攻撃範囲が弱体化されることが確認されている。積極的に狙おう。"""
Dead_B1GolB_003#0,"""ボンバゴーレムには「パニック」が有効だ。<br>「パニック」の付与に成功すると、一定時間動きを止めることができるぞ。"""
Dead_B1GolB_004#0,"""ボンバゴーレムは体内のエネルギーを暴走させて、自爆を行うことがある。<br>非常に威力の高い攻撃のため、予兆を確認したら素早く対応しよう。"""
Dead_B1GolH_001#0,"""レスタゴーレムは屈強な身体を誇るが、両腕を破壊することが可能だ。<br>両腕を破壊することで、一定時間ダウンを発生させることができる。"""
Dead_B1GolH_002#0,"""レスタゴーレムは腕を部位破壊することができ、破壊に成功すると<br>一部の攻撃範囲が弱体化されることが確認されている。積極的に狙おう。"""
Dead_B1GolH_003#0,"""レスタゴーレムには「パニック」が有効だ。<br>「パニック」の付与に成功すると、一定時間動きを止めることができるぞ。"""
Dead_B1GolH_004#0,"""レスタゴーレムは頻繁に周囲のエネミーを回復させてしまう。<br>高い回復力を誇るので、長期戦になれば不利になる。迅速に対処しよう。"""
Dead_FD1Dhu_001#0,"""オメガ・ヒューナルが腕を上げエネルギーを溜めたら衝撃波攻撃の合図だ。<br>ジャンプでは回避できないので、左右に移動して回避しよう。"""
Dead_FD1Dhu_002#0,"""オメガ・ヒューナルが空中に飛んだら飛び蹴りの合図だ<br>直前で回避アクションを使って回避しよう。"""
Dead_FD1Dhu_003#0,"""オメガ・ヒューナルのソードは破壊することができる。<br>ソードを使った攻撃が弱くなるので、積極的に狙ってみよう。"""
Dead_FD1Dhu_004#0,"""オメガ・ヒューナルがソードを下に構えたらソードを使った突進攻撃の合図だ。<br>突進方向をしっかり見て攻撃を回避しよう。"""
Dead_RD_001#0,"""エリュトロン・ドラゴンは固い鱗で弱点を覆い隠している。<br>爪を攻撃していくと、ドラゴンが隙を見せて弱点部位がわかるようになる。"""
Dead_RD_002#0,"""青く光る紋章を、最大チャージした「バスターディバイド」で斬りつけると<br>鱗を切り裂き、覆い隠された弱点を露出させることが出来る。"""
Dead_RD_003#0,"""エリュトロン・ドラゴンは、空中で巨大な火球を生成し始めることがある。<br>途中で破壊することに成功すれば、落下させることができ、大きな隙になる。"""
Dead_RD_004#0,"""エリュトロン・ドラゴンは力を使い果たし、攻撃に失敗することがある。<br>再び行動するまでに大きな隙が発生するので、見逃さないようにしよう。"""
Dead_RD_005#0,"""エリュトロン・ドラゴンは足や尻尾を破壊するとダウンする。<br>ダウン中は頭を攻撃するチャンスだ。"""
Dead_B2RdR_001#0,"""ドラゴン・アートルムが尻尾を大きく振りかぶったら遠くにいても身構えよう。<br>大きく移動して巨体で体当たりしてくる。"""
Dead_B2RdR_002#0,"""前足を高く持ち上げ、地面を舐めるように広がる炎を吐く攻撃は<br>範囲は広いが高さは無い。ジャンプ等で滞空して回避しよう。"""
Dead_B2RdR_003#0,"""ドラゴン・アートルムが身体を低く構えたら<br>直後に大きく回転して攻撃する。側面に向かって回避しよう。"""
Dead_B2RdR_004#0,"""上を向きながら大きく羽ばたく攻撃は、空から火球を降り注がせる。<br>予兆に注意しつつ、空からの火球を回避しよう。"""
Dead_B2RdR_005#0,"""ドラゴン・アートルムが全身に炎を纏ったら気を付けよう。<br>強力な技を使用する前兆だ。"""
Dead_BD1Dp_001#0,"""オメガファルス・ルーサーの腕を破壊すると、上腕に破壊可能部位が出現する。<br>一定時間内に上腕を破壊すると、さらにチャンスが生まれる。"""
Dead_BD1Dp_002#0,"""オメガファルス・ルーサーは攻撃中に速度を変化させる。<br>空間の色の変化に注意して回避しよう。"""
Dead_BD1Dp_003#0,"""オメガファルス・ルーサーの胸のコアは常にバリアで守られている。<br>上腕を破壊すると一定時間バリアが解除され、コアを攻撃することができる。"""
Dead_BD1Dp_004#0,"""オメガファルス・ルーサーの時間停止攻撃は移動キーの連続入力で解除できる。<br>浮いている剣を破壊し、発射位置を見極めて致命的な攻撃を回避しよう。"""
Dead_BD1Dp_005#0,"""怒り状態のオメガファルス・ルーサーは攻撃が強化されるが、<br>胸部の宝石を破壊するたびに、各攻撃を弱めることができる。"""
Dead_BD2Bhu_001#0,"""オメガ・アンゲルが上空に羽根を飛ばしたら氷柱による攻撃の合図だ。<br>高速で落ちてくる氷柱は、止まらずに移動して回避しよう。"""
Dead_BD2Bhu_002#0,"""オメガ・アンゲルが翼に光を纏ったら突進攻撃の合図だ。<br>突進で通った場所にも攻撃が来るので、突進回避後にも移動をして回避しよう。"""
Dead_BD2Bhu_003#0,"""怒り状態のオメガ・アンゲルがワープを行ったら連続レーザー攻撃の合図。<br>全てのレーザーは予兆を見て回避できるが、最後まで油断は禁物だ。"""
Dead_BD2Bhu_004#0,"""オメガ・アンゲルの弱点は体の正面の赤いコアだ。<br>出来る限り正面で攻撃を避け、隙を狙ってコアを攻撃しよう。"""
Dead_DpFishArm_Free_001#0,"""ファルス・アームの指先を破壊すると<br>一定時間ダウンするので大きな隙が生まれる。"""
Dead_DpFishArm_Free_002#0,"""Shock is extremely effective against the Falz Arms.<br>If you shock an arm, it will stop moving for a short time."""
Dead_DpFishArm_Free_003#0,"""ファルス・アームは一定時間分身することがある。<br>分身中は強力な攻撃が来るので注意しよう。"""
Dead_DpFishArm_Free_004#0,"""ファルス・アームの地面を叩き付ける攻撃は、攻撃後に隙が生まれる。<br>攻撃をしっかり回避し、反撃をしよう。"""
